"panel_id","panel_label","relative_comparison","pbp","position","amino_acid_contrast","mean_pairwise_distance_log2_mic","isolate_id","pbp_type","comparison_group","amino_acid","D1","D2"
"panel_01","1A G417D - Mean: 1.057","163_232","PBP1A",417,"G417D",1.05658561287922,"2013214720","232","comparison","G",-0.751973790073358,0.894636241944921
"panel_01","1A G417D - Mean: 1.057","163_232","PBP1A",417,"G417D",1.05658561287922,"20152893","232","comparison","G",-1.44980947126866,-1.2033645929808
"panel_01","1A G417D - Mean: 1.057","163_232","PBP1A",417,"G417D",1.05658561287922,"2011216577","232","comparison","G",-0.751973790055755,0.894636241939675
"panel_01","1A G417D - Mean: 1.057","163_232","PBP1A",417,"G417D",1.05658561287922,"20152259","232","comparison","G",-0.106702115231534,2.13601662900218
"panel_01","1A G417D - Mean: 1.057","163_232","PBP1A",417,"G417D",1.05658561287922,"20153227","232","comparison","G",-0.751973790056265,0.894636241939498
"panel_01","1A G417D - Mean: 1.057","163_232","PBP1A",417,"G417D",1.05658561287922,"20152829","232","comparison","G",-0.400589708640594,1.94264470607588
"panel_01","1A G417D - Mean: 1.057","163_232","PBP1A",417,"G417D",1.05658561287922,"20153314","232","comparison","G",-0.400589708635986,1.94264470607343
"panel_01","1A G417D - Mean: 1.057","163_232","PBP1A",417,"G417D",1.05658561287922,"20152920","232","comparison","G",-0.863956334328696,1.89228580507252
"panel_01","1A G417D - Mean: 1.057","163_232","PBP1A",417,"G417D",1.05658561287922,"20153421","232","comparison","G",-0.400589708644735,1.94264470607634
"panel_01","1A G417D - Mean: 1.057","163_232","PBP1A",417,"G417D",1.05658561287922,"20151898","232","comparison","G",-0.400589708637814,1.94264470607492
"panel_01","1A G417D - Mean: 1.057","163_232","PBP1A",417,"G417D",1.05658561287922,"20151639","232","comparison","G",-0.863956334322546,1.89228580507146
"panel_01","1A G417D - Mean: 1.057","163_232","PBP1A",417,"G417D",1.05658561287922,"20153015","232","comparison","G",-0.106702115229581,2.13601662900437
"panel_01","1A G417D - Mean: 1.057","163_232","PBP1A",417,"G417D",1.05658561287922,"2009218370","232","comparison","G",-1.61187327979202,1.78984961537648
"panel_01","1A G417D - Mean: 1.057","163_232","PBP1A",417,"G417D",1.05658561287922,"2013222065","232","comparison","G",0.391764026653088,2.03698781773557
"panel_01","1A G417D - Mean: 1.057","163_232","PBP1A",417,"G417D",1.05658561287922,"20152276","232","comparison","G",-0.86395633432415,1.89228580507324
"panel_01","1A G417D - Mean: 1.057","163_232","PBP1A",417,"G417D",1.05658561287922,"2013212860","232","comparison","G",-0.400589708642171,1.94264470607767
"panel_01","1A G417D - Mean: 1.057","163_232","PBP1A",417,"G417D",1.05658561287922,"20151899","232","comparison","G",-0.106702115231664,2.1360166290032
"panel_01","1A G417D - Mean: 1.057","163_232","PBP1A",417,"G417D",1.05658561287922,"2012213979","232","comparison","G",-0.751973790062,0.8946362419426
"panel_01","1A G417D - Mean: 1.057","163_232","PBP1A",417,"G417D",1.05658561287922,"20152665","232","comparison","G",-0.400589708654447,1.94264470607768
"panel_01","1A G417D - Mean: 1.057","163_232","PBP1A",417,"G417D",1.05658561287922,"2012215804","232","comparison","G",-0.863956334332393,1.89228580507389
"panel_01","1A G417D - Mean: 1.057","163_232","PBP1A",417,"G417D",1.05658561287922,"2012214417","232","comparison","G",-0.86395633433437,1.89228580507393
"panel_01","1A G417D - Mean: 1.057","163_232","PBP1A",417,"G417D",1.05658561287922,"20153433","232","comparison","G",0.391764026654258,2.03698781773521
"panel_01","1A G417D - Mean: 1.057","163_232","PBP1A",417,"G417D",1.05658561287922,"20152881","232","comparison","G",-0.863956334332472,1.89228580507271
"panel_01","1A G417D - Mean: 1.057","163_232","PBP1A",417,"G417D",1.05658561287922,"20152959","232","comparison","G",-0.255058137479403,0.898098660028969
"panel_01","1A G417D - Mean: 1.057","163_232","PBP1A",417,"G417D",1.05658561287922,"20154474","232","comparison","G",-0.86395633432415,1.89228580507282
"panel_01","1A G417D - Mean: 1.057","163_232","PBP1A",417,"G417D",1.05658561287922,"20154519","232","comparison","G",-0.400589708645893,1.94264470607606
"panel_01","1A G417D - Mean: 1.057","163_232","PBP1A",417,"G417D",1.05658561287922,"2013218190","232","comparison","G",-0.400589708642751,1.94264470607601
"panel_01","1A G417D - Mean: 1.057","163_232","PBP1A",417,"G417D",1.05658561287922,"2010225288","232","comparison","G",-0.400589708636473,1.94264470607366
"panel_01","1A G417D - Mean: 1.057","163_232","PBP1A",417,"G417D",1.05658561287922,"2013211370","232","comparison","G",-0.863956334329174,1.89228580507322
"panel_01","1A G417D - Mean: 1.057","163_232","PBP1A",417,"G417D",1.05658561287922,"20152911","232","comparison","G",-0.40058970864321,1.94264470607747
"panel_01","1A G417D - Mean: 1.057","163_232","PBP1A",417,"G417D",1.05658561287922,"2014201761","232","comparison","G",-0.400589708642284,1.94264470607606
"panel_01","1A G417D - Mean: 1.057","163_232","PBP1A",417,"G417D",1.05658561287922,"20153003","232","comparison","G",-0.40058970864583,1.94264470607778
"panel_01","1A G417D - Mean: 1.057","163_232","PBP1A",417,"G417D",1.05658561287922,"20153191","232","comparison","G",0.391764026653407,2.03698781773596
"panel_01","1A G417D - Mean: 1.057","163_232","PBP1A",417,"G417D",1.05658561287922,"2014201852","232","comparison","G",-0.751973790055469,0.894636241939727
"panel_01","1A G417D - Mean: 1.057","163_232","PBP1A",417,"G417D",1.05658561287922,"2010200794","232","comparison","G",-1.54804726654417,0.783496187458169
"panel_01","1A G417D - Mean: 1.057","163_232","PBP1A",417,"G417D",1.05658561287922,"2011212060","232","comparison","G",-0.25505813749746,0.898098660039203
"panel_01","1A G417D - Mean: 1.057","163_232","PBP1A",417,"G417D",1.05658561287922,"20152157","232","comparison","G",0.391764026655928,2.03698781773346
"panel_01","1A G417D - Mean: 1.057","163_232","PBP1A",417,"G417D",1.05658561287922,"20151642","232","comparison","G",0.391764026655387,2.03698781773332
"panel_01","1A G417D - Mean: 1.057","163_232","PBP1A",417,"G417D",1.05658561287922,"2013208592","232","comparison","G",0.391764026654771,2.03698781773488
"panel_01","1A G417D - Mean: 1.057","163_232","PBP1A",417,"G417D",1.05658561287922,"2013202648","232","comparison","G",-0.751973790059502,0.894636241941283
"panel_01","1A G417D - Mean: 1.057","163_232","PBP1A",417,"G417D",1.05658561287922,"8043-06","232","comparison","G",-1.37480883532684,1.97312576054835
"panel_01","1A G417D - Mean: 1.057","163_232","PBP1A",417,"G417D",1.05658561287922,"20153429","232","comparison","G",-0.400589708638333,1.94264470607548
"panel_01","1A G417D - Mean: 1.057","163_232","PBP1A",417,"G417D",1.05658561287922,"2012218141","232","comparison","G",-0.863956334323622,1.89228580507292
"panel_01","1A G417D - Mean: 1.057","163_232","PBP1A",417,"G417D",1.05658561287922,"2009208544","232","comparison","G",-1.47686725831162,-0.216871763500374
"panel_01","1A G417D - Mean: 1.057","163_232","PBP1A",417,"G417D",1.05658561287922,"2009218244","232","comparison","G",-1.61187327978791,1.78984961537623
"panel_01","1A G417D - Mean: 1.057","163_232","PBP1A",417,"G417D",1.05658561287922,"20153473","232","comparison","G",-0.86395633432637,1.89228580507392
"panel_01","1A G417D - Mean: 1.057","163_232","PBP1A",417,"G417D",1.05658561287922,"20152251","232","comparison","G",-0.863956334328964,1.89228580507317
"panel_01","1A G417D - Mean: 1.057","163_232","PBP1A",417,"G417D",1.05658561287922,"20152723","232","comparison","G",-0.400589708637491,1.94264470607515
"panel_01","1A G417D - Mean: 1.057","163_232","PBP1A",417,"G417D",1.05658561287922,"2010208312","232","comparison","G",-0.400589708643515,1.94264470607678
"panel_01","1A G417D - Mean: 1.057","163_232","PBP1A",417,"G417D",1.05658561287922,"20152277","232","comparison","G",-0.863956334328845,1.89228580507423
"panel_01","1A G417D - Mean: 1.057","163_232","PBP1A",417,"G417D",1.05658561287922,"20152666","232","comparison","G",0.391764026654084,2.0369878177352
"panel_01","1A G417D - Mean: 1.057","163_232","PBP1A",417,"G417D",1.05658561287922,"20154346","232","comparison","G",-0.863956334329468,1.8922858050745
"panel_01","1A G417D - Mean: 1.057","163_232","PBP1A",417,"G417D",1.05658561287922,"2013221999","232","comparison","G",0.39176402665346,2.03698781773408
"panel_01","1A G417D - Mean: 1.057","163_232","PBP1A",417,"G417D",1.05658561287922,"2010210038","232","comparison","G",-0.863956334324513,1.89228580507307
"panel_01","1A G417D - Mean: 1.057","163_232","PBP1A",417,"G417D",1.05658561287922,"20153528","232","comparison","G",-0.400589708640354,1.94264470607691
"panel_01","1A G417D - Mean: 1.057","163_232","PBP1A",417,"G417D",1.05658561287922,"2012214921","232","comparison","G",-0.863956334325398,1.89228580507273
"panel_01","1A G417D - Mean: 1.057","163_232","PBP1A",417,"G417D",1.05658561287922,"20153128","232","comparison","G",-0.863956334334689,1.89228580507373
"panel_01","1A G417D - Mean: 1.057","163_232","PBP1A",417,"G417D",1.05658561287922,"20152904","232","comparison","G",0.391764026648399,2.03698781773756
"panel_01","1A G417D - Mean: 1.057","163_232","PBP1A",417,"G417D",1.05658561287922,"7582-06","232","comparison","G",-0.400589708638684,1.94264470607547
"panel_01","1A G417D - Mean: 1.057","163_232","PBP1A",417,"G417D",1.05658561287922,"2013214893","163","reference","D",-1.3748088353238,1.97312576054881
"panel_01","1A G417D - Mean: 1.057","163_232","PBP1A",417,"G417D",1.05658561287922,"20153880","232","comparison","G",0.391764026653859,2.03698781773531
"panel_01","1A G417D - Mean: 1.057","163_232","PBP1A",417,"G417D",1.05658561287922,"20153892","232","comparison","G",-0.400589708644518,1.94264470607588
"panel_01","1A G417D - Mean: 1.057","163_232","PBP1A",417,"G417D",1.05658561287922,"20153900","232","comparison","G",-0.400589708644632,1.94264470607681
"panel_01","1A G417D - Mean: 1.057","163_232","PBP1A",417,"G417D",1.05658561287922,"20153914","232","comparison","G",-0.400589708637832,1.94264470607456
"panel_01","1A G417D - Mean: 1.057","163_232","PBP1A",417,"G417D",1.05658561287922,"20153926","232","comparison","G",-0.400589708650455,1.94264470607804
"panel_01","1A G417D - Mean: 1.057","163_232","PBP1A",417,"G417D",1.05658561287922,"20153931","232","comparison","G",-0.400589708642889,1.94264470607656
"panel_01","1A G417D - Mean: 1.057","163_232","PBP1A",417,"G417D",1.05658561287922,"20153950","232","comparison","G",-0.400589708636691,1.9426447060743
"panel_01","1A G417D - Mean: 1.057","163_232","PBP1A",417,"G417D",1.05658561287922,"20153968","232","comparison","G",0.391764026654866,2.0369878177348
"panel_01","1A G417D - Mean: 1.057","163_232","PBP1A",417,"G417D",1.05658561287922,"20153993","232","comparison","G",-0.106702115229517,2.13601662900189
"panel_01","1A G417D - Mean: 1.057","163_232","PBP1A",417,"G417D",1.05658561287922,"20153998","232","comparison","G",-0.863956334327924,1.89228580507347
"panel_01","1A G417D - Mean: 1.057","163_232","PBP1A",417,"G417D",1.05658561287922,"20154881","232","comparison","G",-0.400589708644044,1.94264470607705
"panel_01","1A G417D - Mean: 1.057","163_232","PBP1A",417,"G417D",1.05658561287922,"20154889","232","comparison","G",-0.863956334325656,1.89228580507287
"panel_01","1A G417D - Mean: 1.057","163_232","PBP1A",417,"G417D",1.05658561287922,"20154924","232","comparison","G",-0.400589708638136,1.94264470607525
"panel_01","1A G417D - Mean: 1.057","163_232","PBP1A",417,"G417D",1.05658561287922,"20154978","232","comparison","G",-0.751973790058134,0.894636241940864
"panel_01","1A G417D - Mean: 1.057","163_232","PBP1A",417,"G417D",1.05658561287922,"20155006","232","comparison","G",0.391764026640086,2.03698781774152
"panel_01","1A G417D - Mean: 1.057","163_232","PBP1A",417,"G417D",1.05658561287922,"20155011","232","comparison","G",-0.262123560231126,2.39594260214011
"panel_01","1A G417D - Mean: 1.057","163_232","PBP1A",417,"G417D",1.05658561287922,"20155167","232","comparison","G",-0.863956334324291,1.89228580507306
"panel_01","1A G417D - Mean: 1.057","163_232","PBP1A",417,"G417D",1.05658561287922,"20155258","232","comparison","G",-0.863956334324011,1.89228580507289
"panel_01","1A G417D - Mean: 1.057","163_232","PBP1A",417,"G417D",1.05658561287922,"20155277","232","comparison","G",-0.86395633433119,1.89228580507315
"panel_01","1A G417D - Mean: 1.057","163_232","PBP1A",417,"G417D",1.05658561287922,"20155279","232","comparison","G",0.391764026647408,2.0369878177384
"panel_01","1A G417D - Mean: 1.057","163_232","PBP1A",417,"G417D",1.05658561287922,"20155317","232","comparison","G",-0.400589708637603,1.94264470607516
"panel_01","1A G417D - Mean: 1.057","163_232","PBP1A",417,"G417D",1.05658561287922,"20155443","232","comparison","G",-0.863956334327688,1.8922858050729
"panel_01","1A G417D - Mean: 1.057","163_232","PBP1A",417,"G417D",1.05658561287922,"20155496","232","comparison","G",-0.863956334327112,1.89228580507309
"panel_01","1A G417D - Mean: 1.057","163_232","PBP1A",417,"G417D",1.05658561287922,"20155508","232","comparison","G",0.30042045220576,3.03538185662895
"panel_01","1A G417D - Mean: 1.057","163_232","PBP1A",417,"G417D",1.05658561287922,"20155524","232","comparison","G",-0.106702115227177,2.13601662900216
"panel_01","1A G417D - Mean: 1.057","163_232","PBP1A",417,"G417D",1.05658561287922,"20155531","232","comparison","G",0.39176402665299,2.03698781773513
"panel_01","1A G417D - Mean: 1.057","163_232","PBP1A",417,"G417D",1.05658561287922,"20155532","232","comparison","G",-0.863956334333252,1.89228580507346
"panel_01","1A G417D - Mean: 1.057","163_232","PBP1A",417,"G417D",1.05658561287922,"20155547","232","comparison","G",0.391764026653599,2.03698781773529
"panel_01","1A G417D - Mean: 1.057","163_232","PBP1A",417,"G417D",1.05658561287922,"20155552","232","comparison","G",-0.400589708640174,1.94264470607578
"panel_01","1A G417D - Mean: 1.057","163_232","PBP1A",417,"G417D",1.05658561287922,"20155564","232","comparison","G",0.391764026649028,2.0369878177366
"panel_01","1A G417D - Mean: 1.057","163_232","PBP1A",417,"G417D",1.05658561287922,"20155565","232","comparison","G",-0.863956334325982,1.89228580507297
"panel_01","1A G417D - Mean: 1.057","163_232","PBP1A",417,"G417D",1.05658561287922,"20155905","232","comparison","G",-0.863956334324397,1.89228580507281
"panel_01","1A G417D - Mean: 1.057","163_232","PBP1A",417,"G417D",1.05658561287922,"20155908","232","comparison","G",-1.44980947126838,-1.20336459298078
"panel_01","1A G417D - Mean: 1.057","163_232","PBP1A",417,"G417D",1.05658561287922,"20155939","232","comparison","G",-0.863956334325337,1.89228580507318
"panel_01","1A G417D - Mean: 1.057","163_232","PBP1A",417,"G417D",1.05658561287922,"20155944","232","comparison","G",-0.400589708652473,1.94264470607761
"panel_01","1A G417D - Mean: 1.057","163_232","PBP1A",417,"G417D",1.05658561287922,"20155952","232","comparison","G",0.391764026649981,2.03698781773687
"panel_01","1A G417D - Mean: 1.057","163_232","PBP1A",417,"G417D",1.05658561287922,"20155973","232","comparison","G",0.391764026645093,2.03698781773904
"panel_01","1A G417D - Mean: 1.057","163_232","PBP1A",417,"G417D",1.05658561287922,"20155990","232","comparison","G",-0.400589708638648,1.94264470607514
"panel_01","1A G417D - Mean: 1.057","163_232","PBP1A",417,"G417D",1.05658561287922,"20156304","232","comparison","G",-0.400589708638052,1.94264470607493
"panel_01","1A G417D - Mean: 1.057","163_232","PBP1A",417,"G417D",1.05658561287922,"20156564","232","comparison","G",-0.40058970863788,1.94264470607516
"panel_01","1A G417D - Mean: 1.057","163_232","PBP1A",417,"G417D",1.05658561287922,"20156575","232","comparison","G",-0.863956334323285,1.89228580507278
"panel_01","1A G417D - Mean: 1.057","163_232","PBP1A",417,"G417D",1.05658561287922,"20156585","232","comparison","G",-0.400589708639979,1.94264470607597
"panel_01","1A G417D - Mean: 1.057","163_232","PBP1A",417,"G417D",1.05658561287922,"20156674","232","comparison","G",0.391764026651954,2.0369878177356
"panel_01","1A G417D - Mean: 1.057","163_232","PBP1A",417,"G417D",1.05658561287922,"20156699","232","comparison","G",0.391764026651733,2.03698781773553
"panel_01","1A G417D - Mean: 1.057","163_232","PBP1A",417,"G417D",1.05658561287922,"20160100","232","comparison","G",0.391764026652287,2.03698781773587
"panel_01","1A G417D - Mean: 1.057","163_232","PBP1A",417,"G417D",1.05658561287922,"20160107","232","comparison","G",0.391764026653832,2.03698781773537
"panel_01","1A G417D - Mean: 1.057","163_232","PBP1A",417,"G417D",1.05658561287922,"20160234","232","comparison","G",-0.863956334327794,1.89228580507258
"panel_01","1A G417D - Mean: 1.057","163_232","PBP1A",417,"G417D",1.05658561287922,"20160281","232","comparison","G",-0.863956334325142,1.89228580507282
"panel_01","1A G417D - Mean: 1.057","163_232","PBP1A",417,"G417D",1.05658561287922,"20160297","232","comparison","G",0.391764026650963,2.03698781773684
"panel_01","1A G417D - Mean: 1.057","163_232","PBP1A",417,"G417D",1.05658561287922,"20160302","232","comparison","G",-0.751973790057342,0.89463624194064
"panel_01","1A G417D - Mean: 1.057","163_232","PBP1A",417,"G417D",1.05658561287922,"20160306","232","comparison","G",-0.863956334326967,1.89228580507313
"panel_01","1A G417D - Mean: 1.057","163_232","PBP1A",417,"G417D",1.05658561287922,"20160533","232","comparison","G",-0.863956334332454,1.89228580507313
"panel_01","1A G417D - Mean: 1.057","163_232","PBP1A",417,"G417D",1.05658561287922,"20160567","232","comparison","G",-0.106702115227708,2.13601662900188
"panel_01","1A G417D - Mean: 1.057","163_232","PBP1A",417,"G417D",1.05658561287922,"20160570","232","comparison","G",0.391764026655099,2.03698781773451
"panel_01","1A G417D - Mean: 1.057","163_232","PBP1A",417,"G417D",1.05658561287922,"20160572","232","comparison","G",0.391764026653241,2.03698781773521
"panel_01","1A G417D - Mean: 1.057","163_232","PBP1A",417,"G417D",1.05658561287922,"20160573","232","comparison","G",0.391764026652583,2.03698781773604
"panel_01","1A G417D - Mean: 1.057","163_232","PBP1A",417,"G417D",1.05658561287922,"20160584","232","comparison","G",0.391764026653226,2.03698781773518
"panel_01","1A G417D - Mean: 1.057","163_232","PBP1A",417,"G417D",1.05658561287922,"20160598","232","comparison","G",0.391764026651151,2.03698781773658
"panel_01","1A G417D - Mean: 1.057","163_232","PBP1A",417,"G417D",1.05658561287922,"20160882","232","comparison","G",-0.863956334326621,1.89228580507296
"panel_01","1A G417D - Mean: 1.057","163_232","PBP1A",417,"G417D",1.05658561287922,"20160883","232","comparison","G",-0.751973790066117,0.894636241942584
"panel_01","1A G417D - Mean: 1.057","163_232","PBP1A",417,"G417D",1.05658561287922,"20160889","232","comparison","G",-0.863956334323224,1.89228580507269
"panel_01","1A G417D - Mean: 1.057","163_232","PBP1A",417,"G417D",1.05658561287922,"20160923","232","comparison","G",-0.400589708640003,1.94264470607586
"panel_01","1A G417D - Mean: 1.057","163_232","PBP1A",417,"G417D",1.05658561287922,"20161057","232","comparison","G",-0.106702115230876,2.1360166290035
"panel_01","1A G417D - Mean: 1.057","163_232","PBP1A",417,"G417D",1.05658561287922,"20161062","232","comparison","G",0.391764026649582,2.03698781773658
"panel_01","1A G417D - Mean: 1.057","163_232","PBP1A",417,"G417D",1.05658561287922,"20161140","232","comparison","G",-0.863956334323325,1.8922858050728
"panel_01","1A G417D - Mean: 1.057","163_232","PBP1A",417,"G417D",1.05658561287922,"20161156","232","comparison","G",-0.86395633432416,1.89228580507265
"panel_01","1A G417D - Mean: 1.057","163_232","PBP1A",417,"G417D",1.05658561287922,"20161260","232","comparison","G",-0.255058137489629,0.898098660034504
"panel_01","1A G417D - Mean: 1.057","163_232","PBP1A",417,"G417D",1.05658561287922,"20161321","232","comparison","G",0.391764026650096,2.03698781773719
"panel_01","1A G417D - Mean: 1.057","163_232","PBP1A",417,"G417D",1.05658561287922,"20161325","232","comparison","G",0.391764026647014,2.03698781773803
"panel_01","1A G417D - Mean: 1.057","163_232","PBP1A",417,"G417D",1.05658561287922,"20161376","232","comparison","G",-0.400589708641593,1.94264470607576
"panel_01","1A G417D - Mean: 1.057","163_232","PBP1A",417,"G417D",1.05658561287922,"20161385","232","comparison","G",0.391764026650664,2.03698781773614
"panel_01","1A G417D - Mean: 1.057","163_232","PBP1A",417,"G417D",1.05658561287922,"20161616","232","comparison","G",-0.863956334330825,1.89228580507297
"panel_01","1A G417D - Mean: 1.057","163_232","PBP1A",417,"G417D",1.05658561287922,"20161617","232","comparison","G",0.39176402664263,2.03698781774028
"panel_01","1A G417D - Mean: 1.057","163_232","PBP1A",417,"G417D",1.05658561287922,"20161642","232","comparison","G",0.39176402665276,2.03698781773571
"panel_01","1A G417D - Mean: 1.057","163_232","PBP1A",417,"G417D",1.05658561287922,"20161673","232","comparison","G",0.391764026643953,2.03698781773903
"panel_01","1A G417D - Mean: 1.057","163_232","PBP1A",417,"G417D",1.05658561287922,"20161681","232","comparison","G",-0.196962802411825,3.09743415823732
"panel_01","1A G417D - Mean: 1.057","163_232","PBP1A",417,"G417D",1.05658561287922,"20161700","232","comparison","G",-0.400589708642483,1.94264470607598
"panel_01","1A G417D - Mean: 1.057","163_232","PBP1A",417,"G417D",1.05658561287922,"20161707","232","comparison","G",-0.400589708644505,1.94264470607638
"panel_01","1A G417D - Mean: 1.057","163_232","PBP1A",417,"G417D",1.05658561287922,"20161785","232","comparison","G",-0.106702115223926,2.13601662900071
"panel_01","1A G417D - Mean: 1.057","163_232","PBP1A",417,"G417D",1.05658561287922,"20161817","232","comparison","G",-0.863956334331088,1.8922858050729
"panel_01","1A G417D - Mean: 1.057","163_232","PBP1A",417,"G417D",1.05658561287922,"20161986","232","comparison","G",-0.863956334324118,1.89228580507283
"panel_01","1A G417D - Mean: 1.057","163_232","PBP1A",417,"G417D",1.05658561287922,"20162011","232","comparison","G",-0.863956334328065,1.89228580507318
"panel_01","1A G417D - Mean: 1.057","163_232","PBP1A",417,"G417D",1.05658561287922,"20162257","232","comparison","G",0.391764026647686,2.03698781773781
"panel_01","1A G417D - Mean: 1.057","163_232","PBP1A",417,"G417D",1.05658561287922,"20162262","232","comparison","G",-0.751973790062743,0.894636241941839
"panel_01","1A G417D - Mean: 1.057","163_232","PBP1A",417,"G417D",1.05658561287922,"20162574","232","comparison","G",-0.400589708641715,1.94264470607619
"panel_01","1A G417D - Mean: 1.057","163_232","PBP1A",417,"G417D",1.05658561287922,"20162802","232","comparison","G",-0.863956334326567,1.89228580507272
"panel_01","1A G417D - Mean: 1.057","163_232","PBP1A",417,"G417D",1.05658561287922,"20162809","232","comparison","G",-0.400589708643791,1.94264470607624
"panel_01","1A G417D - Mean: 1.057","163_232","PBP1A",417,"G417D",1.05658561287922,"20162947","232","comparison","G",0.391764026649439,2.03698781773709
"panel_01","1A G417D - Mean: 1.057","163_232","PBP1A",417,"G417D",1.05658561287922,"20163105","232","comparison","G",-0.400589708642135,1.9426447060761
"panel_02","2B G404E - Mean: 1.429","49_56","PBP2B",404,"G404E",1.42922446712163,"2012224861","56","comparison","G",8.34352513832856,4.3546603842571
"panel_02","2B G404E - Mean: 1.429","49_56","PBP2B",404,"G404E",1.42922446712163,"2013212446","56","comparison","G",6.76705445554756,5.00367069509542
"panel_02","2B G404E - Mean: 1.429","49_56","PBP2B",404,"G404E",1.42922446712163,"2009217700","56","comparison","G",8.3435251383285,4.35466038425935
"panel_02","2B G404E - Mean: 1.429","49_56","PBP2B",404,"G404E",1.42922446712163,"2013214718","56","comparison","G",8.34352513832702,4.35466038425934
"panel_02","2B G404E - Mean: 1.429","49_56","PBP2B",404,"G404E",1.42922446712163,"20154582","56","comparison","G",3.46609997035252,2.89300823389976
"panel_02","2B G404E - Mean: 1.429","49_56","PBP2B",404,"G404E",1.42922446712163,"20154350","56","comparison","G",5.77087802462017,3.93545496171595
"panel_02","2B G404E - Mean: 1.429","49_56","PBP2B",404,"G404E",1.42922446712163,"2012219141","56","comparison","G",7.7396216283022,4.74900003269962
"panel_02","2B G404E - Mean: 1.429","49_56","PBP2B",404,"G404E",1.42922446712163,"2013228260","56","comparison","G",8.34352513832586,4.35466038425846
"panel_02","2B G404E - Mean: 1.429","49_56","PBP2B",404,"G404E",1.42922446712163,"2012221327","56","comparison","G",8.34352513832638,4.35466038425972
"panel_02","2B G404E - Mean: 1.429","49_56","PBP2B",404,"G404E",1.42922446712163,"20152954","56","comparison","G",7.73962162830362,4.74900003270278
"panel_02","2B G404E - Mean: 1.429","49_56","PBP2B",404,"G404E",1.42922446712163,"20152960","56","comparison","G",7.20627350072608,4.44530953875982
"panel_02","2B G404E - Mean: 1.429","49_56","PBP2B",404,"G404E",1.42922446712163,"2013222801","56","comparison","G",6.63710624722374,4.6762183542527
"panel_02","2B G404E - Mean: 1.429","49_56","PBP2B",404,"G404E",1.42922446712163,"2013208723","56","comparison","G",6.27362546725448,5.07799229372711
"panel_02","2B G404E - Mean: 1.429","49_56","PBP2B",404,"G404E",1.42922446712163,"2012218206","56","comparison","G",8.18823384408598,5.66647671859759
"panel_02","2B G404E - Mean: 1.429","49_56","PBP2B",404,"G404E",1.42922446712163,"2012215593","56","comparison","G",7.73962162830325,4.74900003269973
"panel_02","2B G404E - Mean: 1.429","49_56","PBP2B",404,"G404E",1.42922446712163,"20153308","56","comparison","G",8.34352513832956,4.3546603842572
"panel_02","2B G404E - Mean: 1.429","49_56","PBP2B",404,"G404E",1.42922446712163,"2014201471","56","comparison","G",8.3435251383291,4.35466038425767
"panel_02","2B G404E - Mean: 1.429","49_56","PBP2B",404,"G404E",1.42922446712163,"20152651","56","comparison","G",7.73962162830129,4.74900003270134
"panel_02","2B G404E - Mean: 1.429","49_56","PBP2B",404,"G404E",1.42922446712163,"20152635","56","comparison","G",7.19433712497711,3.39211680303381
"panel_02","2B G404E - Mean: 1.429","49_56","PBP2B",404,"G404E",1.42922446712163,"20154861","56","comparison","G",8.10299312456889,4.09308684608491
"panel_02","2B G404E - Mean: 1.429","49_56","PBP2B",404,"G404E",1.42922446712163,"20152712","56","comparison","G",8.34352513832954,4.35466038425426
"panel_02","2B G404E - Mean: 1.429","49_56","PBP2B",404,"G404E",1.42922446712163,"2013224752","56","comparison","G",7.17825902775315,3.24710510735326
"panel_02","2B G404E - Mean: 1.429","49_56","PBP2B",404,"G404E",1.42922446712163,"20154575","56","comparison","G",8.34352513832805,4.35466038425769
"panel_02","2B G404E - Mean: 1.429","49_56","PBP2B",404,"G404E",1.42922446712163,"20154457","56","comparison","G",6.29685974493976,3.6634040428705
"panel_02","2B G404E - Mean: 1.429","49_56","PBP2B",404,"G404E",1.42922446712163,"2012214448","56","comparison","G",7.20627350072429,4.44530953875892
"panel_02","2B G404E - Mean: 1.429","49_56","PBP2B",404,"G404E",1.42922446712163,"2010206372","56","comparison","G",6.63723996781745,3.46487724912405
"panel_02","2B G404E - Mean: 1.429","49_56","PBP2B",404,"G404E",1.42922446712163,"20151623","56","comparison","G",7.73962162830277,4.74900003270018
"panel_02","2B G404E - Mean: 1.429","49_56","PBP2B",404,"G404E",1.42922446712163,"20152130","56","comparison","G",8.18823384408407,5.66647671859872
"panel_02","2B G404E - Mean: 1.429","49_56","PBP2B",404,"G404E",1.42922446712163,"2012215605","56","comparison","G",8.34352513832831,4.35466038426036
"panel_02","2B G404E - Mean: 1.429","49_56","PBP2B",404,"G404E",1.42922446712163,"20153478","56","comparison","G",7.73962162830353,4.74900003269952
"panel_02","2B G404E - Mean: 1.429","49_56","PBP2B",404,"G404E",1.42922446712163,"20152953","56","comparison","G",8.3435251383298,4.35466038425628
"panel_02","2B G404E - Mean: 1.429","49_56","PBP2B",404,"G404E",1.42922446712163,"2013212825","56","comparison","G",6.78069468540016,3.37105585758261
"panel_02","2B G404E - Mean: 1.429","49_56","PBP2B",404,"G404E",1.42922446712163,"20152649","56","comparison","G",7.20627350072624,4.44530953876317
"panel_02","2B G404E - Mean: 1.429","49_56","PBP2B",404,"G404E",1.42922446712163,"20153526","56","comparison","G",7.87776905643675,3.95745209009772
"panel_02","2B G404E - Mean: 1.429","49_56","PBP2B",404,"G404E",1.42922446712163,"2013206354","56","comparison","G",6.63710624722272,4.67621835425017
"panel_02","2B G404E - Mean: 1.429","49_56","PBP2B",404,"G404E",1.42922446712163,"20153206","56","comparison","G",8.34352513832611,4.35466038425887
"panel_02","2B G404E - Mean: 1.429","49_56","PBP2B",404,"G404E",1.42922446712163,"20153004","56","comparison","G",8.34352513832802,4.35466038425968
"panel_02","2B G404E - Mean: 1.429","49_56","PBP2B",404,"G404E",1.42922446712163,"2009218297","56","comparison","G",7.87776905643627,3.95745209010047
"panel_02","2B G404E - Mean: 1.429","49_56","PBP2B",404,"G404E",1.42922446712163,"20152255","56","comparison","G",8.34352513832923,4.35466038425572
"panel_02","2B G404E - Mean: 1.429","49_56","PBP2B",404,"G404E",1.42922446712163,"2012224849","56","comparison","G",7.73962162830297,4.74900003269785
"panel_02","2B G404E - Mean: 1.429","49_56","PBP2B",404,"G404E",1.42922446712163,"2013201129","56","comparison","G",7.19433712497932,3.39211680304109
"panel_02","2B G404E - Mean: 1.429","49_56","PBP2B",404,"G404E",1.42922446712163,"2013209097","56","comparison","G",7.73962162830315,4.74900003269896
"panel_02","2B G404E - Mean: 1.429","49_56","PBP2B",404,"G404E",1.42922446712163,"20152247","56","comparison","G",7.20627350072455,4.44530953875781
"panel_02","2B G404E - Mean: 1.429","49_56","PBP2B",404,"G404E",1.42922446712163,"2013216682","56","comparison","G",7.7396216283023,4.74900003269575
"panel_02","2B G404E - Mean: 1.429","49_56","PBP2B",404,"G404E",1.42922446712163,"2010220311","56","comparison","G",7.84560623712853,3.86012446632801
"panel_02","2B G404E - Mean: 1.429","49_56","PBP2B",404,"G404E",1.42922446712163,"2013202263","56","comparison","G",7.73962162830163,4.74900003269682
"panel_02","2B G404E - Mean: 1.429","49_56","PBP2B",404,"G404E",1.42922446712163,"2012221960","56","comparison","G",7.20627350072459,4.4453095387617
"panel_02","2B G404E - Mean: 1.429","49_56","PBP2B",404,"G404E",1.42922446712163,"20151895","56","comparison","G",8.48357457269791,5.48339834625431
"panel_02","2B G404E - Mean: 1.429","49_56","PBP2B",404,"G404E",1.42922446712163,"20151893","56","comparison","G",8.34352513832989,4.35466038426125
"panel_02","2B G404E - Mean: 1.429","49_56","PBP2B",404,"G404E",1.42922446712163,"2013226869","56","comparison","G",7.73962162830132,4.74900003270053
"panel_02","2B G404E - Mean: 1.429","49_56","PBP2B",404,"G404E",1.42922446712163,"2013221282","56","comparison","G",8.34352513832648,4.35466038425776
"panel_02","2B G404E - Mean: 1.429","49_56","PBP2B",404,"G404E",1.42922446712163,"20154264","56","comparison","G",7.73962162830239,4.74900003269603
"panel_02","2B G404E - Mean: 1.429","49_56","PBP2B",404,"G404E",1.42922446712163,"2013213343","56","comparison","G",7.73962162830038,4.74900003269801
"panel_02","2B G404E - Mean: 1.429","49_56","PBP2B",404,"G404E",1.42922446712163,"2012215608","56","comparison","G",7.19433712497739,3.39211680303752
"panel_02","2B G404E - Mean: 1.429","49_56","PBP2B",404,"G404E",1.42922446712163,"2013219289","56","comparison","G",8.22381896934606,4.43611566860097
"panel_02","2B G404E - Mean: 1.429","49_56","PBP2B",404,"G404E",1.42922446712163,"20153229","56","comparison","G",6.78069468539864,3.371055857588
"panel_02","2B G404E - Mean: 1.429","49_56","PBP2B",404,"G404E",1.42922446712163,"2013213707","56","comparison","G",7.07115589649512,5.16483240682024
"panel_02","2B G404E - Mean: 1.429","49_56","PBP2B",404,"G404E",1.42922446712163,"20152896","56","comparison","G",6.63710624722348,4.67621835425326
"panel_02","2B G404E - Mean: 1.429","49_56","PBP2B",404,"G404E",1.42922446712163,"20152805","56","comparison","G",8.34352513832841,4.35466038426097
"panel_02","2B G404E - Mean: 1.429","49_56","PBP2B",404,"G404E",1.42922446712163,"20153245","56","comparison","G",6.78069468539638,3.37105585758646
"panel_02","2B G404E - Mean: 1.429","49_56","PBP2B",404,"G404E",1.42922446712163,"20153901","56","comparison","G",7.20627350072585,4.44530953876086
"panel_02","2B G404E - Mean: 1.429","49_56","PBP2B",404,"G404E",1.42922446712163,"20153902","56","comparison","G",7.20627350072394,4.44530953876043
"panel_02","2B G404E - Mean: 1.429","49_56","PBP2B",404,"G404E",1.42922446712163,"20153937","56","comparison","G",8.34352513832782,4.35466038425435
"panel_02","2B G404E - Mean: 1.429","49_56","PBP2B",404,"G404E",1.42922446712163,"20153945","56","comparison","G",7.20627350072331,4.44530953876166
"panel_02","2B G404E - Mean: 1.429","49_56","PBP2B",404,"G404E",1.42922446712163,"20153974","56","comparison","G",8.34352513832657,4.35466038425807
"panel_02","2B G404E - Mean: 1.429","49_56","PBP2B",404,"G404E",1.42922446712163,"20154698","56","comparison","G",7.73962162830216,4.7490000327001
"panel_02","2B G404E - Mean: 1.429","49_56","PBP2B",404,"G404E",1.42922446712163,"20154709","56","comparison","G",8.34352513832835,4.35466038425735
"panel_02","2B G404E - Mean: 1.429","49_56","PBP2B",404,"G404E",1.42922446712163,"20154740","56","comparison","G",7.20627350072551,4.44530953875743
"panel_02","2B G404E - Mean: 1.429","49_56","PBP2B",404,"G404E",1.42922446712163,"20154762","56","comparison","G",7.73962162830257,4.74900003270085
"panel_02","2B G404E - Mean: 1.429","49_56","PBP2B",404,"G404E",1.42922446712163,"20154764","56","comparison","G",7.73962162830257,4.74900003270097
"panel_02","2B G404E - Mean: 1.429","49_56","PBP2B",404,"G404E",1.42922446712163,"20154871","56","comparison","G",7.20627350072404,4.44530953875694
"panel_02","2B G404E - Mean: 1.429","49_56","PBP2B",404,"G404E",1.42922446712163,"20154894","56","comparison","G",8.34352513832944,4.35466038425936
"panel_02","2B G404E - Mean: 1.429","49_56","PBP2B",404,"G404E",1.42922446712163,"20154898","56","comparison","G",7.73962162830274,4.74900003269661
"panel_02","2B G404E - Mean: 1.429","49_56","PBP2B",404,"G404E",1.42922446712163,"20154904","56","comparison","G",7.20627350072512,4.44530953876167
"panel_02","2B G404E - Mean: 1.429","49_56","PBP2B",404,"G404E",1.42922446712163,"20154923","56","comparison","G",7.73962162830398,4.74900003269894
"panel_02","2B G404E - Mean: 1.429","49_56","PBP2B",404,"G404E",1.42922446712163,"20154941","56","comparison","G",7.20627350072531,4.44530953875979
"panel_02","2B G404E - Mean: 1.429","49_56","PBP2B",404,"G404E",1.42922446712163,"20154985","56","comparison","G",6.78069468539804,3.37105585758731
"panel_02","2B G404E - Mean: 1.429","49_56","PBP2B",404,"G404E",1.42922446712163,"20155252","56","comparison","G",7.20627350072511,4.44530953876231
"panel_02","2B G404E - Mean: 1.429","49_56","PBP2B",404,"G404E",1.42922446712163,"20155285","56","comparison","G",7.20627350072535,4.44530953876076
"panel_02","2B G404E - Mean: 1.429","49_56","PBP2B",404,"G404E",1.42922446712163,"20155301","56","comparison","G",7.73962162830054,4.74900003270211
"panel_02","2B G404E - Mean: 1.429","49_56","PBP2B",404,"G404E",1.42922446712163,"20155341","56","comparison","G",8.34352513832833,4.35466038425852
"panel_02","2B G404E - Mean: 1.429","49_56","PBP2B",404,"G404E",1.42922446712163,"20155424","56","comparison","G",7.73962162830298,4.74900003269976
"panel_02","2B G404E - Mean: 1.429","49_56","PBP2B",404,"G404E",1.42922446712163,"20155436","56","comparison","G",7.20627350072503,4.44530953876026
"panel_02","2B G404E - Mean: 1.429","49_56","PBP2B",404,"G404E",1.42922446712163,"20155454","56","comparison","G",0.68943539096173,0.782171695754266
"panel_02","2B G404E - Mean: 1.429","49_56","PBP2B",404,"G404E",1.42922446712163,"20155483","56","comparison","G",6.27362546725532,5.07799229372611
"panel_02","2B G404E - Mean: 1.429","49_56","PBP2B",404,"G404E",1.42922446712163,"20155510","56","comparison","G",6.63723996781771,3.46487724912195
"panel_02","2B G404E - Mean: 1.429","49_56","PBP2B",404,"G404E",1.42922446712163,"20155511","56","comparison","G",6.63723996781999,3.46487724911918
"panel_02","2B G404E - Mean: 1.429","49_56","PBP2B",404,"G404E",1.42922446712163,"20155530","56","comparison","G",8.34352513832886,4.35466038425996
"panel_02","2B G404E - Mean: 1.429","49_56","PBP2B",404,"G404E",1.42922446712163,"20155537","56","comparison","G",6.63710624722273,4.67621835425331
"panel_02","2B G404E - Mean: 1.429","49_56","PBP2B",404,"G404E",1.42922446712163,"20155901","56","comparison","G",6.78069468540025,3.37105585758698
"panel_02","2B G404E - Mean: 1.429","49_56","PBP2B",404,"G404E",1.42922446712163,"20155922","56","comparison","G",7.20627350072595,4.44530953876013
"panel_02","2B G404E - Mean: 1.429","49_56","PBP2B",404,"G404E",1.42922446712163,"20155951","56","comparison","G",7.73962162830112,4.7490000327002
"panel_02","2B G404E - Mean: 1.429","49_56","PBP2B",404,"G404E",1.42922446712163,"20156078","56","comparison","G",7.20627350072402,4.44530953875862
"panel_02","2B G404E - Mean: 1.429","49_56","PBP2B",404,"G404E",1.42922446712163,"20156298","56","comparison","G",8.18823384408675,5.66647671860076
"panel_02","2B G404E - Mean: 1.429","49_56","PBP2B",404,"G404E",1.42922446712163,"20156301","56","comparison","G",6.63710624722401,4.67621835425061
"panel_02","2B G404E - Mean: 1.429","49_56","PBP2B",404,"G404E",1.42922446712163,"20156540","56","comparison","G",6.6371062472208,4.67621835425393
"panel_02","2B G404E - Mean: 1.429","49_56","PBP2B",404,"G404E",1.42922446712163,"20156581","56","comparison","G",6.63710624722303,4.67621835425225
"panel_02","2B G404E - Mean: 1.429","49_56","PBP2B",404,"G404E",1.42922446712163,"20156649","56","comparison","G",6.63710624722256,4.67621835425162
"panel_02","2B G404E - Mean: 1.429","49_56","PBP2B",404,"G404E",1.42922446712163,"20156659","56","comparison","G",6.29192209513901,3.63051203134944
"panel_02","2B G404E - Mean: 1.429","49_56","PBP2B",404,"G404E",1.42922446712163,"20156666","56","comparison","G",7.2062735007249,4.44530953875828
"panel_02","2B G404E - Mean: 1.429","49_56","PBP2B",404,"G404E",1.42922446712163,"20156670","56","comparison","G",8.34352513832704,4.35466038425997
"panel_02","2B G404E - Mean: 1.429","49_56","PBP2B",404,"G404E",1.42922446712163,"20156677","56","comparison","G",7.73962162830261,4.74900003270087
"panel_02","2B G404E - Mean: 1.429","49_56","PBP2B",404,"G404E",1.42922446712163,"20156678","56","comparison","G",7.38762470792661,2.98231361130299
"panel_02","2B G404E - Mean: 1.429","49_56","PBP2B",404,"G404E",1.42922446712163,"20156689","56","comparison","G",5.50717455799032,3.63388403605044
"panel_02","2B G404E - Mean: 1.429","49_56","PBP2B",404,"G404E",1.42922446712163,"20156933","56","comparison","G",7.20627350072485,4.4453095387614
"panel_02","2B G404E - Mean: 1.429","49_56","PBP2B",404,"G404E",1.42922446712163,"20156936","56","comparison","G",7.73962162830365,4.74900003270111
"panel_02","2B G404E - Mean: 1.429","49_56","PBP2B",404,"G404E",1.42922446712163,"20160273","56","comparison","G",6.09788852227297,5.48718212839731
"panel_02","2B G404E - Mean: 1.429","49_56","PBP2B",404,"G404E",1.42922446712163,"20160308","56","comparison","G",8.34352513832748,4.35466038425998
"panel_02","2B G404E - Mean: 1.429","49_56","PBP2B",404,"G404E",1.42922446712163,"20160528","56","comparison","G",7.20627350072485,4.44530953875779
"panel_02","2B G404E - Mean: 1.429","49_56","PBP2B",404,"G404E",1.42922446712163,"20160534","56","comparison","G",6.07988207170932,3.24014556756386
"panel_02","2B G404E - Mean: 1.429","49_56","PBP2B",404,"G404E",1.42922446712163,"20160559","56","comparison","G",7.20627350072464,4.4453095387625
"panel_02","2B G404E - Mean: 1.429","49_56","PBP2B",404,"G404E",1.42922446712163,"20160571","56","comparison","G",5.29997364677003,3.50337122320775
"panel_02","2B G404E - Mean: 1.429","49_56","PBP2B",404,"G404E",1.42922446712163,"20160578","56","comparison","G",6.63710624722311,4.67621835425289
"panel_02","2B G404E - Mean: 1.429","49_56","PBP2B",404,"G404E",1.42922446712163,"20160586","56","comparison","G",7.20627350072566,4.44530953876026
"panel_02","2B G404E - Mean: 1.429","49_56","PBP2B",404,"G404E",1.42922446712163,"20160886","56","comparison","G",6.63710624722266,4.67621835425082
"panel_02","2B G404E - Mean: 1.429","49_56","PBP2B",404,"G404E",1.42922446712163,"20160906","56","comparison","G",6.78069468539929,3.37105585758528
"panel_02","2B G404E - Mean: 1.429","49_56","PBP2B",404,"G404E",1.42922446712163,"20160914","56","comparison","G",8.34352513832929,4.35466038425596
"panel_02","2B G404E - Mean: 1.429","49_56","PBP2B",404,"G404E",1.42922446712163,"20161250","56","comparison","G",7.7396216283024,4.7490000326982
"panel_02","2B G404E - Mean: 1.429","49_56","PBP2B",404,"G404E",1.42922446712163,"20161257","56","comparison","G",8.34352513832755,4.35466038425713
"panel_02","2B G404E - Mean: 1.429","49_56","PBP2B",404,"G404E",1.42922446712163,"20161304","56","comparison","G",7.73962162830255,4.74900003270027
"panel_02","2B G404E - Mean: 1.429","49_56","PBP2B",404,"G404E",1.42922446712163,"20161312","56","comparison","G",7.20627350072505,4.44530953876215
"panel_02","2B G404E - Mean: 1.429","49_56","PBP2B",404,"G404E",1.42922446712163,"20161318","56","comparison","G",-0.486945071313815,-1.21771180143907
"panel_02","2B G404E - Mean: 1.429","49_56","PBP2B",404,"G404E",1.42922446712163,"20161390","56","comparison","G",8.34352513832691,4.35466038425847
"panel_02","2B G404E - Mean: 1.429","49_56","PBP2B",404,"G404E",1.42922446712163,"20161402","56","comparison","G",8.18823384408666,5.66647671860025
"panel_02","2B G404E - Mean: 1.429","49_56","PBP2B",404,"G404E",1.42922446712163,"20161619","56","comparison","G",7.73962162830068,4.74900003270115
"panel_02","2B G404E - Mean: 1.429","49_56","PBP2B",404,"G404E",1.42922446712163,"20161621","56","comparison","G",7.59007932457397,6.23223590874231
"panel_02","2B G404E - Mean: 1.429","49_56","PBP2B",404,"G404E",1.42922446712163,"20161622","56","comparison","G",7.20627350072497,4.4453095387618
"panel_02","2B G404E - Mean: 1.429","49_56","PBP2B",404,"G404E",1.42922446712163,"20161627","56","comparison","G",7.48719489799379,6.12319991883864
"panel_02","2B G404E - Mean: 1.429","49_56","PBP2B",404,"G404E",1.42922446712163,"20161631","49","reference","E",8.34352513832807,4.3546603842582
"panel_02","2B G404E - Mean: 1.429","49_56","PBP2B",404,"G404E",1.42922446712163,"20161669","56","comparison","G",6.63723996781859,3.46487724912167
"panel_02","2B G404E - Mean: 1.429","49_56","PBP2B",404,"G404E",1.42922446712163,"20161674","56","comparison","G",7.19433712497711,3.39211680304303
"panel_02","2B G404E - Mean: 1.429","49_56","PBP2B",404,"G404E",1.42922446712163,"20161697","56","comparison","G",6.63710624722282,4.67621835425222
"panel_02","2B G404E - Mean: 1.429","49_56","PBP2B",404,"G404E",1.42922446712163,"20161772","56","comparison","G",7.20627350072534,4.44530953876038
"panel_02","2B G404E - Mean: 1.429","49_56","PBP2B",404,"G404E",1.42922446712163,"20161796","56","comparison","G",7.7396216283024,4.74900003270152
"panel_02","2B G404E - Mean: 1.429","49_56","PBP2B",404,"G404E",1.42922446712163,"20161806","56","comparison","G",8.34352513832866,4.35466038425645
"panel_02","2B G404E - Mean: 1.429","49_56","PBP2B",404,"G404E",1.42922446712163,"20162014","56","comparison","G",3.311166395733,1.559055323564
"panel_02","2B G404E - Mean: 1.429","49_56","PBP2B",404,"G404E",1.42922446712163,"20162335","56","comparison","G",7.20627350072578,4.44530953876141
"panel_02","2B G404E - Mean: 1.429","49_56","PBP2B",404,"G404E",1.42922446712163,"20162573","56","comparison","G",7.20627350072589,4.44530953875923
"panel_02","2B G404E - Mean: 1.429","49_56","PBP2B",404,"G404E",1.42922446712163,"20163113","56","comparison","G",7.73962162830315,4.74900003269983
"panel_03","2B A446T - Mean: 1.376","178_187","PBP2B",446,"A446T",1.37616710463827,"20156673","178","reference","A",-0.673427564085136,-0.0671132853535562
"panel_03","2B A446T - Mean: 1.376","178_187","PBP2B",446,"A446T",1.37616710463827,"20162016","187","comparison","T",-1.44980947126931,-1.20336459298121
"panel_04","2B D483G - Mean: 1.518","50_56","PBP2B",483,"D483G",1.51799513332874,"2013218743","50","reference","D",6.6320426801741,5.20017954040892
"panel_04","2B D483G - Mean: 1.518","50_56","PBP2B",483,"D483G",1.51799513332874,"2012224861","56","comparison","G",8.34352513832856,4.3546603842571
"panel_04","2B D483G - Mean: 1.518","50_56","PBP2B",483,"D483G",1.51799513332874,"2013212446","56","comparison","G",6.76705445554756,5.00367069509542
"panel_04","2B D483G - Mean: 1.518","50_56","PBP2B",483,"D483G",1.51799513332874,"2009217700","56","comparison","G",8.3435251383285,4.35466038425935
"panel_04","2B D483G - Mean: 1.518","50_56","PBP2B",483,"D483G",1.51799513332874,"2013214718","56","comparison","G",8.34352513832702,4.35466038425934
"panel_04","2B D483G - Mean: 1.518","50_56","PBP2B",483,"D483G",1.51799513332874,"20154582","56","comparison","G",3.46609997035252,2.89300823389976
"panel_04","2B D483G - Mean: 1.518","50_56","PBP2B",483,"D483G",1.51799513332874,"20154350","56","comparison","G",5.77087802462017,3.93545496171595
"panel_04","2B D483G - Mean: 1.518","50_56","PBP2B",483,"D483G",1.51799513332874,"2012219141","56","comparison","G",7.7396216283022,4.74900003269962
"panel_04","2B D483G - Mean: 1.518","50_56","PBP2B",483,"D483G",1.51799513332874,"2013228260","56","comparison","G",8.34352513832586,4.35466038425846
"panel_04","2B D483G - Mean: 1.518","50_56","PBP2B",483,"D483G",1.51799513332874,"2012221327","56","comparison","G",8.34352513832638,4.35466038425972
"panel_04","2B D483G - Mean: 1.518","50_56","PBP2B",483,"D483G",1.51799513332874,"20152954","56","comparison","G",7.73962162830362,4.74900003270278
"panel_04","2B D483G - Mean: 1.518","50_56","PBP2B",483,"D483G",1.51799513332874,"20152960","56","comparison","G",7.20627350072608,4.44530953875982
"panel_04","2B D483G - Mean: 1.518","50_56","PBP2B",483,"D483G",1.51799513332874,"2013222801","56","comparison","G",6.63710624722374,4.6762183542527
"panel_04","2B D483G - Mean: 1.518","50_56","PBP2B",483,"D483G",1.51799513332874,"2013208723","56","comparison","G",6.27362546725448,5.07799229372711
"panel_04","2B D483G - Mean: 1.518","50_56","PBP2B",483,"D483G",1.51799513332874,"2012218206","56","comparison","G",8.18823384408598,5.66647671859759
"panel_04","2B D483G - Mean: 1.518","50_56","PBP2B",483,"D483G",1.51799513332874,"2012215593","56","comparison","G",7.73962162830325,4.74900003269973
"panel_04","2B D483G - Mean: 1.518","50_56","PBP2B",483,"D483G",1.51799513332874,"20153308","56","comparison","G",8.34352513832956,4.3546603842572
"panel_04","2B D483G - Mean: 1.518","50_56","PBP2B",483,"D483G",1.51799513332874,"2014201471","56","comparison","G",8.3435251383291,4.35466038425767
"panel_04","2B D483G - Mean: 1.518","50_56","PBP2B",483,"D483G",1.51799513332874,"20152651","56","comparison","G",7.73962162830129,4.74900003270134
"panel_04","2B D483G - Mean: 1.518","50_56","PBP2B",483,"D483G",1.51799513332874,"20152635","56","comparison","G",7.19433712497711,3.39211680303381
"panel_04","2B D483G - Mean: 1.518","50_56","PBP2B",483,"D483G",1.51799513332874,"20154861","56","comparison","G",8.10299312456889,4.09308684608491
"panel_04","2B D483G - Mean: 1.518","50_56","PBP2B",483,"D483G",1.51799513332874,"20152712","56","comparison","G",8.34352513832954,4.35466038425426
"panel_04","2B D483G - Mean: 1.518","50_56","PBP2B",483,"D483G",1.51799513332874,"2013224752","56","comparison","G",7.17825902775315,3.24710510735326
"panel_04","2B D483G - Mean: 1.518","50_56","PBP2B",483,"D483G",1.51799513332874,"20154575","56","comparison","G",8.34352513832805,4.35466038425769
"panel_04","2B D483G - Mean: 1.518","50_56","PBP2B",483,"D483G",1.51799513332874,"20154457","56","comparison","G",6.29685974493976,3.6634040428705
"panel_04","2B D483G - Mean: 1.518","50_56","PBP2B",483,"D483G",1.51799513332874,"2012214448","56","comparison","G",7.20627350072429,4.44530953875892
"panel_04","2B D483G - Mean: 1.518","50_56","PBP2B",483,"D483G",1.51799513332874,"2010206372","56","comparison","G",6.63723996781745,3.46487724912405
"panel_04","2B D483G - Mean: 1.518","50_56","PBP2B",483,"D483G",1.51799513332874,"20151623","56","comparison","G",7.73962162830277,4.74900003270018
"panel_04","2B D483G - Mean: 1.518","50_56","PBP2B",483,"D483G",1.51799513332874,"20152130","56","comparison","G",8.18823384408407,5.66647671859872
"panel_04","2B D483G - Mean: 1.518","50_56","PBP2B",483,"D483G",1.51799513332874,"2012215605","56","comparison","G",8.34352513832831,4.35466038426036
"panel_04","2B D483G - Mean: 1.518","50_56","PBP2B",483,"D483G",1.51799513332874,"20153478","56","comparison","G",7.73962162830353,4.74900003269952
"panel_04","2B D483G - Mean: 1.518","50_56","PBP2B",483,"D483G",1.51799513332874,"20152953","56","comparison","G",8.3435251383298,4.35466038425628
"panel_04","2B D483G - Mean: 1.518","50_56","PBP2B",483,"D483G",1.51799513332874,"2013212825","56","comparison","G",6.78069468540016,3.37105585758261
"panel_04","2B D483G - Mean: 1.518","50_56","PBP2B",483,"D483G",1.51799513332874,"20152649","56","comparison","G",7.20627350072624,4.44530953876317
"panel_04","2B D483G - Mean: 1.518","50_56","PBP2B",483,"D483G",1.51799513332874,"20153526","56","comparison","G",7.87776905643675,3.95745209009772
"panel_04","2B D483G - Mean: 1.518","50_56","PBP2B",483,"D483G",1.51799513332874,"2013206354","56","comparison","G",6.63710624722272,4.67621835425017
"panel_04","2B D483G - Mean: 1.518","50_56","PBP2B",483,"D483G",1.51799513332874,"20153206","56","comparison","G",8.34352513832611,4.35466038425887
"panel_04","2B D483G - Mean: 1.518","50_56","PBP2B",483,"D483G",1.51799513332874,"20153004","56","comparison","G",8.34352513832802,4.35466038425968
"panel_04","2B D483G - Mean: 1.518","50_56","PBP2B",483,"D483G",1.51799513332874,"2009218297","56","comparison","G",7.87776905643627,3.95745209010047
"panel_04","2B D483G - Mean: 1.518","50_56","PBP2B",483,"D483G",1.51799513332874,"20152255","56","comparison","G",8.34352513832923,4.35466038425572
"panel_04","2B D483G - Mean: 1.518","50_56","PBP2B",483,"D483G",1.51799513332874,"2012224849","56","comparison","G",7.73962162830297,4.74900003269785
"panel_04","2B D483G - Mean: 1.518","50_56","PBP2B",483,"D483G",1.51799513332874,"2013201129","56","comparison","G",7.19433712497932,3.39211680304109
"panel_04","2B D483G - Mean: 1.518","50_56","PBP2B",483,"D483G",1.51799513332874,"2013209097","56","comparison","G",7.73962162830315,4.74900003269896
"panel_04","2B D483G - Mean: 1.518","50_56","PBP2B",483,"D483G",1.51799513332874,"20152247","56","comparison","G",7.20627350072455,4.44530953875781
"panel_04","2B D483G - Mean: 1.518","50_56","PBP2B",483,"D483G",1.51799513332874,"2013216682","56","comparison","G",7.7396216283023,4.74900003269575
"panel_04","2B D483G - Mean: 1.518","50_56","PBP2B",483,"D483G",1.51799513332874,"2010220311","56","comparison","G",7.84560623712853,3.86012446632801
"panel_04","2B D483G - Mean: 1.518","50_56","PBP2B",483,"D483G",1.51799513332874,"2013202263","56","comparison","G",7.73962162830163,4.74900003269682
"panel_04","2B D483G - Mean: 1.518","50_56","PBP2B",483,"D483G",1.51799513332874,"2012221960","56","comparison","G",7.20627350072459,4.4453095387617
"panel_04","2B D483G - Mean: 1.518","50_56","PBP2B",483,"D483G",1.51799513332874,"20151895","56","comparison","G",8.48357457269791,5.48339834625431
"panel_04","2B D483G - Mean: 1.518","50_56","PBP2B",483,"D483G",1.51799513332874,"20151893","56","comparison","G",8.34352513832989,4.35466038426125
"panel_04","2B D483G - Mean: 1.518","50_56","PBP2B",483,"D483G",1.51799513332874,"2013226869","56","comparison","G",7.73962162830132,4.74900003270053
"panel_04","2B D483G - Mean: 1.518","50_56","PBP2B",483,"D483G",1.51799513332874,"2013221282","56","comparison","G",8.34352513832648,4.35466038425776
"panel_04","2B D483G - Mean: 1.518","50_56","PBP2B",483,"D483G",1.51799513332874,"20154264","56","comparison","G",7.73962162830239,4.74900003269603
"panel_04","2B D483G - Mean: 1.518","50_56","PBP2B",483,"D483G",1.51799513332874,"2013213343","56","comparison","G",7.73962162830038,4.74900003269801
"panel_04","2B D483G - Mean: 1.518","50_56","PBP2B",483,"D483G",1.51799513332874,"2012215608","56","comparison","G",7.19433712497739,3.39211680303752
"panel_04","2B D483G - Mean: 1.518","50_56","PBP2B",483,"D483G",1.51799513332874,"2013219289","56","comparison","G",8.22381896934606,4.43611566860097
"panel_04","2B D483G - Mean: 1.518","50_56","PBP2B",483,"D483G",1.51799513332874,"20153229","56","comparison","G",6.78069468539864,3.371055857588
"panel_04","2B D483G - Mean: 1.518","50_56","PBP2B",483,"D483G",1.51799513332874,"2013213707","56","comparison","G",7.07115589649512,5.16483240682024
"panel_04","2B D483G - Mean: 1.518","50_56","PBP2B",483,"D483G",1.51799513332874,"20152896","56","comparison","G",6.63710624722348,4.67621835425326
"panel_04","2B D483G - Mean: 1.518","50_56","PBP2B",483,"D483G",1.51799513332874,"20152805","56","comparison","G",8.34352513832841,4.35466038426097
"panel_04","2B D483G - Mean: 1.518","50_56","PBP2B",483,"D483G",1.51799513332874,"20153245","56","comparison","G",6.78069468539638,3.37105585758646
"panel_04","2B D483G - Mean: 1.518","50_56","PBP2B",483,"D483G",1.51799513332874,"20153901","56","comparison","G",7.20627350072585,4.44530953876086
"panel_04","2B D483G - Mean: 1.518","50_56","PBP2B",483,"D483G",1.51799513332874,"20153902","56","comparison","G",7.20627350072394,4.44530953876043
"panel_04","2B D483G - Mean: 1.518","50_56","PBP2B",483,"D483G",1.51799513332874,"20153937","56","comparison","G",8.34352513832782,4.35466038425435
"panel_04","2B D483G - Mean: 1.518","50_56","PBP2B",483,"D483G",1.51799513332874,"20153945","56","comparison","G",7.20627350072331,4.44530953876166
"panel_04","2B D483G - Mean: 1.518","50_56","PBP2B",483,"D483G",1.51799513332874,"20153974","56","comparison","G",8.34352513832657,4.35466038425807
"panel_04","2B D483G - Mean: 1.518","50_56","PBP2B",483,"D483G",1.51799513332874,"20154698","56","comparison","G",7.73962162830216,4.7490000327001
"panel_04","2B D483G - Mean: 1.518","50_56","PBP2B",483,"D483G",1.51799513332874,"20154709","56","comparison","G",8.34352513832835,4.35466038425735
"panel_04","2B D483G - Mean: 1.518","50_56","PBP2B",483,"D483G",1.51799513332874,"20154740","56","comparison","G",7.20627350072551,4.44530953875743
"panel_04","2B D483G - Mean: 1.518","50_56","PBP2B",483,"D483G",1.51799513332874,"20154762","56","comparison","G",7.73962162830257,4.74900003270085
"panel_04","2B D483G - Mean: 1.518","50_56","PBP2B",483,"D483G",1.51799513332874,"20154764","56","comparison","G",7.73962162830257,4.74900003270097
"panel_04","2B D483G - Mean: 1.518","50_56","PBP2B",483,"D483G",1.51799513332874,"20154871","56","comparison","G",7.20627350072404,4.44530953875694
"panel_04","2B D483G - Mean: 1.518","50_56","PBP2B",483,"D483G",1.51799513332874,"20154894","56","comparison","G",8.34352513832944,4.35466038425936
"panel_04","2B D483G - Mean: 1.518","50_56","PBP2B",483,"D483G",1.51799513332874,"20154898","56","comparison","G",7.73962162830274,4.74900003269661
"panel_04","2B D483G - Mean: 1.518","50_56","PBP2B",483,"D483G",1.51799513332874,"20154904","56","comparison","G",7.20627350072512,4.44530953876167
"panel_04","2B D483G - Mean: 1.518","50_56","PBP2B",483,"D483G",1.51799513332874,"20154923","56","comparison","G",7.73962162830398,4.74900003269894
"panel_04","2B D483G - Mean: 1.518","50_56","PBP2B",483,"D483G",1.51799513332874,"20154941","56","comparison","G",7.20627350072531,4.44530953875979
"panel_04","2B D483G - Mean: 1.518","50_56","PBP2B",483,"D483G",1.51799513332874,"20154985","56","comparison","G",6.78069468539804,3.37105585758731
"panel_04","2B D483G - Mean: 1.518","50_56","PBP2B",483,"D483G",1.51799513332874,"20155252","56","comparison","G",7.20627350072511,4.44530953876231
"panel_04","2B D483G - Mean: 1.518","50_56","PBP2B",483,"D483G",1.51799513332874,"20155285","56","comparison","G",7.20627350072535,4.44530953876076
"panel_04","2B D483G - Mean: 1.518","50_56","PBP2B",483,"D483G",1.51799513332874,"20155301","56","comparison","G",7.73962162830054,4.74900003270211
"panel_04","2B D483G - Mean: 1.518","50_56","PBP2B",483,"D483G",1.51799513332874,"20155341","56","comparison","G",8.34352513832833,4.35466038425852
"panel_04","2B D483G - Mean: 1.518","50_56","PBP2B",483,"D483G",1.51799513332874,"20155424","56","comparison","G",7.73962162830298,4.74900003269976
"panel_04","2B D483G - Mean: 1.518","50_56","PBP2B",483,"D483G",1.51799513332874,"20155436","56","comparison","G",7.20627350072503,4.44530953876026
"panel_04","2B D483G - Mean: 1.518","50_56","PBP2B",483,"D483G",1.51799513332874,"20155454","56","comparison","G",0.68943539096173,0.782171695754266
"panel_04","2B D483G - Mean: 1.518","50_56","PBP2B",483,"D483G",1.51799513332874,"20155483","56","comparison","G",6.27362546725532,5.07799229372611
"panel_04","2B D483G - Mean: 1.518","50_56","PBP2B",483,"D483G",1.51799513332874,"20155510","56","comparison","G",6.63723996781771,3.46487724912195
"panel_04","2B D483G - Mean: 1.518","50_56","PBP2B",483,"D483G",1.51799513332874,"20155511","56","comparison","G",6.63723996781999,3.46487724911918
"panel_04","2B D483G - Mean: 1.518","50_56","PBP2B",483,"D483G",1.51799513332874,"20155530","56","comparison","G",8.34352513832886,4.35466038425996
"panel_04","2B D483G - Mean: 1.518","50_56","PBP2B",483,"D483G",1.51799513332874,"20155537","56","comparison","G",6.63710624722273,4.67621835425331
"panel_04","2B D483G - Mean: 1.518","50_56","PBP2B",483,"D483G",1.51799513332874,"20155901","56","comparison","G",6.78069468540025,3.37105585758698
"panel_04","2B D483G - Mean: 1.518","50_56","PBP2B",483,"D483G",1.51799513332874,"20155922","56","comparison","G",7.20627350072595,4.44530953876013
"panel_04","2B D483G - Mean: 1.518","50_56","PBP2B",483,"D483G",1.51799513332874,"20155951","56","comparison","G",7.73962162830112,4.7490000327002
"panel_04","2B D483G - Mean: 1.518","50_56","PBP2B",483,"D483G",1.51799513332874,"20156078","56","comparison","G",7.20627350072402,4.44530953875862
"panel_04","2B D483G - Mean: 1.518","50_56","PBP2B",483,"D483G",1.51799513332874,"20156298","56","comparison","G",8.18823384408675,5.66647671860076
"panel_04","2B D483G - Mean: 1.518","50_56","PBP2B",483,"D483G",1.51799513332874,"20156301","56","comparison","G",6.63710624722401,4.67621835425061
"panel_04","2B D483G - Mean: 1.518","50_56","PBP2B",483,"D483G",1.51799513332874,"20156540","56","comparison","G",6.6371062472208,4.67621835425393
"panel_04","2B D483G - Mean: 1.518","50_56","PBP2B",483,"D483G",1.51799513332874,"20156581","56","comparison","G",6.63710624722303,4.67621835425225
"panel_04","2B D483G - Mean: 1.518","50_56","PBP2B",483,"D483G",1.51799513332874,"20156649","56","comparison","G",6.63710624722256,4.67621835425162
"panel_04","2B D483G - Mean: 1.518","50_56","PBP2B",483,"D483G",1.51799513332874,"20156659","56","comparison","G",6.29192209513901,3.63051203134944
"panel_04","2B D483G - Mean: 1.518","50_56","PBP2B",483,"D483G",1.51799513332874,"20156666","56","comparison","G",7.2062735007249,4.44530953875828
"panel_04","2B D483G - Mean: 1.518","50_56","PBP2B",483,"D483G",1.51799513332874,"20156670","56","comparison","G",8.34352513832704,4.35466038425997
"panel_04","2B D483G - Mean: 1.518","50_56","PBP2B",483,"D483G",1.51799513332874,"20156677","56","comparison","G",7.73962162830261,4.74900003270087
"panel_04","2B D483G - Mean: 1.518","50_56","PBP2B",483,"D483G",1.51799513332874,"20156678","56","comparison","G",7.38762470792661,2.98231361130299
"panel_04","2B D483G - Mean: 1.518","50_56","PBP2B",483,"D483G",1.51799513332874,"20156689","56","comparison","G",5.50717455799032,3.63388403605044
"panel_04","2B D483G - Mean: 1.518","50_56","PBP2B",483,"D483G",1.51799513332874,"20156933","56","comparison","G",7.20627350072485,4.4453095387614
"panel_04","2B D483G - Mean: 1.518","50_56","PBP2B",483,"D483G",1.51799513332874,"20156936","56","comparison","G",7.73962162830365,4.74900003270111
"panel_04","2B D483G - Mean: 1.518","50_56","PBP2B",483,"D483G",1.51799513332874,"20160273","56","comparison","G",6.09788852227297,5.48718212839731
"panel_04","2B D483G - Mean: 1.518","50_56","PBP2B",483,"D483G",1.51799513332874,"20160308","56","comparison","G",8.34352513832748,4.35466038425998
"panel_04","2B D483G - Mean: 1.518","50_56","PBP2B",483,"D483G",1.51799513332874,"20160528","56","comparison","G",7.20627350072485,4.44530953875779
"panel_04","2B D483G - Mean: 1.518","50_56","PBP2B",483,"D483G",1.51799513332874,"20160534","56","comparison","G",6.07988207170932,3.24014556756386
"panel_04","2B D483G - Mean: 1.518","50_56","PBP2B",483,"D483G",1.51799513332874,"20160559","56","comparison","G",7.20627350072464,4.4453095387625
"panel_04","2B D483G - Mean: 1.518","50_56","PBP2B",483,"D483G",1.51799513332874,"20160571","56","comparison","G",5.29997364677003,3.50337122320775
"panel_04","2B D483G - Mean: 1.518","50_56","PBP2B",483,"D483G",1.51799513332874,"20160578","56","comparison","G",6.63710624722311,4.67621835425289
"panel_04","2B D483G - Mean: 1.518","50_56","PBP2B",483,"D483G",1.51799513332874,"20160586","56","comparison","G",7.20627350072566,4.44530953876026
"panel_04","2B D483G - Mean: 1.518","50_56","PBP2B",483,"D483G",1.51799513332874,"20160886","56","comparison","G",6.63710624722266,4.67621835425082
"panel_04","2B D483G - Mean: 1.518","50_56","PBP2B",483,"D483G",1.51799513332874,"20160906","56","comparison","G",6.78069468539929,3.37105585758528
"panel_04","2B D483G - Mean: 1.518","50_56","PBP2B",483,"D483G",1.51799513332874,"20160914","56","comparison","G",8.34352513832929,4.35466038425596
"panel_04","2B D483G - Mean: 1.518","50_56","PBP2B",483,"D483G",1.51799513332874,"20161250","56","comparison","G",7.7396216283024,4.7490000326982
"panel_04","2B D483G - Mean: 1.518","50_56","PBP2B",483,"D483G",1.51799513332874,"20161257","56","comparison","G",8.34352513832755,4.35466038425713
"panel_04","2B D483G - Mean: 1.518","50_56","PBP2B",483,"D483G",1.51799513332874,"20161304","56","comparison","G",7.73962162830255,4.74900003270027
"panel_04","2B D483G - Mean: 1.518","50_56","PBP2B",483,"D483G",1.51799513332874,"20161312","56","comparison","G",7.20627350072505,4.44530953876215
"panel_04","2B D483G - Mean: 1.518","50_56","PBP2B",483,"D483G",1.51799513332874,"20161318","56","comparison","G",-0.486945071313815,-1.21771180143907
"panel_04","2B D483G - Mean: 1.518","50_56","PBP2B",483,"D483G",1.51799513332874,"20161390","56","comparison","G",8.34352513832691,4.35466038425847
"panel_04","2B D483G - Mean: 1.518","50_56","PBP2B",483,"D483G",1.51799513332874,"20161402","56","comparison","G",8.18823384408666,5.66647671860025
"panel_04","2B D483G - Mean: 1.518","50_56","PBP2B",483,"D483G",1.51799513332874,"20161619","56","comparison","G",7.73962162830068,4.74900003270115
"panel_04","2B D483G - Mean: 1.518","50_56","PBP2B",483,"D483G",1.51799513332874,"20161621","56","comparison","G",7.59007932457397,6.23223590874231
"panel_04","2B D483G - Mean: 1.518","50_56","PBP2B",483,"D483G",1.51799513332874,"20161622","56","comparison","G",7.20627350072497,4.4453095387618
"panel_04","2B D483G - Mean: 1.518","50_56","PBP2B",483,"D483G",1.51799513332874,"20161627","56","comparison","G",7.48719489799379,6.12319991883864
"panel_04","2B D483G - Mean: 1.518","50_56","PBP2B",483,"D483G",1.51799513332874,"20161669","56","comparison","G",6.63723996781859,3.46487724912167
"panel_04","2B D483G - Mean: 1.518","50_56","PBP2B",483,"D483G",1.51799513332874,"20161674","56","comparison","G",7.19433712497711,3.39211680304303
"panel_04","2B D483G - Mean: 1.518","50_56","PBP2B",483,"D483G",1.51799513332874,"20161697","56","comparison","G",6.63710624722282,4.67621835425222
"panel_04","2B D483G - Mean: 1.518","50_56","PBP2B",483,"D483G",1.51799513332874,"20161772","56","comparison","G",7.20627350072534,4.44530953876038
"panel_04","2B D483G - Mean: 1.518","50_56","PBP2B",483,"D483G",1.51799513332874,"20161796","56","comparison","G",7.7396216283024,4.74900003270152
"panel_04","2B D483G - Mean: 1.518","50_56","PBP2B",483,"D483G",1.51799513332874,"20161806","56","comparison","G",8.34352513832866,4.35466038425645
"panel_04","2B D483G - Mean: 1.518","50_56","PBP2B",483,"D483G",1.51799513332874,"20162014","56","comparison","G",3.311166395733,1.559055323564
"panel_04","2B D483G - Mean: 1.518","50_56","PBP2B",483,"D483G",1.51799513332874,"20162335","56","comparison","G",7.20627350072578,4.44530953876141
"panel_04","2B D483G - Mean: 1.518","50_56","PBP2B",483,"D483G",1.51799513332874,"20162573","56","comparison","G",7.20627350072589,4.44530953875923
"panel_04","2B D483G - Mean: 1.518","50_56","PBP2B",483,"D483G",1.51799513332874,"20163113","56","comparison","G",7.73962162830315,4.74900003269983
"panel_05","2B L504P - Mean: 1.088","67_74","PBP2B",504,"L504P",1.08760790624528,"2014201763","67","reference","L",-0.400589708637347,1.94264470607458
"panel_05","2B L504P - Mean: 1.088","67_74","PBP2B",504,"L504P",1.08760790624528,"20154523","74","comparison","P",-0.400589708643586,1.94264470607591
"panel_05","2B L504P - Mean: 1.088","67_74","PBP2B",504,"L504P",1.08760790624528,"20152687","74","comparison","P",-0.751973790064459,0.894636241942234
"panel_05","2B L504P - Mean: 1.088","67_74","PBP2B",504,"L504P",1.08760790624528,"2013206201","74","comparison","P",1.09305135933577,1.59552374191058
"panel_05","2B L504P - Mean: 1.088","67_74","PBP2B",504,"L504P",1.08760790624528,"2009218323","74","comparison","P",-1.61187327978515,1.78984961537808
"panel_05","2B L504P - Mean: 1.088","67_74","PBP2B",504,"L504P",1.08760790624528,"20152159","74","comparison","P",-1.61187327978262,1.78984961537812
"panel_05","2B L504P - Mean: 1.088","67_74","PBP2B",504,"L504P",1.08760790624528,"2009218327","74","comparison","P",-1.37480883532146,1.97312576054853
"panel_05","2B L504P - Mean: 1.088","67_74","PBP2B",504,"L504P",1.08760790624528,"20152957","74","comparison","P",-0.400589708644028,1.94264470607626
"panel_05","2B L504P - Mean: 1.088","67_74","PBP2B",504,"L504P",1.08760790624528,"20154443","74","comparison","P",-0.400589708644087,1.94264470607668
"panel_05","2B L504P - Mean: 1.088","67_74","PBP2B",504,"L504P",1.08760790624528,"2012214505","74","comparison","P",-0.863956334321637,1.89228580507187
"panel_05","2B L504P - Mean: 1.088","67_74","PBP2B",504,"L504P",1.08760790624528,"2010208415","74","comparison","P",-1.44980947126955,-1.20336459298155
"panel_05","2B L504P - Mean: 1.088","67_74","PBP2B",504,"L504P",1.08760790624528,"2009211239","74","comparison","P",-1.37103522942703,2.45575813554144
"panel_05","2B L504P - Mean: 1.088","67_74","PBP2B",504,"L504P",1.08760790624528,"2009214044","74","comparison","P",-1.37480883532683,1.97312576054715
"panel_05","2B L504P - Mean: 1.088","67_74","PBP2B",504,"L504P",1.08760790624528,"2012220641","74","comparison","P",-1.44980947126916,-1.20336459298107
"panel_05","2B L504P - Mean: 1.088","67_74","PBP2B",504,"L504P",1.08760790624528,"20153860","74","comparison","P",-0.400589708640506,1.94264470607471
"panel_05","2B L504P - Mean: 1.088","67_74","PBP2B",504,"L504P",1.08760790624528,"20153927","74","comparison","P",-0.400589708650976,1.94264470607748
"panel_05","2B L504P - Mean: 1.088","67_74","PBP2B",504,"L504P",1.08760790624528,"20153959","74","comparison","P",-0.400589708637521,1.94264470607438
"panel_05","2B L504P - Mean: 1.088","67_74","PBP2B",504,"L504P",1.08760790624528,"20153961","74","comparison","P",-0.400589708646279,1.94264470607629
"panel_05","2B L504P - Mean: 1.088","67_74","PBP2B",504,"L504P",1.08760790624528,"20154736","74","comparison","P",-0.400589708638548,1.94264470607526
"panel_05","2B L504P - Mean: 1.088","67_74","PBP2B",504,"L504P",1.08760790624528,"20154754","74","comparison","P",-0.400589708647737,1.9426447060768
"panel_05","2B L504P - Mean: 1.088","67_74","PBP2B",504,"L504P",1.08760790624528,"20154988","74","comparison","P",-0.283667594851097,3.04224955367493
"panel_05","2B L504P - Mean: 1.088","67_74","PBP2B",504,"L504P",1.08760790624528,"20155246","74","comparison","P",-0.40058970863777,1.94264470607469
"panel_05","2B L504P - Mean: 1.088","67_74","PBP2B",504,"L504P",1.08760790624528,"20155247","74","comparison","P",-0.765712113830858,2.07332647911711
"panel_05","2B L504P - Mean: 1.088","67_74","PBP2B",504,"L504P",1.08760790624528,"20155297","74","comparison","P",-0.400589708647484,1.94264470607666
"panel_05","2B L504P - Mean: 1.088","67_74","PBP2B",504,"L504P",1.08760790624528,"20155306","74","comparison","P",-0.400589708652297,1.94264470607802
"panel_05","2B L504P - Mean: 1.088","67_74","PBP2B",504,"L504P",1.08760790624528,"20155476","74","comparison","P",-0.4005897086387,1.94264470607537
"panel_05","2B L504P - Mean: 1.088","67_74","PBP2B",504,"L504P",1.08760790624528,"20155523","74","comparison","P",-0.400589708639746,1.94264470607519
"panel_05","2B L504P - Mean: 1.088","67_74","PBP2B",504,"L504P",1.08760790624528,"20155964","74","comparison","P",-0.400589708641419,1.94264470607621
"panel_05","2B L504P - Mean: 1.088","67_74","PBP2B",504,"L504P",1.08760790624528,"20155969","74","comparison","P",-0.400589708638225,1.94264470607526
"panel_05","2B L504P - Mean: 1.088","67_74","PBP2B",504,"L504P",1.08760790624528,"20156655","74","comparison","P",-0.400589708647737,1.94264470607772
"panel_05","2B L504P - Mean: 1.088","67_74","PBP2B",504,"L504P",1.08760790624528,"20156685","74","comparison","P",-0.400589708639602,1.94264470607571
"panel_05","2B L504P - Mean: 1.088","67_74","PBP2B",504,"L504P",1.08760790624528,"20156760","74","comparison","P",-0.400589708638906,1.94264470607498
"panel_05","2B L504P - Mean: 1.088","67_74","PBP2B",504,"L504P",1.08760790624528,"20160272","74","comparison","P",-0.400589708650421,1.94264470607719
"panel_05","2B L504P - Mean: 1.088","67_74","PBP2B",504,"L504P",1.08760790624528,"20160442","74","comparison","P",-0.400589708649701,1.94264470607769
"panel_05","2B L504P - Mean: 1.088","67_74","PBP2B",504,"L504P",1.08760790624528,"20160583","74","comparison","P",-0.400589708640755,1.94264470607581
"panel_05","2B L504P - Mean: 1.088","67_74","PBP2B",504,"L504P",1.08760790624528,"20160732","74","comparison","P",-1.61187327979081,1.78984961537644
"panel_05","2B L504P - Mean: 1.088","67_74","PBP2B",504,"L504P",1.08760790624528,"20161151","74","comparison","P",-0.400589708640206,1.94264470607584
"panel_05","2B L504P - Mean: 1.088","67_74","PBP2B",504,"L504P",1.08760790624528,"20161251","74","comparison","P",-0.863956334325894,1.89228580507275
"panel_05","2B L504P - Mean: 1.088","67_74","PBP2B",504,"L504P",1.08760790624528,"20161366","74","comparison","P",-0.400589708637686,1.9426447060751
"panel_05","2B L504P - Mean: 1.088","67_74","PBP2B",504,"L504P",1.08760790624528,"20161387","74","comparison","P",-0.45433047164776,2.93725290224116
"panel_05","2B L504P - Mean: 1.088","67_74","PBP2B",504,"L504P",1.08760790624528,"20161618","74","comparison","P",-1.40046266903822,1.02175946779256
"panel_05","2B L504P - Mean: 1.088","67_74","PBP2B",504,"L504P",1.08760790624528,"20161634","74","comparison","P",-0.751973790060096,0.894636241941207
"panel_05","2B L504P - Mean: 1.088","67_74","PBP2B",504,"L504P",1.08760790624528,"20161656","74","comparison","P",-0.863956334331075,1.89228580507288
"panel_05","2B L504P - Mean: 1.088","67_74","PBP2B",504,"L504P",1.08760790624528,"20161711","74","comparison","P",-1.47686725831193,-0.216871763500118
"panel_05","2B L504P - Mean: 1.088","67_74","PBP2B",504,"L504P",1.08760790624528,"20161807","74","comparison","P",5.60544511195462,5.48821578423531
"panel_05","2B L504P - Mean: 1.088","67_74","PBP2B",504,"L504P",1.08760790624528,"20162794","74","comparison","P",-0.863956334330102,1.89228580507304
"panel_05","2B L504P - Mean: 1.088","67_74","PBP2B",504,"L504P",1.08760790624528,"20163118","74","comparison","P",0.00955692795397151,1.9196269085035
"panel_06","2B V542M - Mean: 1.324","144_145","PBP2B",542,"V542M",1.32373772147276,"20153272","145","comparison","V",4.70383342021206,4.37798118808581
"panel_06","2B V542M - Mean: 1.324","144_145","PBP2B",542,"V542M",1.32373772147276,"2010206356","145","comparison","V",6.90750377495902,3.30982035747881
"panel_06","2B V542M - Mean: 1.324","144_145","PBP2B",542,"V542M",1.32373772147276,"20152638","145","comparison","V",4.03823267160925,3.20585319976917
"panel_06","2B V542M - Mean: 1.324","144_145","PBP2B",542,"V542M",1.32373772147276,"20154473","145","comparison","V",5.4626087324875,3.67474056974692
"panel_06","2B V542M - Mean: 1.324","144_145","PBP2B",542,"V542M",1.32373772147276,"2012224918","145","comparison","V",4.94658036831034,3.89803205553838
"panel_06","2B V542M - Mean: 1.324","144_145","PBP2B",542,"V542M",1.32373772147276,"20154514","145","comparison","V",4.56728305249845,2.84441755186196
"panel_06","2B V542M - Mean: 1.324","144_145","PBP2B",542,"V542M",1.32373772147276,"20153451","145","comparison","V",4.70383342021595,4.37798118808642
"panel_06","2B V542M - Mean: 1.324","144_145","PBP2B",542,"V542M",1.32373772147276,"20153936","145","comparison","V",3.56318408472905,2.74627821047731
"panel_06","2B V542M - Mean: 1.324","144_145","PBP2B",542,"V542M",1.32373772147276,"20155186","145","comparison","V",4.94658036831043,3.89803205553624
"panel_06","2B V542M - Mean: 1.324","144_145","PBP2B",542,"V542M",1.32373772147276,"20156073","144","reference","M",3.56318408472834,2.74627821047517
"panel_06","2B V542M - Mean: 1.324","144_145","PBP2B",542,"V542M",1.32373772147276,"20156576","145","comparison","V",5.31046388645664,2.41004006554874
"panel_06","2B V542M - Mean: 1.324","144_145","PBP2B",542,"V542M",1.32373772147276,"20156935","145","comparison","V",4.56570396964487,3.05302404440334
"panel_07","2X K230T - Mean: 1.028","38_41","PBP2X",230,"K230T",1.02752593230799,"2012222280","38","reference","K",12.1085963405374,6.10199446193593
"panel_07","2X K230T - Mean: 1.028","38_41","PBP2X",230,"K230T",1.02752593230799,"2009209968","41","comparison","T",11.6386201436116,6.43271091441993
"panel_07","2X K230T - Mean: 1.028","38_41","PBP2X",230,"K230T",1.02752593230799,"20152204","41","comparison","T",10.5093766693944,4.57281274982078
"panel_07","2X K230T - Mean: 1.028","38_41","PBP2X",230,"K230T",1.02752593230799,"2009216796","41","comparison","T",11.2330658608454,6.02202998367834
"panel_07","2X K230T - Mean: 1.028","38_41","PBP2X",230,"K230T",1.02752593230799,"20154482","41","comparison","T",10.6810796357084,4.82375761253403
"panel_07","2X K230T - Mean: 1.028","38_41","PBP2X",230,"K230T",1.02752593230799,"2010205285","41","comparison","T",11.2330658608482,6.02202998367647
"panel_07","2X K230T - Mean: 1.028","38_41","PBP2X",230,"K230T",1.02752593230799,"2009211097","41","comparison","T",11.2330658608443,6.02202998366476
"panel_07","2X K230T - Mean: 1.028","38_41","PBP2X",230,"K230T",1.02752593230799,"20152216","41","comparison","T",12.1085963405394,6.10199446193057
"panel_07","2X K230T - Mean: 1.028","38_41","PBP2X",230,"K230T",1.02752593230799,"2013215756","41","comparison","T",11.2330658608432,6.02202998367256
"panel_07","2X K230T - Mean: 1.028","38_41","PBP2X",230,"K230T",1.02752593230799,"20160744","41","comparison","T",11.7573452714062,5.57599608274337
"panel_08","2X N326D - Mean: 1.013","35_37","PBP2X",326,"N326D",1.01274026247594,"2012218031","37","comparison","N",8.66932254038602,6.06233696183096
"panel_08","2X N326D - Mean: 1.013","35_37","PBP2X",326,"N326D",1.01274026247594,"3143-06","35","reference","D",9.24523981506836,5.85858932911215
"panel_08","2X N326D - Mean: 1.013","35_37","PBP2X",326,"N326D",1.01274026247594,"2010216124","35","reference","D",10.1485108585302,6.51058290232274
"panel_08","2X N326D - Mean: 1.013","35_37","PBP2X",326,"N326D",1.01274026247594,"2010203160","35","reference","D",8.22381896934633,4.4361156686061
"panel_08","2X N326D - Mean: 1.013","35_37","PBP2X",326,"N326D",1.01274026247594,"2009210894","35","reference","D",9.65908379288364,5.421412106441
"panel_08","2X N326D - Mean: 1.013","35_37","PBP2X",326,"N326D",1.01274026247594,"2008004334","35","reference","D",9.65908379288342,5.42141210643782
"panel_08","2X N326D - Mean: 1.013","35_37","PBP2X",326,"N326D",1.01274026247594,"2009209148","35","reference","D",10.1320986484778,6.88259518133469
"panel_08","2X N326D - Mean: 1.013","35_37","PBP2X",326,"N326D",1.01274026247594,"2009214030","35","reference","D",9.65908379288304,5.42141210644005
"panel_08","2X N326D - Mean: 1.013","35_37","PBP2X",326,"N326D",1.01274026247594,"2009214041","35","reference","D",9.65908379288004,5.42141210643683
"panel_08","2X N326D - Mean: 1.013","35_37","PBP2X",326,"N326D",1.01274026247594,"20153856","35","reference","D",6.06861433985669,4.50193323266675
"panel_08","2X N326D - Mean: 1.013","35_37","PBP2X",326,"N326D",1.01274026247594,"2013223617","35","reference","D",9.6590837928832,5.42141210643694
"panel_08","2X N326D - Mean: 1.013","35_37","PBP2X",326,"N326D",1.01274026247594,"2010200704","35","reference","D",8.66932254038452,6.06233696182841
"panel_08","2X N326D - Mean: 1.013","35_37","PBP2X",326,"N326D",1.01274026247594,"2010206730","35","reference","D",8.34352513832771,4.35466038425825
"panel_08","2X N326D - Mean: 1.013","35_37","PBP2X",326,"N326D",1.01274026247594,"2009212151","35","reference","D",9.24523981507565,5.8585893291163
"panel_08","2X N326D - Mean: 1.013","35_37","PBP2X",326,"N326D",1.01274026247594,"2010200814","35","reference","D",9.59606574609548,6.57740638283592
"panel_08","2X N326D - Mean: 1.013","35_37","PBP2X",326,"N326D",1.01274026247594,"2009218018","35","reference","D",10.1320986484788,6.8825951813333
"panel_08","2X N326D - Mean: 1.013","35_37","PBP2X",326,"N326D",1.01274026247594,"2012217544","35","reference","D",8.66932254038505,6.06233696182962
"panel_08","2X N326D - Mean: 1.013","35_37","PBP2X",326,"N326D",1.01274026247594,"2009210864","35","reference","D",9.65908379288524,5.42141210643854
"panel_08","2X N326D - Mean: 1.013","35_37","PBP2X",326,"N326D",1.01274026247594,"2012221326","35","reference","D",9.65908379288256,5.42141210643989
"panel_08","2X N326D - Mean: 1.013","35_37","PBP2X",326,"N326D",1.01274026247594,"2013208500","35","reference","D",10.7572138696495,5.44402523606786
"panel_08","2X N326D - Mean: 1.013","35_37","PBP2X",326,"N326D",1.01274026247594,"2009212157","35","reference","D",9.65908379288388,5.42141210643997
"panel_08","2X N326D - Mean: 1.013","35_37","PBP2X",326,"N326D",1.01274026247594,"2009218395","35","reference","D",8.18823384408394,5.66647671859912
"panel_08","2X N326D - Mean: 1.013","35_37","PBP2X",326,"N326D",1.01274026247594,"7992-06","35","reference","D",9.24523981507446,5.85858932911414
"panel_08","2X N326D - Mean: 1.013","35_37","PBP2X",326,"N326D",1.01274026247594,"2009210885","35","reference","D",9.65908379288088,5.42141210643493
"panel_08","2X N326D - Mean: 1.013","35_37","PBP2X",326,"N326D",1.01274026247594,"20152219","35","reference","D",9.65908379288103,5.42141210643578
"panel_08","2X N326D - Mean: 1.013","35_37","PBP2X",326,"N326D",1.01274026247594,"2009215693","35","reference","D",8.1882338440851,5.66647671859782
"panel_08","2X N326D - Mean: 1.013","35_37","PBP2X",326,"N326D",1.01274026247594,"2010200792","35","reference","D",9.23577524499916,6.86072152964507
"panel_08","2X N326D - Mean: 1.013","35_37","PBP2X",326,"N326D",1.01274026247594,"20152214","35","reference","D",8.66932254038822,6.06233696183303
"panel_08","2X N326D - Mean: 1.013","35_37","PBP2X",326,"N326D",1.01274026247594,"2012220439","35","reference","D",9.65908379288231,5.42141210643989
"panel_08","2X N326D - Mean: 1.013","35_37","PBP2X",326,"N326D",1.01274026247594,"2012215002","35","reference","D",9.24523981507073,5.85858932911246
"panel_08","2X N326D - Mean: 1.013","35_37","PBP2X",326,"N326D",1.01274026247594,"2010206361","35","reference","D",9.65908379288073,5.42141210643719
"panel_08","2X N326D - Mean: 1.013","35_37","PBP2X",326,"N326D",1.01274026247594,"2014202560","35","reference","D",8.66932254038589,6.06233696182974
"panel_08","2X N326D - Mean: 1.013","35_37","PBP2X",326,"N326D",1.01274026247594,"2012220607","35","reference","D",9.59606574608812,6.57740638283344
"panel_08","2X N326D - Mean: 1.013","35_37","PBP2X",326,"N326D",1.01274026247594,"2013212937","35","reference","D",10.1320986484751,6.88259518133139
"panel_08","2X N326D - Mean: 1.013","35_37","PBP2X",326,"N326D",1.01274026247594,"9483-04","35","reference","D",9.2452398150741,5.85858932911427
"panel_08","2X N326D - Mean: 1.013","35_37","PBP2X",326,"N326D",1.01274026247594,"2010209958","35","reference","D",9.59606574609111,6.57740638283482
"panel_08","2X N326D - Mean: 1.013","35_37","PBP2X",326,"N326D",1.01274026247594,"2013209079","35","reference","D",9.245239815074,5.85858932911202
"panel_08","2X N326D - Mean: 1.013","35_37","PBP2X",326,"N326D",1.01274026247594,"2009212800","35","reference","D",9.65908379288507,5.42141210644367
"panel_08","2X N326D - Mean: 1.013","35_37","PBP2X",326,"N326D",1.01274026247594,"2010209966","35","reference","D",9.65908379288436,5.42141210644005
"panel_08","2X N326D - Mean: 1.013","35_37","PBP2X",326,"N326D",1.01274026247594,"2010208351","35","reference","D",9.2357752450014,6.86072152964538
"panel_08","2X N326D - Mean: 1.013","35_37","PBP2X",326,"N326D",1.01274026247594,"2008236056","35","reference","D",9.6590837928823,5.42141210644039
"panel_08","2X N326D - Mean: 1.013","35_37","PBP2X",326,"N326D",1.01274026247594,"2009211518","35","reference","D",9.65908379288219,5.42141210643935
"panel_08","2X N326D - Mean: 1.013","35_37","PBP2X",326,"N326D",1.01274026247594,"2008230628","35","reference","D",9.24523981507483,5.85858932911287
"panel_08","2X N326D - Mean: 1.013","35_37","PBP2X",326,"N326D",1.01274026247594,"2009217751","35","reference","D",9.65908379288252,5.42141210643919
"panel_08","2X N326D - Mean: 1.013","35_37","PBP2X",326,"N326D",1.01274026247594,"2013217306","35","reference","D",9.24523981507287,5.85858932911567
"panel_08","2X N326D - Mean: 1.013","35_37","PBP2X",326,"N326D",1.01274026247594,"2010204335","35","reference","D",9.1835973472237,5.05699193218524
"panel_08","2X N326D - Mean: 1.013","35_37","PBP2X",326,"N326D",1.01274026247594,"20154278","35","reference","D",9.65908379288443,5.42141210644321
"panel_08","2X N326D - Mean: 1.013","35_37","PBP2X",326,"N326D",1.01274026247594,"20153861","35","reference","D",9.07511339468192,5.69091886841943
"panel_08","2X N326D - Mean: 1.013","35_37","PBP2X",326,"N326D",1.01274026247594,"2009212799","35","reference","D",9.24523981507153,5.85858932911307
"panel_08","2X N326D - Mean: 1.013","35_37","PBP2X",326,"N326D",1.01274026247594,"20152889","35","reference","D",9.07511339468116,5.69091886841419
"panel_08","2X N326D - Mean: 1.013","35_37","PBP2X",326,"N326D",1.01274026247594,"4011-07","35","reference","D",9.24523981507336,5.85858932911376
"panel_08","2X N326D - Mean: 1.013","35_37","PBP2X",326,"N326D",1.01274026247594,"2013208554","35","reference","D",9.6590837928851,5.42141210643944
"panel_08","2X N326D - Mean: 1.013","35_37","PBP2X",326,"N326D",1.01274026247594,"2009211285","35","reference","D",9.59606574609195,6.57740638283527
"panel_08","2X N326D - Mean: 1.013","35_37","PBP2X",326,"N326D",1.01274026247594,"2009215864","35","reference","D",8.75057009375772,5.50560121832845
"panel_08","2X N326D - Mean: 1.013","35_37","PBP2X",326,"N326D",1.01274026247594,"2014202183","35","reference","D",9.65908379288294,5.42141210643881
"panel_08","2X N326D - Mean: 1.013","35_37","PBP2X",326,"N326D",1.01274026247594,"2009206436","35","reference","D",9.65908379288174,5.42141210643516
"panel_08","2X N326D - Mean: 1.013","35_37","PBP2X",326,"N326D",1.01274026247594,"2010203946","35","reference","D",9.24523981507268,5.85858932911478
"panel_08","2X N326D - Mean: 1.013","35_37","PBP2X",326,"N326D",1.01274026247594,"20152639","35","reference","D",9.65908379288211,5.42141210643882
"panel_08","2X N326D - Mean: 1.013","35_37","PBP2X",326,"N326D",1.01274026247594,"2010206729","35","reference","D",8.87740032527289,4.19469033101964
"panel_08","2X N326D - Mean: 1.013","35_37","PBP2X",326,"N326D",1.01274026247594,"2010206275","35","reference","D",8.75057009375834,5.50560121833217
"panel_08","2X N326D - Mean: 1.013","35_37","PBP2X",326,"N326D",1.01274026247594,"2010200031","35","reference","D",8.34352513833074,4.3546603842593
"panel_08","2X N326D - Mean: 1.013","35_37","PBP2X",326,"N326D",1.01274026247594,"2009212796","35","reference","D",9.24523981507055,5.85858932911049
"panel_08","2X N326D - Mean: 1.013","35_37","PBP2X",326,"N326D",1.01274026247594,"2013208464","35","reference","D",9.65908379288364,5.42141210644041
"panel_08","2X N326D - Mean: 1.013","35_37","PBP2X",326,"N326D",1.01274026247594,"2010220100","35","reference","D",9.23577524499781,6.86072152964549
"panel_08","2X N326D - Mean: 1.013","35_37","PBP2X",326,"N326D",1.01274026247594,"2010200837","35","reference","D",9.23577524500202,6.86072152964507
"panel_08","2X N326D - Mean: 1.013","35_37","PBP2X",326,"N326D",1.01274026247594,"2010220299","35","reference","D",9.23577524500562,6.86072152964676
"panel_08","2X N326D - Mean: 1.013","35_37","PBP2X",326,"N326D",1.01274026247594,"2009216952","35","reference","D",9.59606574608945,6.57740638283266
"panel_08","2X N326D - Mean: 1.013","35_37","PBP2X",326,"N326D",1.01274026247594,"2010208437","35","reference","D",9.59606574608913,6.57740638283239
"panel_08","2X N326D - Mean: 1.013","35_37","PBP2X",326,"N326D",1.01274026247594,"4784-05","35","reference","D",7.93566711189864,5.7602024934073
"panel_08","2X N326D - Mean: 1.013","35_37","PBP2X",326,"N326D",1.01274026247594,"2009215894","35","reference","D",9.23577524500188,6.86072152964527
"panel_08","2X N326D - Mean: 1.013","35_37","PBP2X",326,"N326D",1.01274026247594,"2009211298","35","reference","D",9.24523981507373,5.85858932911341
"panel_08","2X N326D - Mean: 1.013","35_37","PBP2X",326,"N326D",1.01274026247594,"20152650","35","reference","D",9.65908379288394,5.42141210644032
"panel_08","2X N326D - Mean: 1.013","35_37","PBP2X",326,"N326D",1.01274026247594,"2010216266","35","reference","D",9.23577524499944,6.8607215296441
"panel_08","2X N326D - Mean: 1.013","35_37","PBP2X",326,"N326D",1.01274026247594,"2012214475","35","reference","D",6.6320426801761,5.20017954040626
"panel_08","2X N326D - Mean: 1.013","35_37","PBP2X",326,"N326D",1.01274026247594,"2010203475","35","reference","D",9.65908379288024,5.42141210643634
"panel_08","2X N326D - Mean: 1.013","35_37","PBP2X",326,"N326D",1.01274026247594,"2009210936","35","reference","D",8.66932254038416,6.06233696182787
"panel_08","2X N326D - Mean: 1.013","35_37","PBP2X",326,"N326D",1.01274026247594,"2010220245","35","reference","D",9.23577524499867,6.86072152964327
"panel_08","2X N326D - Mean: 1.013","35_37","PBP2X",326,"N326D",1.01274026247594,"5223-06","35","reference","D",9.6590837928822,5.42141210643816
"panel_08","2X N326D - Mean: 1.013","35_37","PBP2X",326,"N326D",1.01274026247594,"2009218403","35","reference","D",9.59606574609154,6.5774063828349
"panel_08","2X N326D - Mean: 1.013","35_37","PBP2X",326,"N326D",1.01274026247594,"2009214138","35","reference","D",8.66932254038443,6.06233696182665
"panel_08","2X N326D - Mean: 1.013","35_37","PBP2X",326,"N326D",1.01274026247594,"2009213970","35","reference","D",9.65908379288261,5.42141210643745
"panel_08","2X N326D - Mean: 1.013","35_37","PBP2X",326,"N326D",1.01274026247594,"6895-06","35","reference","D",9.24523981507127,5.85858932911152
"panel_08","2X N326D - Mean: 1.013","35_37","PBP2X",326,"N326D",1.01274026247594,"2010208307","35","reference","D",9.59606574608805,6.577406382833
"panel_08","2X N326D - Mean: 1.013","35_37","PBP2X",326,"N326D",1.01274026247594,"2009211299","35","reference","D",8.66932254038656,6.06233696183038
"panel_08","2X N326D - Mean: 1.013","35_37","PBP2X",326,"N326D",1.01274026247594,"4567-06","35","reference","D",9.65908379288317,5.42141210643782
"panel_08","2X N326D - Mean: 1.013","35_37","PBP2X",326,"N326D",1.01274026247594,"20154569","35","reference","D",9.65908379288257,5.42141210643989
"panel_08","2X N326D - Mean: 1.013","35_37","PBP2X",326,"N326D",1.01274026247594,"2009214084","35","reference","D",9.6590837928826,5.42141210643977
"panel_08","2X N326D - Mean: 1.013","35_37","PBP2X",326,"N326D",1.01274026247594,"2010208429","35","reference","D",9.59606574609351,6.57740638283376
"panel_08","2X N326D - Mean: 1.013","35_37","PBP2X",326,"N326D",1.01274026247594,"2009217675","35","reference","D",9.65908379288292,5.42141210643681
"panel_08","2X N326D - Mean: 1.013","35_37","PBP2X",326,"N326D",1.01274026247594,"2009205599","35","reference","D",9.65908379288395,5.42141210644006
"panel_08","2X N326D - Mean: 1.013","35_37","PBP2X",326,"N326D",1.01274026247594,"20154570","35","reference","D",9.65908379288441,5.42141210644085
"panel_08","2X N326D - Mean: 1.013","35_37","PBP2X",326,"N326D",1.01274026247594,"2010216160","35","reference","D",9.23577524499936,6.86072152964548
"panel_08","2X N326D - Mean: 1.013","35_37","PBP2X",326,"N326D",1.01274026247594,"2010200695","35","reference","D",9.02885421759753,6.10943869666079
"panel_08","2X N326D - Mean: 1.013","35_37","PBP2X",326,"N326D",1.01274026247594,"2010205384","35","reference","D",9.23577524499662,6.86072152964576
"panel_08","2X N326D - Mean: 1.013","35_37","PBP2X",326,"N326D",1.01274026247594,"2009213998","35","reference","D",9.6590837928833,5.42141210644009
"panel_08","2X N326D - Mean: 1.013","35_37","PBP2X",326,"N326D",1.01274026247594,"2009214092","35","reference","D",8.66932254038477,6.06233696182827
"panel_08","2X N326D - Mean: 1.013","35_37","PBP2X",326,"N326D",1.01274026247594,"2009215771","35","reference","D",9.18359734722086,5.0569919321828
"panel_08","2X N326D - Mean: 1.013","35_37","PBP2X",326,"N326D",1.01274026247594,"2010206720","35","reference","D",9.24523981507376,5.85858932911087
"panel_08","2X N326D - Mean: 1.013","35_37","PBP2X",326,"N326D",1.01274026247594,"20154465","35","reference","D",9.24523981507346,5.85858932911569
"panel_08","2X N326D - Mean: 1.013","35_37","PBP2X",326,"N326D",1.01274026247594,"2012224878","35","reference","D",10.1320986484764,6.88259518133501
"panel_08","2X N326D - Mean: 1.013","35_37","PBP2X",326,"N326D",1.01274026247594,"20153266","35","reference","D",9.65908379288193,5.42141210643755
"panel_08","2X N326D - Mean: 1.013","35_37","PBP2X",326,"N326D",1.01274026247594,"2009209868","35","reference","D",9.65908379288153,5.42141210643919
"panel_08","2X N326D - Mean: 1.013","35_37","PBP2X",326,"N326D",1.01274026247594,"2009217687","35","reference","D",9.65908379288221,5.42141210643759
"panel_08","2X N326D - Mean: 1.013","35_37","PBP2X",326,"N326D",1.01274026247594,"6035-07","35","reference","D",8.78092876278524,6.75021611128494
"panel_08","2X N326D - Mean: 1.013","35_37","PBP2X",326,"N326D",1.01274026247594,"20154499","35","reference","D",10.2564628410328,5.68296226575975
"panel_08","2X N326D - Mean: 1.013","35_37","PBP2X",326,"N326D",1.01274026247594,"2010209998","35","reference","D",9.65908379288094,5.42141210643831
"panel_08","2X N326D - Mean: 1.013","35_37","PBP2X",326,"N326D",1.01274026247594,"2009216731","35","reference","D",9.24523981507297,5.85858932911491
"panel_08","2X N326D - Mean: 1.013","35_37","PBP2X",326,"N326D",1.01274026247594,"2010205418","35","reference","D",8.34352513832542,4.35466038425335
"panel_08","2X N326D - Mean: 1.013","35_37","PBP2X",326,"N326D",1.01274026247594,"2012214930","35","reference","D",9.65908379288134,5.42141210643635
"panel_08","2X N326D - Mean: 1.013","35_37","PBP2X",326,"N326D",1.01274026247594,"20153996","35","reference","D",9.65908379288492,5.42141210643789
"panel_08","2X N326D - Mean: 1.013","35_37","PBP2X",326,"N326D",1.01274026247594,"20154714","35","reference","D",9.07511339468212,5.69091886841901
"panel_08","2X N326D - Mean: 1.013","35_37","PBP2X",326,"N326D",1.01274026247594,"20154759","35","reference","D",8.66932254038456,6.06233696182945
"panel_08","2X N326D - Mean: 1.013","35_37","PBP2X",326,"N326D",1.01274026247594,"20154915","35","reference","D",9.6590837928833,5.42141210643989
"panel_08","2X N326D - Mean: 1.013","35_37","PBP2X",326,"N326D",1.01274026247594,"20154986","35","reference","D",9.59606574608923,6.57740638283381
"panel_08","2X N326D - Mean: 1.013","35_37","PBP2X",326,"N326D",1.01274026247594,"20155001","35","reference","D",9.59606574609334,6.57740638283542
"panel_08","2X N326D - Mean: 1.013","35_37","PBP2X",326,"N326D",1.01274026247594,"20155328","35","reference","D",9.59606574609126,6.57740638283504
"panel_08","2X N326D - Mean: 1.013","35_37","PBP2X",326,"N326D",1.01274026247594,"20155427","35","reference","D",9.59606574609312,6.57740638283387
"panel_08","2X N326D - Mean: 1.013","35_37","PBP2X",326,"N326D",1.01274026247594,"20155479","35","reference","D",9.6590837928843,5.42141210644152
"panel_08","2X N326D - Mean: 1.013","35_37","PBP2X",326,"N326D",1.01274026247594,"20155543","35","reference","D",8.66932254038576,6.06233696183011
"panel_08","2X N326D - Mean: 1.013","35_37","PBP2X",326,"N326D",1.01274026247594,"20155968","35","reference","D",9.59606574608934,6.57740638283842
"panel_08","2X N326D - Mean: 1.013","35_37","PBP2X",326,"N326D",1.01274026247594,"20155991","35","reference","D",9.59606574608781,6.57740638283502
"panel_08","2X N326D - Mean: 1.013","35_37","PBP2X",326,"N326D",1.01274026247594,"20156006","35","reference","D",8.98048553307432,4.17621780118036
"panel_08","2X N326D - Mean: 1.013","35_37","PBP2X",326,"N326D",1.01274026247594,"20156589","35","reference","D",9.07511339468248,5.69091886841934
"panel_08","2X N326D - Mean: 1.013","35_37","PBP2X",326,"N326D",1.01274026247594,"20156590","35","reference","D",9.65908379288344,5.42141210644015
"panel_08","2X N326D - Mean: 1.013","35_37","PBP2X",326,"N326D",1.01274026247594,"20160104","35","reference","D",9.65908379288384,5.42141210643985
"panel_08","2X N326D - Mean: 1.013","35_37","PBP2X",326,"N326D",1.01274026247594,"20160109","35","reference","D",9.65908379288262,5.42141210644148
"panel_08","2X N326D - Mean: 1.013","35_37","PBP2X",326,"N326D",1.01274026247594,"20160126","35","reference","D",9.65908379288284,5.42141210644109
"panel_08","2X N326D - Mean: 1.013","35_37","PBP2X",326,"N326D",1.01274026247594,"20160301","35","reference","D",9.24523981507363,5.85858932910893
"panel_08","2X N326D - Mean: 1.013","35_37","PBP2X",326,"N326D",1.01274026247594,"20160525","35","reference","D",9.65908379288316,5.4214121064407
"panel_08","2X N326D - Mean: 1.013","35_37","PBP2X",326,"N326D",1.01274026247594,"20160554","35","reference","D",9.65908379288314,5.42141210643983
"panel_08","2X N326D - Mean: 1.013","35_37","PBP2X",326,"N326D",1.01274026247594,"20160558","35","reference","D",8.68315218081561,4.01620958136779
"panel_08","2X N326D - Mean: 1.013","35_37","PBP2X",326,"N326D",1.01274026247594,"20160731","35","reference","D",9.24523981507275,5.85858932911193
"panel_08","2X N326D - Mean: 1.013","35_37","PBP2X",326,"N326D",1.01274026247594,"20161279","35","reference","D",9.59606574608928,6.57740638283655
"panel_08","2X N326D - Mean: 1.013","35_37","PBP2X",326,"N326D",1.01274026247594,"20161609","35","reference","D",8.34352513832812,4.35466038425568
"panel_08","2X N326D - Mean: 1.013","35_37","PBP2X",326,"N326D",1.01274026247594,"20161613","35","reference","D",9.65908379288272,5.42141210643542
"panel_08","2X N326D - Mean: 1.013","35_37","PBP2X",326,"N326D",1.01274026247594,"20161793","35","reference","D",9.65908379288247,5.4214121064376
"panel_08","2X N326D - Mean: 1.013","35_37","PBP2X",326,"N326D",1.01274026247594,"20161822","35","reference","D",8.66932254038509,6.06233696182867
"panel_09","2X I371T - Mean: 4.149","34_35","PBP2X",371,"I371T",4.14918189638483,"20152888","34","reference","I",5.29302707142273,5.42930705451552
"panel_09","2X I371T - Mean: 4.149","34_35","PBP2X",371,"I371T",4.14918189638483,"2009202815","34","reference","I",6.34511459634275,3.56810735741447
"panel_09","2X I371T - Mean: 4.149","34_35","PBP2X",371,"I371T",4.14918189638483,"3143-06","35","comparison","T",9.24523981506836,5.85858932911215
"panel_09","2X I371T - Mean: 4.149","34_35","PBP2X",371,"I371T",4.14918189638483,"2010216124","35","comparison","T",10.1485108585302,6.51058290232274
"panel_09","2X I371T - Mean: 4.149","34_35","PBP2X",371,"I371T",4.14918189638483,"2010203160","35","comparison","T",8.22381896934633,4.4361156686061
"panel_09","2X I371T - Mean: 4.149","34_35","PBP2X",371,"I371T",4.14918189638483,"2009210894","35","comparison","T",9.65908379288364,5.421412106441
"panel_09","2X I371T - Mean: 4.149","34_35","PBP2X",371,"I371T",4.14918189638483,"2008004334","35","comparison","T",9.65908379288342,5.42141210643782
"panel_09","2X I371T - Mean: 4.149","34_35","PBP2X",371,"I371T",4.14918189638483,"2009209148","35","comparison","T",10.1320986484778,6.88259518133469
"panel_09","2X I371T - Mean: 4.149","34_35","PBP2X",371,"I371T",4.14918189638483,"2009214030","35","comparison","T",9.65908379288304,5.42141210644005
"panel_09","2X I371T - Mean: 4.149","34_35","PBP2X",371,"I371T",4.14918189638483,"2009214041","35","comparison","T",9.65908379288004,5.42141210643683
"panel_09","2X I371T - Mean: 4.149","34_35","PBP2X",371,"I371T",4.14918189638483,"20153856","35","comparison","T",6.06861433985669,4.50193323266675
"panel_09","2X I371T - Mean: 4.149","34_35","PBP2X",371,"I371T",4.14918189638483,"2013223617","35","comparison","T",9.6590837928832,5.42141210643694
"panel_09","2X I371T - Mean: 4.149","34_35","PBP2X",371,"I371T",4.14918189638483,"2010200704","35","comparison","T",8.66932254038452,6.06233696182841
"panel_09","2X I371T - Mean: 4.149","34_35","PBP2X",371,"I371T",4.14918189638483,"2010206730","35","comparison","T",8.34352513832771,4.35466038425825
"panel_09","2X I371T - Mean: 4.149","34_35","PBP2X",371,"I371T",4.14918189638483,"2009212151","35","comparison","T",9.24523981507565,5.8585893291163
"panel_09","2X I371T - Mean: 4.149","34_35","PBP2X",371,"I371T",4.14918189638483,"2010200814","35","comparison","T",9.59606574609548,6.57740638283592
"panel_09","2X I371T - Mean: 4.149","34_35","PBP2X",371,"I371T",4.14918189638483,"2009218018","35","comparison","T",10.1320986484788,6.8825951813333
"panel_09","2X I371T - Mean: 4.149","34_35","PBP2X",371,"I371T",4.14918189638483,"2012217544","35","comparison","T",8.66932254038505,6.06233696182962
"panel_09","2X I371T - Mean: 4.149","34_35","PBP2X",371,"I371T",4.14918189638483,"2009210864","35","comparison","T",9.65908379288524,5.42141210643854
"panel_09","2X I371T - Mean: 4.149","34_35","PBP2X",371,"I371T",4.14918189638483,"2012221326","35","comparison","T",9.65908379288256,5.42141210643989
"panel_09","2X I371T - Mean: 4.149","34_35","PBP2X",371,"I371T",4.14918189638483,"2013208500","35","comparison","T",10.7572138696495,5.44402523606786
"panel_09","2X I371T - Mean: 4.149","34_35","PBP2X",371,"I371T",4.14918189638483,"2009212157","35","comparison","T",9.65908379288388,5.42141210643997
"panel_09","2X I371T - Mean: 4.149","34_35","PBP2X",371,"I371T",4.14918189638483,"2009218395","35","comparison","T",8.18823384408394,5.66647671859912
"panel_09","2X I371T - Mean: 4.149","34_35","PBP2X",371,"I371T",4.14918189638483,"7992-06","35","comparison","T",9.24523981507446,5.85858932911414
"panel_09","2X I371T - Mean: 4.149","34_35","PBP2X",371,"I371T",4.14918189638483,"2009210885","35","comparison","T",9.65908379288088,5.42141210643493
"panel_09","2X I371T - Mean: 4.149","34_35","PBP2X",371,"I371T",4.14918189638483,"20152219","35","comparison","T",9.65908379288103,5.42141210643578
"panel_09","2X I371T - Mean: 4.149","34_35","PBP2X",371,"I371T",4.14918189638483,"2009215693","35","comparison","T",8.1882338440851,5.66647671859782
"panel_09","2X I371T - Mean: 4.149","34_35","PBP2X",371,"I371T",4.14918189638483,"2010200792","35","comparison","T",9.23577524499916,6.86072152964507
"panel_09","2X I371T - Mean: 4.149","34_35","PBP2X",371,"I371T",4.14918189638483,"20152214","35","comparison","T",8.66932254038822,6.06233696183303
"panel_09","2X I371T - Mean: 4.149","34_35","PBP2X",371,"I371T",4.14918189638483,"2012220439","35","comparison","T",9.65908379288231,5.42141210643989
"panel_09","2X I371T - Mean: 4.149","34_35","PBP2X",371,"I371T",4.14918189638483,"2012215002","35","comparison","T",9.24523981507073,5.85858932911246
"panel_09","2X I371T - Mean: 4.149","34_35","PBP2X",371,"I371T",4.14918189638483,"2010206361","35","comparison","T",9.65908379288073,5.42141210643719
"panel_09","2X I371T - Mean: 4.149","34_35","PBP2X",371,"I371T",4.14918189638483,"2014202560","35","comparison","T",8.66932254038589,6.06233696182974
"panel_09","2X I371T - Mean: 4.149","34_35","PBP2X",371,"I371T",4.14918189638483,"2012220607","35","comparison","T",9.59606574608812,6.57740638283344
"panel_09","2X I371T - Mean: 4.149","34_35","PBP2X",371,"I371T",4.14918189638483,"2013212937","35","comparison","T",10.1320986484751,6.88259518133139
"panel_09","2X I371T - Mean: 4.149","34_35","PBP2X",371,"I371T",4.14918189638483,"9483-04","35","comparison","T",9.2452398150741,5.85858932911427
"panel_09","2X I371T - Mean: 4.149","34_35","PBP2X",371,"I371T",4.14918189638483,"2010209958","35","comparison","T",9.59606574609111,6.57740638283482
"panel_09","2X I371T - Mean: 4.149","34_35","PBP2X",371,"I371T",4.14918189638483,"2013209079","35","comparison","T",9.245239815074,5.85858932911202
"panel_09","2X I371T - Mean: 4.149","34_35","PBP2X",371,"I371T",4.14918189638483,"2009212800","35","comparison","T",9.65908379288507,5.42141210644367
"panel_09","2X I371T - Mean: 4.149","34_35","PBP2X",371,"I371T",4.14918189638483,"2010209966","35","comparison","T",9.65908379288436,5.42141210644005
"panel_09","2X I371T - Mean: 4.149","34_35","PBP2X",371,"I371T",4.14918189638483,"2010208351","35","comparison","T",9.2357752450014,6.86072152964538
"panel_09","2X I371T - Mean: 4.149","34_35","PBP2X",371,"I371T",4.14918189638483,"2008236056","35","comparison","T",9.6590837928823,5.42141210644039
"panel_09","2X I371T - Mean: 4.149","34_35","PBP2X",371,"I371T",4.14918189638483,"2009211518","35","comparison","T",9.65908379288219,5.42141210643935
"panel_09","2X I371T - Mean: 4.149","34_35","PBP2X",371,"I371T",4.14918189638483,"2008230628","35","comparison","T",9.24523981507483,5.85858932911287
"panel_09","2X I371T - Mean: 4.149","34_35","PBP2X",371,"I371T",4.14918189638483,"2009217751","35","comparison","T",9.65908379288252,5.42141210643919
"panel_09","2X I371T - Mean: 4.149","34_35","PBP2X",371,"I371T",4.14918189638483,"2013217306","35","comparison","T",9.24523981507287,5.85858932911567
"panel_09","2X I371T - Mean: 4.149","34_35","PBP2X",371,"I371T",4.14918189638483,"2010204335","35","comparison","T",9.1835973472237,5.05699193218524
"panel_09","2X I371T - Mean: 4.149","34_35","PBP2X",371,"I371T",4.14918189638483,"20154278","35","comparison","T",9.65908379288443,5.42141210644321
"panel_09","2X I371T - Mean: 4.149","34_35","PBP2X",371,"I371T",4.14918189638483,"20153861","35","comparison","T",9.07511339468192,5.69091886841943
"panel_09","2X I371T - Mean: 4.149","34_35","PBP2X",371,"I371T",4.14918189638483,"2009212799","35","comparison","T",9.24523981507153,5.85858932911307
"panel_09","2X I371T - Mean: 4.149","34_35","PBP2X",371,"I371T",4.14918189638483,"20152889","35","comparison","T",9.07511339468116,5.69091886841419
"panel_09","2X I371T - Mean: 4.149","34_35","PBP2X",371,"I371T",4.14918189638483,"4011-07","35","comparison","T",9.24523981507336,5.85858932911376
"panel_09","2X I371T - Mean: 4.149","34_35","PBP2X",371,"I371T",4.14918189638483,"2013208554","35","comparison","T",9.6590837928851,5.42141210643944
"panel_09","2X I371T - Mean: 4.149","34_35","PBP2X",371,"I371T",4.14918189638483,"2009211285","35","comparison","T",9.59606574609195,6.57740638283527
"panel_09","2X I371T - Mean: 4.149","34_35","PBP2X",371,"I371T",4.14918189638483,"2009215864","35","comparison","T",8.75057009375772,5.50560121832845
"panel_09","2X I371T - Mean: 4.149","34_35","PBP2X",371,"I371T",4.14918189638483,"2014202183","35","comparison","T",9.65908379288294,5.42141210643881
"panel_09","2X I371T - Mean: 4.149","34_35","PBP2X",371,"I371T",4.14918189638483,"2009206436","35","comparison","T",9.65908379288174,5.42141210643516
"panel_09","2X I371T - Mean: 4.149","34_35","PBP2X",371,"I371T",4.14918189638483,"2010203946","35","comparison","T",9.24523981507268,5.85858932911478
"panel_09","2X I371T - Mean: 4.149","34_35","PBP2X",371,"I371T",4.14918189638483,"20152639","35","comparison","T",9.65908379288211,5.42141210643882
"panel_09","2X I371T - Mean: 4.149","34_35","PBP2X",371,"I371T",4.14918189638483,"2010206729","35","comparison","T",8.87740032527289,4.19469033101964
"panel_09","2X I371T - Mean: 4.149","34_35","PBP2X",371,"I371T",4.14918189638483,"2010206275","35","comparison","T",8.75057009375834,5.50560121833217
"panel_09","2X I371T - Mean: 4.149","34_35","PBP2X",371,"I371T",4.14918189638483,"2010200031","35","comparison","T",8.34352513833074,4.3546603842593
"panel_09","2X I371T - Mean: 4.149","34_35","PBP2X",371,"I371T",4.14918189638483,"2009212796","35","comparison","T",9.24523981507055,5.85858932911049
"panel_09","2X I371T - Mean: 4.149","34_35","PBP2X",371,"I371T",4.14918189638483,"2013208464","35","comparison","T",9.65908379288364,5.42141210644041
"panel_09","2X I371T - Mean: 4.149","34_35","PBP2X",371,"I371T",4.14918189638483,"2010220100","35","comparison","T",9.23577524499781,6.86072152964549
"panel_09","2X I371T - Mean: 4.149","34_35","PBP2X",371,"I371T",4.14918189638483,"2010200837","35","comparison","T",9.23577524500202,6.86072152964507
"panel_09","2X I371T - Mean: 4.149","34_35","PBP2X",371,"I371T",4.14918189638483,"2010220299","35","comparison","T",9.23577524500562,6.86072152964676
"panel_09","2X I371T - Mean: 4.149","34_35","PBP2X",371,"I371T",4.14918189638483,"2009216952","35","comparison","T",9.59606574608945,6.57740638283266
"panel_09","2X I371T - Mean: 4.149","34_35","PBP2X",371,"I371T",4.14918189638483,"2010208437","35","comparison","T",9.59606574608913,6.57740638283239
"panel_09","2X I371T - Mean: 4.149","34_35","PBP2X",371,"I371T",4.14918189638483,"4784-05","35","comparison","T",7.93566711189864,5.7602024934073
"panel_09","2X I371T - Mean: 4.149","34_35","PBP2X",371,"I371T",4.14918189638483,"2009215894","35","comparison","T",9.23577524500188,6.86072152964527
"panel_09","2X I371T - Mean: 4.149","34_35","PBP2X",371,"I371T",4.14918189638483,"2009211298","35","comparison","T",9.24523981507373,5.85858932911341
"panel_09","2X I371T - Mean: 4.149","34_35","PBP2X",371,"I371T",4.14918189638483,"20152650","35","comparison","T",9.65908379288394,5.42141210644032
"panel_09","2X I371T - Mean: 4.149","34_35","PBP2X",371,"I371T",4.14918189638483,"2010216266","35","comparison","T",9.23577524499944,6.8607215296441
"panel_09","2X I371T - Mean: 4.149","34_35","PBP2X",371,"I371T",4.14918189638483,"2012214475","35","comparison","T",6.6320426801761,5.20017954040626
"panel_09","2X I371T - Mean: 4.149","34_35","PBP2X",371,"I371T",4.14918189638483,"2010203475","35","comparison","T",9.65908379288024,5.42141210643634
"panel_09","2X I371T - Mean: 4.149","34_35","PBP2X",371,"I371T",4.14918189638483,"2009210936","35","comparison","T",8.66932254038416,6.06233696182787
"panel_09","2X I371T - Mean: 4.149","34_35","PBP2X",371,"I371T",4.14918189638483,"2010220245","35","comparison","T",9.23577524499867,6.86072152964327
"panel_09","2X I371T - Mean: 4.149","34_35","PBP2X",371,"I371T",4.14918189638483,"5223-06","35","comparison","T",9.6590837928822,5.42141210643816
"panel_09","2X I371T - Mean: 4.149","34_35","PBP2X",371,"I371T",4.14918189638483,"2009218403","35","comparison","T",9.59606574609154,6.5774063828349
"panel_09","2X I371T - Mean: 4.149","34_35","PBP2X",371,"I371T",4.14918189638483,"2009214138","35","comparison","T",8.66932254038443,6.06233696182665
"panel_09","2X I371T - Mean: 4.149","34_35","PBP2X",371,"I371T",4.14918189638483,"2009213970","35","comparison","T",9.65908379288261,5.42141210643745
"panel_09","2X I371T - Mean: 4.149","34_35","PBP2X",371,"I371T",4.14918189638483,"6895-06","35","comparison","T",9.24523981507127,5.85858932911152
"panel_09","2X I371T - Mean: 4.149","34_35","PBP2X",371,"I371T",4.14918189638483,"2010208307","35","comparison","T",9.59606574608805,6.577406382833
"panel_09","2X I371T - Mean: 4.149","34_35","PBP2X",371,"I371T",4.14918189638483,"2009211299","35","comparison","T",8.66932254038656,6.06233696183038
"panel_09","2X I371T - Mean: 4.149","34_35","PBP2X",371,"I371T",4.14918189638483,"4567-06","35","comparison","T",9.65908379288317,5.42141210643782
"panel_09","2X I371T - Mean: 4.149","34_35","PBP2X",371,"I371T",4.14918189638483,"20154569","35","comparison","T",9.65908379288257,5.42141210643989
"panel_09","2X I371T - Mean: 4.149","34_35","PBP2X",371,"I371T",4.14918189638483,"2009214084","35","comparison","T",9.6590837928826,5.42141210643977
"panel_09","2X I371T - Mean: 4.149","34_35","PBP2X",371,"I371T",4.14918189638483,"2010208429","35","comparison","T",9.59606574609351,6.57740638283376
"panel_09","2X I371T - Mean: 4.149","34_35","PBP2X",371,"I371T",4.14918189638483,"2009217675","35","comparison","T",9.65908379288292,5.42141210643681
"panel_09","2X I371T - Mean: 4.149","34_35","PBP2X",371,"I371T",4.14918189638483,"2009205599","35","comparison","T",9.65908379288395,5.42141210644006
"panel_09","2X I371T - Mean: 4.149","34_35","PBP2X",371,"I371T",4.14918189638483,"20154570","35","comparison","T",9.65908379288441,5.42141210644085
"panel_09","2X I371T - Mean: 4.149","34_35","PBP2X",371,"I371T",4.14918189638483,"2010216160","35","comparison","T",9.23577524499936,6.86072152964548
"panel_09","2X I371T - Mean: 4.149","34_35","PBP2X",371,"I371T",4.14918189638483,"2010200695","35","comparison","T",9.02885421759753,6.10943869666079
"panel_09","2X I371T - Mean: 4.149","34_35","PBP2X",371,"I371T",4.14918189638483,"2010205384","35","comparison","T",9.23577524499662,6.86072152964576
"panel_09","2X I371T - Mean: 4.149","34_35","PBP2X",371,"I371T",4.14918189638483,"2009213998","35","comparison","T",9.6590837928833,5.42141210644009
"panel_09","2X I371T - Mean: 4.149","34_35","PBP2X",371,"I371T",4.14918189638483,"2009214092","35","comparison","T",8.66932254038477,6.06233696182827
"panel_09","2X I371T - Mean: 4.149","34_35","PBP2X",371,"I371T",4.14918189638483,"2009215771","35","comparison","T",9.18359734722086,5.0569919321828
"panel_09","2X I371T - Mean: 4.149","34_35","PBP2X",371,"I371T",4.14918189638483,"2010206720","35","comparison","T",9.24523981507376,5.85858932911087
"panel_09","2X I371T - Mean: 4.149","34_35","PBP2X",371,"I371T",4.14918189638483,"20154465","35","comparison","T",9.24523981507346,5.85858932911569
"panel_09","2X I371T - Mean: 4.149","34_35","PBP2X",371,"I371T",4.14918189638483,"2012224878","35","comparison","T",10.1320986484764,6.88259518133501
"panel_09","2X I371T - Mean: 4.149","34_35","PBP2X",371,"I371T",4.14918189638483,"20153266","35","comparison","T",9.65908379288193,5.42141210643755
"panel_09","2X I371T - Mean: 4.149","34_35","PBP2X",371,"I371T",4.14918189638483,"2009209868","35","comparison","T",9.65908379288153,5.42141210643919
"panel_09","2X I371T - Mean: 4.149","34_35","PBP2X",371,"I371T",4.14918189638483,"2009217687","35","comparison","T",9.65908379288221,5.42141210643759
"panel_09","2X I371T - Mean: 4.149","34_35","PBP2X",371,"I371T",4.14918189638483,"6035-07","35","comparison","T",8.78092876278524,6.75021611128494
"panel_09","2X I371T - Mean: 4.149","34_35","PBP2X",371,"I371T",4.14918189638483,"20154499","35","comparison","T",10.2564628410328,5.68296226575975
"panel_09","2X I371T - Mean: 4.149","34_35","PBP2X",371,"I371T",4.14918189638483,"2010209998","35","comparison","T",9.65908379288094,5.42141210643831
"panel_09","2X I371T - Mean: 4.149","34_35","PBP2X",371,"I371T",4.14918189638483,"2009216731","35","comparison","T",9.24523981507297,5.85858932911491
"panel_09","2X I371T - Mean: 4.149","34_35","PBP2X",371,"I371T",4.14918189638483,"2010205418","35","comparison","T",8.34352513832542,4.35466038425335
"panel_09","2X I371T - Mean: 4.149","34_35","PBP2X",371,"I371T",4.14918189638483,"2012214930","35","comparison","T",9.65908379288134,5.42141210643635
"panel_09","2X I371T - Mean: 4.149","34_35","PBP2X",371,"I371T",4.14918189638483,"20153996","35","comparison","T",9.65908379288492,5.42141210643789
"panel_09","2X I371T - Mean: 4.149","34_35","PBP2X",371,"I371T",4.14918189638483,"20154714","35","comparison","T",9.07511339468212,5.69091886841901
"panel_09","2X I371T - Mean: 4.149","34_35","PBP2X",371,"I371T",4.14918189638483,"20154759","35","comparison","T",8.66932254038456,6.06233696182945
"panel_09","2X I371T - Mean: 4.149","34_35","PBP2X",371,"I371T",4.14918189638483,"20154915","35","comparison","T",9.6590837928833,5.42141210643989
"panel_09","2X I371T - Mean: 4.149","34_35","PBP2X",371,"I371T",4.14918189638483,"20154986","35","comparison","T",9.59606574608923,6.57740638283381
"panel_09","2X I371T - Mean: 4.149","34_35","PBP2X",371,"I371T",4.14918189638483,"20155001","35","comparison","T",9.59606574609334,6.57740638283542
"panel_09","2X I371T - Mean: 4.149","34_35","PBP2X",371,"I371T",4.14918189638483,"20155328","35","comparison","T",9.59606574609126,6.57740638283504
"panel_09","2X I371T - Mean: 4.149","34_35","PBP2X",371,"I371T",4.14918189638483,"20155427","35","comparison","T",9.59606574609312,6.57740638283387
"panel_09","2X I371T - Mean: 4.149","34_35","PBP2X",371,"I371T",4.14918189638483,"20155479","35","comparison","T",9.6590837928843,5.42141210644152
"panel_09","2X I371T - Mean: 4.149","34_35","PBP2X",371,"I371T",4.14918189638483,"20155543","35","comparison","T",8.66932254038576,6.06233696183011
"panel_09","2X I371T - Mean: 4.149","34_35","PBP2X",371,"I371T",4.14918189638483,"20155968","35","comparison","T",9.59606574608934,6.57740638283842
"panel_09","2X I371T - Mean: 4.149","34_35","PBP2X",371,"I371T",4.14918189638483,"20155991","35","comparison","T",9.59606574608781,6.57740638283502
"panel_09","2X I371T - Mean: 4.149","34_35","PBP2X",371,"I371T",4.14918189638483,"20156006","35","comparison","T",8.98048553307432,4.17621780118036
"panel_09","2X I371T - Mean: 4.149","34_35","PBP2X",371,"I371T",4.14918189638483,"20156589","35","comparison","T",9.07511339468248,5.69091886841934
"panel_09","2X I371T - Mean: 4.149","34_35","PBP2X",371,"I371T",4.14918189638483,"20156590","35","comparison","T",9.65908379288344,5.42141210644015
"panel_09","2X I371T - Mean: 4.149","34_35","PBP2X",371,"I371T",4.14918189638483,"20160094","34","reference","I",3.55209271479452,4.58957071622573
"panel_09","2X I371T - Mean: 4.149","34_35","PBP2X",371,"I371T",4.14918189638483,"20160104","35","comparison","T",9.65908379288384,5.42141210643985
"panel_09","2X I371T - Mean: 4.149","34_35","PBP2X",371,"I371T",4.14918189638483,"20160109","35","comparison","T",9.65908379288262,5.42141210644148
"panel_09","2X I371T - Mean: 4.149","34_35","PBP2X",371,"I371T",4.14918189638483,"20160126","35","comparison","T",9.65908379288284,5.42141210644109
"panel_09","2X I371T - Mean: 4.149","34_35","PBP2X",371,"I371T",4.14918189638483,"20160301","35","comparison","T",9.24523981507363,5.85858932910893
"panel_09","2X I371T - Mean: 4.149","34_35","PBP2X",371,"I371T",4.14918189638483,"20160525","35","comparison","T",9.65908379288316,5.4214121064407
"panel_09","2X I371T - Mean: 4.149","34_35","PBP2X",371,"I371T",4.14918189638483,"20160554","35","comparison","T",9.65908379288314,5.42141210643983
"panel_09","2X I371T - Mean: 4.149","34_35","PBP2X",371,"I371T",4.14918189638483,"20160558","35","comparison","T",8.68315218081561,4.01620958136779
"panel_09","2X I371T - Mean: 4.149","34_35","PBP2X",371,"I371T",4.14918189638483,"20160731","35","comparison","T",9.24523981507275,5.85858932911193
"panel_09","2X I371T - Mean: 4.149","34_35","PBP2X",371,"I371T",4.14918189638483,"20161279","35","comparison","T",9.59606574608928,6.57740638283655
"panel_09","2X I371T - Mean: 4.149","34_35","PBP2X",371,"I371T",4.14918189638483,"20161609","35","comparison","T",8.34352513832812,4.35466038425568
"panel_09","2X I371T - Mean: 4.149","34_35","PBP2X",371,"I371T",4.14918189638483,"20161613","35","comparison","T",9.65908379288272,5.42141210643542
"panel_09","2X I371T - Mean: 4.149","34_35","PBP2X",371,"I371T",4.14918189638483,"20161793","35","comparison","T",9.65908379288247,5.4214121064376
"panel_09","2X I371T - Mean: 4.149","34_35","PBP2X",371,"I371T",4.14918189638483,"20161822","35","comparison","T",8.66932254038509,6.06233696182867
"panel_10","2X D378E - Mean: 1.254","11_12","PBP2X",378,"D378E",1.25396214778225,"2010216082","11","reference","D",7.52179270118779,6.89999614090705
"panel_10","2X D378E - Mean: 1.254","11_12","PBP2X",378,"D378E",1.25396214778225,"2009218384","11","reference","D",6.14633169055737,4.91621599327808
"panel_10","2X D378E - Mean: 1.254","11_12","PBP2X",378,"D378E",1.25396214778225,"20152910","11","reference","D",8.38979793628181,3.44352101585047
"panel_10","2X D378E - Mean: 1.254","11_12","PBP2X",378,"D378E",1.25396214778225,"2014205019","11","reference","D",7.12622085633965,5.88250181833616
"panel_10","2X D378E - Mean: 1.254","11_12","PBP2X",378,"D378E",1.25396214778225,"20153422","11","reference","D",7.61773075901776,5.77464645647382
"panel_10","2X D378E - Mean: 1.254","11_12","PBP2X",378,"D378E",1.25396214778225,"20154458","11","reference","D",9.18359734722123,5.05699193218466
"panel_10","2X D378E - Mean: 1.254","11_12","PBP2X",378,"D378E",1.25396214778225,"2009215833","11","reference","D",8.65083539432341,4.9244866101454
"panel_10","2X D378E - Mean: 1.254","11_12","PBP2X",378,"D378E",1.25396214778225,"2009216934","11","reference","D",6.85628607649019,6.38499490593222
"panel_10","2X D378E - Mean: 1.254","11_12","PBP2X",378,"D378E",1.25396214778225,"2014203084","11","reference","D",7.08791087429838,5.67680030567236
"panel_10","2X D378E - Mean: 1.254","11_12","PBP2X",378,"D378E",1.25396214778225,"2010220053","11","reference","D",7.33540918563853,6.0383355166829
"panel_10","2X D378E - Mean: 1.254","11_12","PBP2X",378,"D378E",1.25396214778225,"8290-07","11","reference","D",8.65083539433001,4.92448661014814
"panel_10","2X D378E - Mean: 1.254","11_12","PBP2X",378,"D378E",1.25396214778225,"2009218376","11","reference","D",6.66007708884379,4.26423500077208
"panel_10","2X D378E - Mean: 1.254","11_12","PBP2X",378,"D378E",1.25396214778225,"2009215630","12","comparison","E",7.93566711189671,5.76020249340916
"panel_10","2X D378E - Mean: 1.254","11_12","PBP2X",378,"D378E",1.25396214778225,"20153940","11","reference","D",8.30581267375952,5.90077634952989
"panel_10","2X D378E - Mean: 1.254","11_12","PBP2X",378,"D378E",1.25396214778225,"20154753","11","reference","D",7.20627350072553,4.44530953876196
"panel_10","2X D378E - Mean: 1.254","11_12","PBP2X",378,"D378E",1.25396214778225,"20155462","11","reference","D",5.67490740125502,2.42591661556547
"panel_10","2X D378E - Mean: 1.254","11_12","PBP2X",378,"D378E",1.25396214778225,"20160309","11","reference","D",7.61773075901904,5.77464645647633
"panel_10","2X D378E - Mean: 1.254","11_12","PBP2X",378,"D378E",1.25396214778225,"20160577","11","reference","D",7.20627350072506,4.44530953876043
"panel_10","2X D378E - Mean: 1.254","11_12","PBP2X",378,"D378E",1.25396214778225,"20161606","11","reference","D",6.78069468539784,3.3710558575879
"panel_10","2X D378E - Mean: 1.254","11_12","PBP2X",378,"D378E",1.25396214778225,"20161989","11","reference","D",8.65083539432638,4.9244866101498
"panel_11","2X D378E (2) - Mean: 1.286","54_56","PBP2X",378,"D378E",1.28587647593969,"2009219987","54","reference","D",6.66007708884735,4.26423500077588
"panel_11","2X D378E (2) - Mean: 1.286","54_56","PBP2X",378,"D378E",1.28587647593969,"2012224861","56","comparison","E",8.34352513832856,4.3546603842571
"panel_11","2X D378E (2) - Mean: 1.286","54_56","PBP2X",378,"D378E",1.28587647593969,"2013212446","56","comparison","E",6.76705445554756,5.00367069509542
"panel_11","2X D378E (2) - Mean: 1.286","54_56","PBP2X",378,"D378E",1.28587647593969,"2009217700","56","comparison","E",8.3435251383285,4.35466038425935
"panel_11","2X D378E (2) - Mean: 1.286","54_56","PBP2X",378,"D378E",1.28587647593969,"2013214718","56","comparison","E",8.34352513832702,4.35466038425934
"panel_11","2X D378E (2) - Mean: 1.286","54_56","PBP2X",378,"D378E",1.28587647593969,"20154582","56","comparison","E",3.46609997035252,2.89300823389976
"panel_11","2X D378E (2) - Mean: 1.286","54_56","PBP2X",378,"D378E",1.28587647593969,"20154350","56","comparison","E",5.77087802462017,3.93545496171595
"panel_11","2X D378E (2) - Mean: 1.286","54_56","PBP2X",378,"D378E",1.28587647593969,"2012219141","56","comparison","E",7.7396216283022,4.74900003269962
"panel_11","2X D378E (2) - Mean: 1.286","54_56","PBP2X",378,"D378E",1.28587647593969,"2013228260","56","comparison","E",8.34352513832586,4.35466038425846
"panel_11","2X D378E (2) - Mean: 1.286","54_56","PBP2X",378,"D378E",1.28587647593969,"2012221327","56","comparison","E",8.34352513832638,4.35466038425972
"panel_11","2X D378E (2) - Mean: 1.286","54_56","PBP2X",378,"D378E",1.28587647593969,"20152954","56","comparison","E",7.73962162830362,4.74900003270278
"panel_11","2X D378E (2) - Mean: 1.286","54_56","PBP2X",378,"D378E",1.28587647593969,"20152960","56","comparison","E",7.20627350072608,4.44530953875982
"panel_11","2X D378E (2) - Mean: 1.286","54_56","PBP2X",378,"D378E",1.28587647593969,"2013222801","56","comparison","E",6.63710624722374,4.6762183542527
"panel_11","2X D378E (2) - Mean: 1.286","54_56","PBP2X",378,"D378E",1.28587647593969,"2013208723","56","comparison","E",6.27362546725448,5.07799229372711
"panel_11","2X D378E (2) - Mean: 1.286","54_56","PBP2X",378,"D378E",1.28587647593969,"2012218206","56","comparison","E",8.18823384408598,5.66647671859759
"panel_11","2X D378E (2) - Mean: 1.286","54_56","PBP2X",378,"D378E",1.28587647593969,"2012215593","56","comparison","E",7.73962162830325,4.74900003269973
"panel_11","2X D378E (2) - Mean: 1.286","54_56","PBP2X",378,"D378E",1.28587647593969,"20153308","56","comparison","E",8.34352513832956,4.3546603842572
"panel_11","2X D378E (2) - Mean: 1.286","54_56","PBP2X",378,"D378E",1.28587647593969,"2014201471","56","comparison","E",8.3435251383291,4.35466038425767
"panel_11","2X D378E (2) - Mean: 1.286","54_56","PBP2X",378,"D378E",1.28587647593969,"20152651","56","comparison","E",7.73962162830129,4.74900003270134
"panel_11","2X D378E (2) - Mean: 1.286","54_56","PBP2X",378,"D378E",1.28587647593969,"20152635","56","comparison","E",7.19433712497711,3.39211680303381
"panel_11","2X D378E (2) - Mean: 1.286","54_56","PBP2X",378,"D378E",1.28587647593969,"20154861","56","comparison","E",8.10299312456889,4.09308684608491
"panel_11","2X D378E (2) - Mean: 1.286","54_56","PBP2X",378,"D378E",1.28587647593969,"20152712","56","comparison","E",8.34352513832954,4.35466038425426
"panel_11","2X D378E (2) - Mean: 1.286","54_56","PBP2X",378,"D378E",1.28587647593969,"2013224752","56","comparison","E",7.17825902775315,3.24710510735326
"panel_11","2X D378E (2) - Mean: 1.286","54_56","PBP2X",378,"D378E",1.28587647593969,"20154575","56","comparison","E",8.34352513832805,4.35466038425769
"panel_11","2X D378E (2) - Mean: 1.286","54_56","PBP2X",378,"D378E",1.28587647593969,"20154457","56","comparison","E",6.29685974493976,3.6634040428705
"panel_11","2X D378E (2) - Mean: 1.286","54_56","PBP2X",378,"D378E",1.28587647593969,"2012214448","56","comparison","E",7.20627350072429,4.44530953875892
"panel_11","2X D378E (2) - Mean: 1.286","54_56","PBP2X",378,"D378E",1.28587647593969,"2010206372","56","comparison","E",6.63723996781745,3.46487724912405
"panel_11","2X D378E (2) - Mean: 1.286","54_56","PBP2X",378,"D378E",1.28587647593969,"20151623","56","comparison","E",7.73962162830277,4.74900003270018
"panel_11","2X D378E (2) - Mean: 1.286","54_56","PBP2X",378,"D378E",1.28587647593969,"20152130","56","comparison","E",8.18823384408407,5.66647671859872
"panel_11","2X D378E (2) - Mean: 1.286","54_56","PBP2X",378,"D378E",1.28587647593969,"2012215605","56","comparison","E",8.34352513832831,4.35466038426036
"panel_11","2X D378E (2) - Mean: 1.286","54_56","PBP2X",378,"D378E",1.28587647593969,"20153478","56","comparison","E",7.73962162830353,4.74900003269952
"panel_11","2X D378E (2) - Mean: 1.286","54_56","PBP2X",378,"D378E",1.28587647593969,"20152953","56","comparison","E",8.3435251383298,4.35466038425628
"panel_11","2X D378E (2) - Mean: 1.286","54_56","PBP2X",378,"D378E",1.28587647593969,"2013212825","56","comparison","E",6.78069468540016,3.37105585758261
"panel_11","2X D378E (2) - Mean: 1.286","54_56","PBP2X",378,"D378E",1.28587647593969,"20152649","56","comparison","E",7.20627350072624,4.44530953876317
"panel_11","2X D378E (2) - Mean: 1.286","54_56","PBP2X",378,"D378E",1.28587647593969,"20153526","56","comparison","E",7.87776905643675,3.95745209009772
"panel_11","2X D378E (2) - Mean: 1.286","54_56","PBP2X",378,"D378E",1.28587647593969,"2013206354","56","comparison","E",6.63710624722272,4.67621835425017
"panel_11","2X D378E (2) - Mean: 1.286","54_56","PBP2X",378,"D378E",1.28587647593969,"20153206","56","comparison","E",8.34352513832611,4.35466038425887
"panel_11","2X D378E (2) - Mean: 1.286","54_56","PBP2X",378,"D378E",1.28587647593969,"20153004","56","comparison","E",8.34352513832802,4.35466038425968
"panel_11","2X D378E (2) - Mean: 1.286","54_56","PBP2X",378,"D378E",1.28587647593969,"2009218297","56","comparison","E",7.87776905643627,3.95745209010047
"panel_11","2X D378E (2) - Mean: 1.286","54_56","PBP2X",378,"D378E",1.28587647593969,"20152255","56","comparison","E",8.34352513832923,4.35466038425572
"panel_11","2X D378E (2) - Mean: 1.286","54_56","PBP2X",378,"D378E",1.28587647593969,"2012224849","56","comparison","E",7.73962162830297,4.74900003269785
"panel_11","2X D378E (2) - Mean: 1.286","54_56","PBP2X",378,"D378E",1.28587647593969,"2013201129","56","comparison","E",7.19433712497932,3.39211680304109
"panel_11","2X D378E (2) - Mean: 1.286","54_56","PBP2X",378,"D378E",1.28587647593969,"2013209097","56","comparison","E",7.73962162830315,4.74900003269896
"panel_11","2X D378E (2) - Mean: 1.286","54_56","PBP2X",378,"D378E",1.28587647593969,"20152247","56","comparison","E",7.20627350072455,4.44530953875781
"panel_11","2X D378E (2) - Mean: 1.286","54_56","PBP2X",378,"D378E",1.28587647593969,"2013216682","56","comparison","E",7.7396216283023,4.74900003269575
"panel_11","2X D378E (2) - Mean: 1.286","54_56","PBP2X",378,"D378E",1.28587647593969,"2010220311","56","comparison","E",7.84560623712853,3.86012446632801
"panel_11","2X D378E (2) - Mean: 1.286","54_56","PBP2X",378,"D378E",1.28587647593969,"2013202263","56","comparison","E",7.73962162830163,4.74900003269682
"panel_11","2X D378E (2) - Mean: 1.286","54_56","PBP2X",378,"D378E",1.28587647593969,"2012221960","56","comparison","E",7.20627350072459,4.4453095387617
"panel_11","2X D378E (2) - Mean: 1.286","54_56","PBP2X",378,"D378E",1.28587647593969,"20151895","56","comparison","E",8.48357457269791,5.48339834625431
"panel_11","2X D378E (2) - Mean: 1.286","54_56","PBP2X",378,"D378E",1.28587647593969,"20151893","56","comparison","E",8.34352513832989,4.35466038426125
"panel_11","2X D378E (2) - Mean: 1.286","54_56","PBP2X",378,"D378E",1.28587647593969,"2013226869","56","comparison","E",7.73962162830132,4.74900003270053
"panel_11","2X D378E (2) - Mean: 1.286","54_56","PBP2X",378,"D378E",1.28587647593969,"2013221282","56","comparison","E",8.34352513832648,4.35466038425776
"panel_11","2X D378E (2) - Mean: 1.286","54_56","PBP2X",378,"D378E",1.28587647593969,"20154264","56","comparison","E",7.73962162830239,4.74900003269603
"panel_11","2X D378E (2) - Mean: 1.286","54_56","PBP2X",378,"D378E",1.28587647593969,"2013213343","56","comparison","E",7.73962162830038,4.74900003269801
"panel_11","2X D378E (2) - Mean: 1.286","54_56","PBP2X",378,"D378E",1.28587647593969,"2012215608","56","comparison","E",7.19433712497739,3.39211680303752
"panel_11","2X D378E (2) - Mean: 1.286","54_56","PBP2X",378,"D378E",1.28587647593969,"2013219289","56","comparison","E",8.22381896934606,4.43611566860097
"panel_11","2X D378E (2) - Mean: 1.286","54_56","PBP2X",378,"D378E",1.28587647593969,"20153229","56","comparison","E",6.78069468539864,3.371055857588
"panel_11","2X D378E (2) - Mean: 1.286","54_56","PBP2X",378,"D378E",1.28587647593969,"2013213707","56","comparison","E",7.07115589649512,5.16483240682024
"panel_11","2X D378E (2) - Mean: 1.286","54_56","PBP2X",378,"D378E",1.28587647593969,"20152896","56","comparison","E",6.63710624722348,4.67621835425326
"panel_11","2X D378E (2) - Mean: 1.286","54_56","PBP2X",378,"D378E",1.28587647593969,"20152805","56","comparison","E",8.34352513832841,4.35466038426097
"panel_11","2X D378E (2) - Mean: 1.286","54_56","PBP2X",378,"D378E",1.28587647593969,"20153245","56","comparison","E",6.78069468539638,3.37105585758646
"panel_11","2X D378E (2) - Mean: 1.286","54_56","PBP2X",378,"D378E",1.28587647593969,"20153901","56","comparison","E",7.20627350072585,4.44530953876086
"panel_11","2X D378E (2) - Mean: 1.286","54_56","PBP2X",378,"D378E",1.28587647593969,"20153902","56","comparison","E",7.20627350072394,4.44530953876043
"panel_11","2X D378E (2) - Mean: 1.286","54_56","PBP2X",378,"D378E",1.28587647593969,"20153937","56","comparison","E",8.34352513832782,4.35466038425435
"panel_11","2X D378E (2) - Mean: 1.286","54_56","PBP2X",378,"D378E",1.28587647593969,"20153945","56","comparison","E",7.20627350072331,4.44530953876166
"panel_11","2X D378E (2) - Mean: 1.286","54_56","PBP2X",378,"D378E",1.28587647593969,"20153974","56","comparison","E",8.34352513832657,4.35466038425807
"panel_11","2X D378E (2) - Mean: 1.286","54_56","PBP2X",378,"D378E",1.28587647593969,"20154698","56","comparison","E",7.73962162830216,4.7490000327001
"panel_11","2X D378E (2) - Mean: 1.286","54_56","PBP2X",378,"D378E",1.28587647593969,"20154709","56","comparison","E",8.34352513832835,4.35466038425735
"panel_11","2X D378E (2) - Mean: 1.286","54_56","PBP2X",378,"D378E",1.28587647593969,"20154740","56","comparison","E",7.20627350072551,4.44530953875743
"panel_11","2X D378E (2) - Mean: 1.286","54_56","PBP2X",378,"D378E",1.28587647593969,"20154762","56","comparison","E",7.73962162830257,4.74900003270085
"panel_11","2X D378E (2) - Mean: 1.286","54_56","PBP2X",378,"D378E",1.28587647593969,"20154764","56","comparison","E",7.73962162830257,4.74900003270097
"panel_11","2X D378E (2) - Mean: 1.286","54_56","PBP2X",378,"D378E",1.28587647593969,"20154871","56","comparison","E",7.20627350072404,4.44530953875694
"panel_11","2X D378E (2) - Mean: 1.286","54_56","PBP2X",378,"D378E",1.28587647593969,"20154894","56","comparison","E",8.34352513832944,4.35466038425936
"panel_11","2X D378E (2) - Mean: 1.286","54_56","PBP2X",378,"D378E",1.28587647593969,"20154898","56","comparison","E",7.73962162830274,4.74900003269661
"panel_11","2X D378E (2) - Mean: 1.286","54_56","PBP2X",378,"D378E",1.28587647593969,"20154904","56","comparison","E",7.20627350072512,4.44530953876167
"panel_11","2X D378E (2) - Mean: 1.286","54_56","PBP2X",378,"D378E",1.28587647593969,"20154923","56","comparison","E",7.73962162830398,4.74900003269894
"panel_11","2X D378E (2) - Mean: 1.286","54_56","PBP2X",378,"D378E",1.28587647593969,"20154941","56","comparison","E",7.20627350072531,4.44530953875979
"panel_11","2X D378E (2) - Mean: 1.286","54_56","PBP2X",378,"D378E",1.28587647593969,"20154985","56","comparison","E",6.78069468539804,3.37105585758731
"panel_11","2X D378E (2) - Mean: 1.286","54_56","PBP2X",378,"D378E",1.28587647593969,"20155252","56","comparison","E",7.20627350072511,4.44530953876231
"panel_11","2X D378E (2) - Mean: 1.286","54_56","PBP2X",378,"D378E",1.28587647593969,"20155285","56","comparison","E",7.20627350072535,4.44530953876076
"panel_11","2X D378E (2) - Mean: 1.286","54_56","PBP2X",378,"D378E",1.28587647593969,"20155301","56","comparison","E",7.73962162830054,4.74900003270211
"panel_11","2X D378E (2) - Mean: 1.286","54_56","PBP2X",378,"D378E",1.28587647593969,"20155341","56","comparison","E",8.34352513832833,4.35466038425852
"panel_11","2X D378E (2) - Mean: 1.286","54_56","PBP2X",378,"D378E",1.28587647593969,"20155424","56","comparison","E",7.73962162830298,4.74900003269976
"panel_11","2X D378E (2) - Mean: 1.286","54_56","PBP2X",378,"D378E",1.28587647593969,"20155436","56","comparison","E",7.20627350072503,4.44530953876026
"panel_11","2X D378E (2) - Mean: 1.286","54_56","PBP2X",378,"D378E",1.28587647593969,"20155454","56","comparison","E",0.68943539096173,0.782171695754266
"panel_11","2X D378E (2) - Mean: 1.286","54_56","PBP2X",378,"D378E",1.28587647593969,"20155483","56","comparison","E",6.27362546725532,5.07799229372611
"panel_11","2X D378E (2) - Mean: 1.286","54_56","PBP2X",378,"D378E",1.28587647593969,"20155510","56","comparison","E",6.63723996781771,3.46487724912195
"panel_11","2X D378E (2) - Mean: 1.286","54_56","PBP2X",378,"D378E",1.28587647593969,"20155511","56","comparison","E",6.63723996781999,3.46487724911918
"panel_11","2X D378E (2) - Mean: 1.286","54_56","PBP2X",378,"D378E",1.28587647593969,"20155530","56","comparison","E",8.34352513832886,4.35466038425996
"panel_11","2X D378E (2) - Mean: 1.286","54_56","PBP2X",378,"D378E",1.28587647593969,"20155537","56","comparison","E",6.63710624722273,4.67621835425331
"panel_11","2X D378E (2) - Mean: 1.286","54_56","PBP2X",378,"D378E",1.28587647593969,"20155901","56","comparison","E",6.78069468540025,3.37105585758698
"panel_11","2X D378E (2) - Mean: 1.286","54_56","PBP2X",378,"D378E",1.28587647593969,"20155922","56","comparison","E",7.20627350072595,4.44530953876013
"panel_11","2X D378E (2) - Mean: 1.286","54_56","PBP2X",378,"D378E",1.28587647593969,"20155951","56","comparison","E",7.73962162830112,4.7490000327002
"panel_11","2X D378E (2) - Mean: 1.286","54_56","PBP2X",378,"D378E",1.28587647593969,"20156078","56","comparison","E",7.20627350072402,4.44530953875862
"panel_11","2X D378E (2) - Mean: 1.286","54_56","PBP2X",378,"D378E",1.28587647593969,"20156298","56","comparison","E",8.18823384408675,5.66647671860076
"panel_11","2X D378E (2) - Mean: 1.286","54_56","PBP2X",378,"D378E",1.28587647593969,"20156301","56","comparison","E",6.63710624722401,4.67621835425061
"panel_11","2X D378E (2) - Mean: 1.286","54_56","PBP2X",378,"D378E",1.28587647593969,"20156540","56","comparison","E",6.6371062472208,4.67621835425393
"panel_11","2X D378E (2) - Mean: 1.286","54_56","PBP2X",378,"D378E",1.28587647593969,"20156581","56","comparison","E",6.63710624722303,4.67621835425225
"panel_11","2X D378E (2) - Mean: 1.286","54_56","PBP2X",378,"D378E",1.28587647593969,"20156649","56","comparison","E",6.63710624722256,4.67621835425162
"panel_11","2X D378E (2) - Mean: 1.286","54_56","PBP2X",378,"D378E",1.28587647593969,"20156659","56","comparison","E",6.29192209513901,3.63051203134944
"panel_11","2X D378E (2) - Mean: 1.286","54_56","PBP2X",378,"D378E",1.28587647593969,"20156666","56","comparison","E",7.2062735007249,4.44530953875828
"panel_11","2X D378E (2) - Mean: 1.286","54_56","PBP2X",378,"D378E",1.28587647593969,"20156670","56","comparison","E",8.34352513832704,4.35466038425997
"panel_11","2X D378E (2) - Mean: 1.286","54_56","PBP2X",378,"D378E",1.28587647593969,"20156677","56","comparison","E",7.73962162830261,4.74900003270087
"panel_11","2X D378E (2) - Mean: 1.286","54_56","PBP2X",378,"D378E",1.28587647593969,"20156678","56","comparison","E",7.38762470792661,2.98231361130299
"panel_11","2X D378E (2) - Mean: 1.286","54_56","PBP2X",378,"D378E",1.28587647593969,"20156689","56","comparison","E",5.50717455799032,3.63388403605044
"panel_11","2X D378E (2) - Mean: 1.286","54_56","PBP2X",378,"D378E",1.28587647593969,"20156933","56","comparison","E",7.20627350072485,4.4453095387614
"panel_11","2X D378E (2) - Mean: 1.286","54_56","PBP2X",378,"D378E",1.28587647593969,"20156936","56","comparison","E",7.73962162830365,4.74900003270111
"panel_11","2X D378E (2) - Mean: 1.286","54_56","PBP2X",378,"D378E",1.28587647593969,"20160273","56","comparison","E",6.09788852227297,5.48718212839731
"panel_11","2X D378E (2) - Mean: 1.286","54_56","PBP2X",378,"D378E",1.28587647593969,"20160308","56","comparison","E",8.34352513832748,4.35466038425998
"panel_11","2X D378E (2) - Mean: 1.286","54_56","PBP2X",378,"D378E",1.28587647593969,"20160528","56","comparison","E",7.20627350072485,4.44530953875779
"panel_11","2X D378E (2) - Mean: 1.286","54_56","PBP2X",378,"D378E",1.28587647593969,"20160534","56","comparison","E",6.07988207170932,3.24014556756386
"panel_11","2X D378E (2) - Mean: 1.286","54_56","PBP2X",378,"D378E",1.28587647593969,"20160559","56","comparison","E",7.20627350072464,4.4453095387625
"panel_11","2X D378E (2) - Mean: 1.286","54_56","PBP2X",378,"D378E",1.28587647593969,"20160571","56","comparison","E",5.29997364677003,3.50337122320775
"panel_11","2X D378E (2) - Mean: 1.286","54_56","PBP2X",378,"D378E",1.28587647593969,"20160578","56","comparison","E",6.63710624722311,4.67621835425289
"panel_11","2X D378E (2) - Mean: 1.286","54_56","PBP2X",378,"D378E",1.28587647593969,"20160586","56","comparison","E",7.20627350072566,4.44530953876026
"panel_11","2X D378E (2) - Mean: 1.286","54_56","PBP2X",378,"D378E",1.28587647593969,"20160886","56","comparison","E",6.63710624722266,4.67621835425082
"panel_11","2X D378E (2) - Mean: 1.286","54_56","PBP2X",378,"D378E",1.28587647593969,"20160906","56","comparison","E",6.78069468539929,3.37105585758528
"panel_11","2X D378E (2) - Mean: 1.286","54_56","PBP2X",378,"D378E",1.28587647593969,"20160914","56","comparison","E",8.34352513832929,4.35466038425596
"panel_11","2X D378E (2) - Mean: 1.286","54_56","PBP2X",378,"D378E",1.28587647593969,"20161250","56","comparison","E",7.7396216283024,4.7490000326982
"panel_11","2X D378E (2) - Mean: 1.286","54_56","PBP2X",378,"D378E",1.28587647593969,"20161257","56","comparison","E",8.34352513832755,4.35466038425713
"panel_11","2X D378E (2) - Mean: 1.286","54_56","PBP2X",378,"D378E",1.28587647593969,"20161304","56","comparison","E",7.73962162830255,4.74900003270027
"panel_11","2X D378E (2) - Mean: 1.286","54_56","PBP2X",378,"D378E",1.28587647593969,"20161312","56","comparison","E",7.20627350072505,4.44530953876215
"panel_11","2X D378E (2) - Mean: 1.286","54_56","PBP2X",378,"D378E",1.28587647593969,"20161318","56","comparison","E",-0.486945071313815,-1.21771180143907
"panel_11","2X D378E (2) - Mean: 1.286","54_56","PBP2X",378,"D378E",1.28587647593969,"20161390","56","comparison","E",8.34352513832691,4.35466038425847
"panel_11","2X D378E (2) - Mean: 1.286","54_56","PBP2X",378,"D378E",1.28587647593969,"20161402","56","comparison","E",8.18823384408666,5.66647671860025
"panel_11","2X D378E (2) - Mean: 1.286","54_56","PBP2X",378,"D378E",1.28587647593969,"20161619","56","comparison","E",7.73962162830068,4.74900003270115
"panel_11","2X D378E (2) - Mean: 1.286","54_56","PBP2X",378,"D378E",1.28587647593969,"20161621","56","comparison","E",7.59007932457397,6.23223590874231
"panel_11","2X D378E (2) - Mean: 1.286","54_56","PBP2X",378,"D378E",1.28587647593969,"20161622","56","comparison","E",7.20627350072497,4.4453095387618
"panel_11","2X D378E (2) - Mean: 1.286","54_56","PBP2X",378,"D378E",1.28587647593969,"20161627","56","comparison","E",7.48719489799379,6.12319991883864
"panel_11","2X D378E (2) - Mean: 1.286","54_56","PBP2X",378,"D378E",1.28587647593969,"20161669","56","comparison","E",6.63723996781859,3.46487724912167
"panel_11","2X D378E (2) - Mean: 1.286","54_56","PBP2X",378,"D378E",1.28587647593969,"20161674","56","comparison","E",7.19433712497711,3.39211680304303
"panel_11","2X D378E (2) - Mean: 1.286","54_56","PBP2X",378,"D378E",1.28587647593969,"20161697","56","comparison","E",6.63710624722282,4.67621835425222
"panel_11","2X D378E (2) - Mean: 1.286","54_56","PBP2X",378,"D378E",1.28587647593969,"20161772","56","comparison","E",7.20627350072534,4.44530953876038
"panel_11","2X D378E (2) - Mean: 1.286","54_56","PBP2X",378,"D378E",1.28587647593969,"20161796","56","comparison","E",7.7396216283024,4.74900003270152
"panel_11","2X D378E (2) - Mean: 1.286","54_56","PBP2X",378,"D378E",1.28587647593969,"20161806","56","comparison","E",8.34352513832866,4.35466038425645
"panel_11","2X D378E (2) - Mean: 1.286","54_56","PBP2X",378,"D378E",1.28587647593969,"20162014","56","comparison","E",3.311166395733,1.559055323564
"panel_11","2X D378E (2) - Mean: 1.286","54_56","PBP2X",378,"D378E",1.28587647593969,"20162335","56","comparison","E",7.20627350072578,4.44530953876141
"panel_11","2X D378E (2) - Mean: 1.286","54_56","PBP2X",378,"D378E",1.28587647593969,"20162573","56","comparison","E",7.20627350072589,4.44530953875923
"panel_11","2X D378E (2) - Mean: 1.286","54_56","PBP2X",378,"D378E",1.28587647593969,"20163113","56","comparison","E",7.73962162830315,4.74900003269983
"panel_12","2X T400M - Mean: 1.077","40_41","PBP2X",400,"T400M",1.07673452889693,"2009209968","41","comparison","T",11.6386201436116,6.43271091441993
"panel_12","2X T400M - Mean: 1.077","40_41","PBP2X",400,"T400M",1.07673452889693,"20152204","41","comparison","T",10.5093766693944,4.57281274982078
"panel_12","2X T400M - Mean: 1.077","40_41","PBP2X",400,"T400M",1.07673452889693,"2009216796","41","comparison","T",11.2330658608454,6.02202998367834
"panel_12","2X T400M - Mean: 1.077","40_41","PBP2X",400,"T400M",1.07673452889693,"20154482","41","comparison","T",10.6810796357084,4.82375761253403
"panel_12","2X T400M - Mean: 1.077","40_41","PBP2X",400,"T400M",1.07673452889693,"2010205285","41","comparison","T",11.2330658608482,6.02202998367647
"panel_12","2X T400M - Mean: 1.077","40_41","PBP2X",400,"T400M",1.07673452889693,"2009211097","41","comparison","T",11.2330658608443,6.02202998366476
"panel_12","2X T400M - Mean: 1.077","40_41","PBP2X",400,"T400M",1.07673452889693,"20152216","41","comparison","T",12.1085963405394,6.10199446193057
"panel_12","2X T400M - Mean: 1.077","40_41","PBP2X",400,"T400M",1.07673452889693,"2013215756","41","comparison","T",11.2330658608432,6.02202998367256
"panel_12","2X T400M - Mean: 1.077","40_41","PBP2X",400,"T400M",1.07673452889693,"20154367","40","reference","M",11.3152097500515,4.59422552580286
"panel_12","2X T400M - Mean: 1.077","40_41","PBP2X",400,"T400M",1.07673452889693,"20160744","41","comparison","T",11.7573452714062,5.57599608274337
"panel_13","2X A550T - Mean: 1.599","95_97","PBP2X",550,"A550T",1.59871469029755,"20153258","95","reference","A",0.55993916703655,-2.15035021369792
"panel_13","2X A550T - Mean: 1.599","95_97","PBP2X",550,"A550T",1.59871469029755,"2009218336","95","reference","A",-0.609560861756836,-1.69941401503526
"panel_13","2X A550T - Mean: 1.599","95_97","PBP2X",550,"A550T",1.59871469029755,"2012218222","97","comparison","T",-1.4498094712688,-1.20336459298098
"panel_13","2X A550T - Mean: 1.599","95_97","PBP2X",550,"A550T",1.59871469029755,"2013209049","97","comparison","T",-1.44980947126862,-1.20336459298076
"panel_13","2X A550T - Mean: 1.599","95_97","PBP2X",550,"A550T",1.59871469029755,"20154467","97","comparison","T",-1.44980947126875,-1.20336459298109
"panel_13","2X A550T - Mean: 1.599","95_97","PBP2X",550,"A550T",1.59871469029755,"2010220284","97","comparison","T",-1.44980947126771,-1.20336459298036
"panel_13","2X A550T - Mean: 1.599","95_97","PBP2X",550,"A550T",1.59871469029755,"2010216272","97","comparison","T",-1.44980947127054,-1.20336459298179
"panel_13","2X A550T - Mean: 1.599","95_97","PBP2X",550,"A550T",1.59871469029755,"20153219","97","comparison","T",-1.44980947126738,-1.20336459298009
"panel_13","2X A550T - Mean: 1.599","95_97","PBP2X",550,"A550T",1.59871469029755,"20152641","97","comparison","T",-1.44980947126929,-1.20336459298113
"panel_13","2X A550T - Mean: 1.599","95_97","PBP2X",550,"A550T",1.59871469029755,"20154358","97","comparison","T",-1.44980947126841,-1.20336459298091
"panel_13","2X A550T - Mean: 1.599","95_97","PBP2X",550,"A550T",1.59871469029755,"2009212732","97","comparison","T",-1.44980947126831,-1.20336459298064
"panel_13","2X A550T - Mean: 1.599","95_97","PBP2X",550,"A550T",1.59871469029755,"20153282","97","comparison","T",-1.44980947126828,-1.20336459298061
"panel_13","2X A550T - Mean: 1.599","95_97","PBP2X",550,"A550T",1.59871469029755,"2010200703","97","comparison","T",-1.44980947126804,-1.20336459298056
"panel_13","2X A550T - Mean: 1.599","95_97","PBP2X",550,"A550T",1.59871469029755,"2013219866","97","comparison","T",-1.44980947126773,-1.20336459298028
"panel_13","2X A550T - Mean: 1.599","95_97","PBP2X",550,"A550T",1.59871469029755,"2009217716","97","comparison","T",-1.44980947126852,-1.20336459298089
"panel_13","2X A550T - Mean: 1.599","95_97","PBP2X",550,"A550T",1.59871469029755,"20154517","97","comparison","T",-1.44980947126758,-1.20336459298026
"panel_13","2X A550T - Mean: 1.599","95_97","PBP2X",550,"A550T",1.59871469029755,"2012224867","97","comparison","T",-1.44980947126742,-1.20336459298012
"panel_13","2X A550T - Mean: 1.599","95_97","PBP2X",550,"A550T",1.59871469029755,"2013206197","97","comparison","T",-1.44980947126805,-1.20336459298057
"panel_13","2X A550T - Mean: 1.599","95_97","PBP2X",550,"A550T",1.59871469029755,"2012218190","97","comparison","T",-1.44980947126729,-1.20336459298011
"panel_13","2X A550T - Mean: 1.599","95_97","PBP2X",550,"A550T",1.59871469029755,"2012213285","97","comparison","T",-1.44980947126928,-1.20336459298112
"panel_13","2X A550T - Mean: 1.599","95_97","PBP2X",550,"A550T",1.59871469029755,"20152958","97","comparison","T",-1.44980947126796,-1.20336459298055
"panel_13","2X A550T - Mean: 1.599","95_97","PBP2X",550,"A550T",1.59871469029755,"20154769","97","comparison","T",-1.44980947126858,-1.20336459298099
"panel_13","2X A550T - Mean: 1.599","95_97","PBP2X",550,"A550T",1.59871469029755,"20154579","97","comparison","T",-1.44980947127098,-1.20336459298228
"panel_13","2X A550T - Mean: 1.599","95_97","PBP2X",550,"A550T",1.59871469029755,"2009210878","97","comparison","T",-1.44980947126897,-1.20336459298101
"panel_13","2X A550T - Mean: 1.599","95_97","PBP2X",550,"A550T",1.59871469029755,"20153033","97","comparison","T",-1.4498094712703,-1.20336459298198
"panel_13","2X A550T - Mean: 1.599","95_97","PBP2X",550,"A550T",1.59871469029755,"20153007","97","comparison","T",-1.44980947126959,-1.2033645929813
"panel_13","2X A550T - Mean: 1.599","95_97","PBP2X",550,"A550T",1.59871469029755,"2013215796","97","comparison","T",-1.44980947126743,-1.20336459298006
"panel_13","2X A550T - Mean: 1.599","95_97","PBP2X",550,"A550T",1.59871469029755,"20154356","97","comparison","T",-1.44980947126833,-1.20336459298077
"panel_13","2X A550T - Mean: 1.599","95_97","PBP2X",550,"A550T",1.59871469029755,"2014201462","97","comparison","T",-1.44980947126796,-1.20336459298059
"panel_13","2X A550T - Mean: 1.599","95_97","PBP2X",550,"A550T",1.59871469029755,"20152887","97","comparison","T",-1.44980947126878,-1.20336459298099
"panel_13","2X A550T - Mean: 1.599","95_97","PBP2X",550,"A550T",1.59871469029755,"2012216040","97","comparison","T",-1.44980947126997,-1.20336459298159
"panel_13","2X A550T - Mean: 1.599","95_97","PBP2X",550,"A550T",1.59871469029755,"20151621","97","comparison","T",-1.44980947126775,-1.20336459298038
"panel_13","2X A550T - Mean: 1.599","95_97","PBP2X",550,"A550T",1.59871469029755,"2012218130","97","comparison","T",-1.44980947126855,-1.20336459298077
"panel_13","2X A550T - Mean: 1.599","95_97","PBP2X",550,"A550T",1.59871469029755,"2014202195","97","comparison","T",-1.44980947126744,-1.20336459298021
"panel_13","2X A550T - Mean: 1.599","95_97","PBP2X",550,"A550T",1.59871469029755,"2012224843","97","comparison","T",-1.44980947126727,-1.20336459297999
"panel_13","2X A550T - Mean: 1.599","95_97","PBP2X",550,"A550T",1.59871469029755,"20153213","97","comparison","T",-1.44980947126762,-1.2033645929803
"panel_13","2X A550T - Mean: 1.599","95_97","PBP2X",550,"A550T",1.59871469029755,"20153529","97","comparison","T",-1.44980947126756,-1.20336459298032
"panel_13","2X A550T - Mean: 1.599","95_97","PBP2X",550,"A550T",1.59871469029755,"2010200669","97","comparison","T",-1.44980947126869,-1.20336459298098
"panel_13","2X A550T - Mean: 1.599","95_97","PBP2X",550,"A550T",1.59871469029755,"2010216243","97","comparison","T",-1.44980947126752,-1.20336459298029
"panel_13","2X A550T - Mean: 1.599","95_97","PBP2X",550,"A550T",1.59871469029755,"2009218231","97","comparison","T",-1.44980947126741,-1.20336459298007
"panel_13","2X A550T - Mean: 1.599","95_97","PBP2X",550,"A550T",1.59871469029755,"20153126","97","comparison","T",-1.44980947126805,-1.20336459298039
"panel_13","2X A550T - Mean: 1.599","95_97","PBP2X",550,"A550T",1.59871469029755,"20154573","97","comparison","T",-1.44980947126763,-1.20336459298023
"panel_13","2X A550T - Mean: 1.599","95_97","PBP2X",550,"A550T",1.59871469029755,"20154501","97","comparison","T",-1.44980947127038,-1.20336459298184
"panel_13","2X A550T - Mean: 1.599","95_97","PBP2X",550,"A550T",1.59871469029755,"2013211724","97","comparison","T",-1.44980947126762,-1.20336459298033
"panel_13","2X A550T - Mean: 1.599","95_97","PBP2X",550,"A550T",1.59871469029755,"20152274","97","comparison","T",-1.4498094712678,-1.20336459298051
"panel_13","2X A550T - Mean: 1.599","95_97","PBP2X",550,"A550T",1.59871469029755,"2014201481","97","comparison","T",-1.44980947126912,-1.2033645929811
"panel_13","2X A550T - Mean: 1.599","95_97","PBP2X",550,"A550T",1.59871469029755,"20154463","97","comparison","T",-1.44980947126736,-1.20336459298013
"panel_13","2X A550T - Mean: 1.599","95_97","PBP2X",550,"A550T",1.59871469029755,"2010208449","97","comparison","T",-1.44980947126865,-1.20336459298106
"panel_13","2X A550T - Mean: 1.599","95_97","PBP2X",550,"A550T",1.59871469029755,"20152633","97","comparison","T",-1.44980947126761,-1.2033645929803
"panel_13","2X A550T - Mean: 1.599","95_97","PBP2X",550,"A550T",1.59871469029755,"20154273","97","comparison","T",-1.44980947126799,-1.20336459298051
"panel_13","2X A550T - Mean: 1.599","95_97","PBP2X",550,"A550T",1.59871469029755,"20153211","97","comparison","T",-1.44980947126796,-1.20336459298036
"panel_13","2X A550T - Mean: 1.599","95_97","PBP2X",550,"A550T",1.59871469029755,"2013211433","97","comparison","T",-1.44980947126725,-1.2033645929801
"panel_13","2X A550T - Mean: 1.599","95_97","PBP2X",550,"A550T",1.59871469029755,"2013214876","97","comparison","T",-1.44980947126798,-1.2033645929806
"panel_13","2X A550T - Mean: 1.599","95_97","PBP2X",550,"A550T",1.59871469029755,"20153019","97","comparison","T",-1.44980947126791,-1.2033645929804
"panel_13","2X A550T - Mean: 1.599","95_97","PBP2X",550,"A550T",1.59871469029755,"2014203844","97","comparison","T",-1.44980947126794,-1.20336459298056
"panel_13","2X A550T - Mean: 1.599","95_97","PBP2X",550,"A550T",1.59871469029755,"20153273","97","comparison","T",-1.44980947126744,-1.2033645929802
"panel_13","2X A550T - Mean: 1.599","95_97","PBP2X",550,"A550T",1.59871469029755,"20152813","97","comparison","T",-1.44980947126763,-1.20336459298028
"panel_13","2X A550T - Mean: 1.599","95_97","PBP2X",550,"A550T",1.59871469029755,"2009214002","97","comparison","T",-1.44980947126774,-1.20336459298041
"panel_13","2X A550T - Mean: 1.599","95_97","PBP2X",550,"A550T",1.59871469029755,"20153131","97","comparison","T",-1.44980947126789,-1.20336459298038
"panel_13","2X A550T - Mean: 1.599","95_97","PBP2X",550,"A550T",1.59871469029755,"2013210858","97","comparison","T",-1.44980947126783,-1.20336459298045
"panel_13","2X A550T - Mean: 1.599","95_97","PBP2X",550,"A550T",1.59871469029755,"20154327","97","comparison","T",-1.44980947126978,-1.2033645929813
"panel_13","2X A550T - Mean: 1.599","95_97","PBP2X",550,"A550T",1.59871469029755,"20151631","97","comparison","T",-1.44980947126804,-1.20336459298053
"panel_13","2X A550T - Mean: 1.599","95_97","PBP2X",550,"A550T",1.59871469029755,"2014200767","97","comparison","T",-1.44980947126751,-1.20336459298023
"panel_13","2X A550T - Mean: 1.599","95_97","PBP2X",550,"A550T",1.59871469029755,"20153018","97","comparison","T",-1.44980947126708,-1.20336459297989
"panel_13","2X A550T - Mean: 1.599","95_97","PBP2X",550,"A550T",1.59871469029755,"20154498","97","comparison","T",-1.44980947126878,-1.20336459298093
"panel_13","2X A550T - Mean: 1.599","95_97","PBP2X",550,"A550T",1.59871469029755,"20154265","97","comparison","T",-1.44980947126767,-1.2033645929803
"panel_13","2X A550T - Mean: 1.599","95_97","PBP2X",550,"A550T",1.59871469029755,"2012215791","97","comparison","T",-1.44980947126726,-1.20336459297999
"panel_13","2X A550T - Mean: 1.599","95_97","PBP2X",550,"A550T",1.59871469029755,"2009209970","97","comparison","T",-1.44980947126877,-1.20336459298084
"panel_13","2X A550T - Mean: 1.599","95_97","PBP2X",550,"A550T",1.59871469029755,"2013209129","97","comparison","T",-1.44980947126745,-1.20336459298016
"panel_13","2X A550T - Mean: 1.599","95_97","PBP2X",550,"A550T",1.59871469029755,"2013202641","97","comparison","T",-1.44980947126746,-1.20336459298021
"panel_13","2X A550T - Mean: 1.599","95_97","PBP2X",550,"A550T",1.59871469029755,"20154267","97","comparison","T",-1.44980947126831,-1.2033645929807
"panel_13","2X A550T - Mean: 1.599","95_97","PBP2X",550,"A550T",1.59871469029755,"2010200701","97","comparison","T",-1.44980947126777,-1.20336459298032
"panel_13","2X A550T - Mean: 1.599","95_97","PBP2X",550,"A550T",1.59871469029755,"20152692","97","comparison","T",-1.44980947126745,-1.20336459298011
"panel_13","2X A550T - Mean: 1.599","95_97","PBP2X",550,"A550T",1.59871469029755,"2012209214","97","comparison","T",-1.44980947126803,-1.20336459298064
"panel_13","2X A550T - Mean: 1.599","95_97","PBP2X",550,"A550T",1.59871469029755,"2010200663","97","comparison","T",-1.44980947126814,-1.20336459298063
"panel_13","2X A550T - Mean: 1.599","95_97","PBP2X",550,"A550T",1.59871469029755,"2012218011","97","comparison","T",-1.44980947126736,-1.20336459298016
"panel_13","2X A550T - Mean: 1.599","95_97","PBP2X",550,"A550T",1.59871469029755,"20153182","97","comparison","T",-1.44980947126766,-1.20336459298037
"panel_13","2X A550T - Mean: 1.599","95_97","PBP2X",550,"A550T",1.59871469029755,"2009211267","97","comparison","T",-1.44980947126992,-1.20336459298165
"panel_13","2X A550T - Mean: 1.599","95_97","PBP2X",550,"A550T",1.59871469029755,"2014201418","97","comparison","T",-1.44980947126801,-1.20336459298051
"panel_13","2X A550T - Mean: 1.599","95_97","PBP2X",550,"A550T",1.59871469029755,"20154459","97","comparison","T",-1.44980947126766,-1.20336459298035
"panel_13","2X A550T - Mean: 1.599","95_97","PBP2X",550,"A550T",1.59871469029755,"20152811","97","comparison","T",-1.44980947126835,-1.20336459298074
"panel_13","2X A550T - Mean: 1.599","95_97","PBP2X",550,"A550T",1.59871469029755,"2012211937","97","comparison","T",-1.44980947126808,-1.20336459298055
"panel_13","2X A550T - Mean: 1.599","95_97","PBP2X",550,"A550T",1.59871469029755,"5309-05","97","comparison","T",-1.44980947126823,-1.20336459298061
"panel_13","2X A550T - Mean: 1.599","95_97","PBP2X",550,"A550T",1.59871469029755,"2012225708","97","comparison","T",-1.44980947126826,-1.20336459298066
"panel_13","2X A550T - Mean: 1.599","95_97","PBP2X",550,"A550T",1.59871469029755,"2009212848","97","comparison","T",-1.44980947126846,-1.20336459298079
"panel_13","2X A550T - Mean: 1.599","95_97","PBP2X",550,"A550T",1.59871469029755,"20153130","97","comparison","T",-1.44980947126823,-1.20336459298076
"panel_13","2X A550T - Mean: 1.599","95_97","PBP2X",550,"A550T",1.59871469029755,"2012220570","97","comparison","T",-1.44980947127013,-1.20336459298176
"panel_13","2X A550T - Mean: 1.599","95_97","PBP2X",550,"A550T",1.59871469029755,"2013217515","97","comparison","T",-1.44980947126916,-1.20336459298126
"panel_13","2X A550T - Mean: 1.599","95_97","PBP2X",550,"A550T",1.59871469029755,"20154342","97","comparison","T",-1.44980947126814,-1.2033645929806
"panel_13","2X A550T - Mean: 1.599","95_97","PBP2X",550,"A550T",1.59871469029755,"2012211509","97","comparison","T",-1.44980947126923,-1.20336459298129
"panel_13","2X A550T - Mean: 1.599","95_97","PBP2X",550,"A550T",1.59871469029755,"2013200976","97","comparison","T",-1.44980947126953,-1.20336459298146
"panel_13","2X A550T - Mean: 1.599","95_97","PBP2X",550,"A550T",1.59871469029755,"20152912","97","comparison","T",-1.44980947126911,-1.2033645929811
"panel_13","2X A550T - Mean: 1.599","95_97","PBP2X",550,"A550T",1.59871469029755,"2013220191","97","comparison","T",-1.44980947126852,-1.20336459298089
"panel_13","2X A550T - Mean: 1.599","95_97","PBP2X",550,"A550T",1.59871469029755,"2010205286","97","comparison","T",-1.44980947126889,-1.20336459298106
"panel_13","2X A550T - Mean: 1.599","95_97","PBP2X",550,"A550T",1.59871469029755,"20153039","97","comparison","T",-1.44980947126749,-1.20336459298019
"panel_13","2X A550T - Mean: 1.599","95_97","PBP2X",550,"A550T",1.59871469029755,"20153449","97","comparison","T",-1.44980947126899,-1.20336459298095
"panel_13","2X A550T - Mean: 1.599","95_97","PBP2X",550,"A550T",1.59871469029755,"2013221808","97","comparison","T",-1.44980947126849,-1.20336459298072
"panel_13","2X A550T - Mean: 1.599","95_97","PBP2X",550,"A550T",1.59871469029755,"2012214276","97","comparison","T",-1.44980947126834,-1.20336459298069
"panel_13","2X A550T - Mean: 1.599","95_97","PBP2X",550,"A550T",1.59871469029755,"2009212842","97","comparison","T",-1.44980947126787,-1.20336459298049
"panel_13","2X A550T - Mean: 1.599","95_97","PBP2X",550,"A550T",1.59871469029755,"2009215718","97","comparison","T",-1.44980947126827,-1.20336459298072
"panel_13","2X A550T - Mean: 1.599","95_97","PBP2X",550,"A550T",1.59871469029755,"2013210876","97","comparison","T",-1.44980947126806,-1.20336459298062
"panel_13","2X A550T - Mean: 1.599","95_97","PBP2X",550,"A550T",1.59871469029755,"20152654","97","comparison","T",-1.44980947126873,-1.20336459298105
"panel_13","2X A550T - Mean: 1.599","95_97","PBP2X",550,"A550T",1.59871469029755,"2012211517","97","comparison","T",-1.44980947126741,-1.20336459298014
"panel_13","2X A550T - Mean: 1.599","95_97","PBP2X",550,"A550T",1.59871469029755,"20154484","97","comparison","T",-1.4498094712686,-1.20336459298099
"panel_13","2X A550T - Mean: 1.599","95_97","PBP2X",550,"A550T",1.59871469029755,"20153194","97","comparison","T",-1.4498094712686,-1.20336459298099
"panel_13","2X A550T - Mean: 1.599","95_97","PBP2X",550,"A550T",1.59871469029755,"2012222455","97","comparison","T",-1.44980947126826,-1.20336459298078
"panel_13","2X A550T - Mean: 1.599","95_97","PBP2X",550,"A550T",1.59871469029755,"2013221591","97","comparison","T",-1.44980947126911,-1.20336459298111
"panel_13","2X A550T - Mean: 1.599","95_97","PBP2X",550,"A550T",1.59871469029755,"6779-05","97","comparison","T",-1.44980947126745,-1.20336459298017
"panel_13","2X A550T - Mean: 1.599","95_97","PBP2X",550,"A550T",1.59871469029755,"2009219217","97","comparison","T",-1.44980947126803,-1.20336459298054
"panel_13","2X A550T - Mean: 1.599","95_97","PBP2X",550,"A550T",1.59871469029755,"20154518","97","comparison","T",-1.44980947126703,-1.20336459297989
"panel_13","2X A550T - Mean: 1.599","95_97","PBP2X",550,"A550T",1.59871469029755,"2012222457","97","comparison","T",-1.44980947127059,-1.20336459298211
"panel_13","2X A550T - Mean: 1.599","95_97","PBP2X",550,"A550T",1.59871469029755,"20154462","97","comparison","T",-1.44980947126737,-1.20336459298005
"panel_13","2X A550T - Mean: 1.599","95_97","PBP2X",550,"A550T",1.59871469029755,"20153031","97","comparison","T",-1.44980947126726,-1.20336459297995
"panel_13","2X A550T - Mean: 1.599","95_97","PBP2X",550,"A550T",1.59871469029755,"20153239","97","comparison","T",-1.44980947126799,-1.20336459298043
"panel_13","2X A550T - Mean: 1.599","95_97","PBP2X",550,"A550T",1.59871469029755,"20154437","97","comparison","T",-1.44980947126803,-1.20336459298058
"panel_13","2X A550T - Mean: 1.599","95_97","PBP2X",550,"A550T",1.59871469029755,"2013202610","97","comparison","T",-1.44980947126752,-1.20336459298006
"panel_13","2X A550T - Mean: 1.599","95_97","PBP2X",550,"A550T",1.59871469029755,"2009210939","97","comparison","T",-1.44980947126929,-1.20336459298117
"panel_13","2X A550T - Mean: 1.599","95_97","PBP2X",550,"A550T",1.59871469029755,"2009216752","97","comparison","T",-1.44980947126871,-1.20336459298088
"panel_13","2X A550T - Mean: 1.599","95_97","PBP2X",550,"A550T",1.59871469029755,"20153176","97","comparison","T",-1.44980947126845,-1.20336459298084
"panel_13","2X A550T - Mean: 1.599","95_97","PBP2X",550,"A550T",1.59871469029755,"2012214499","97","comparison","T",-1.44980947126789,-1.20336459298054
"panel_13","2X A550T - Mean: 1.599","95_97","PBP2X",550,"A550T",1.59871469029755,"2010216317","97","comparison","T",-1.44980947126937,-1.20336459298124
"panel_13","2X A550T - Mean: 1.599","95_97","PBP2X",550,"A550T",1.59871469029755,"9173-04","97","comparison","T",-1.44980947126716,-1.20336459297995
"panel_13","2X A550T - Mean: 1.599","95_97","PBP2X",550,"A550T",1.59871469029755,"20152645","97","comparison","T",-1.44980947126985,-1.20336459298145
"panel_13","2X A550T - Mean: 1.599","95_97","PBP2X",550,"A550T",1.59871469029755,"2013212827","97","comparison","T",-1.4498094712692,-1.20336459298126
"panel_13","2X A550T - Mean: 1.599","95_97","PBP2X",550,"A550T",1.59871469029755,"2013211438","97","comparison","T",-1.44980947126968,-1.2033645929814
"panel_13","2X A550T - Mean: 1.599","95_97","PBP2X",550,"A550T",1.59871469029755,"20152627","97","comparison","T",-1.44980947126765,-1.20336459298028
"panel_13","2X A550T - Mean: 1.599","95_97","PBP2X",550,"A550T",1.59871469029755,"2009210924","97","comparison","T",-1.44980947126754,-1.20336459298026
"panel_13","2X A550T - Mean: 1.599","95_97","PBP2X",550,"A550T",1.59871469029755,"20152260","97","comparison","T",-1.4498094712691,-1.20336459298125
"panel_13","2X A550T - Mean: 1.599","95_97","PBP2X",550,"A550T",1.59871469029755,"20154470","97","comparison","T",-1.44980947126909,-1.20336459298125
"panel_13","2X A550T - Mean: 1.599","95_97","PBP2X",550,"A550T",1.59871469029755,"20154247","97","comparison","T",-1.44980947127043,-1.20336459298193
"panel_13","2X A550T - Mean: 1.599","95_97","PBP2X",550,"A550T",1.59871469029755,"20153250","97","comparison","T",-1.44980947126762,-1.20336459298034
"panel_13","2X A550T - Mean: 1.599","95_97","PBP2X",550,"A550T",1.59871469029755,"20154572","97","comparison","T",-1.4498094712684,-1.20336459298065
"panel_13","2X A550T - Mean: 1.599","95_97","PBP2X",550,"A550T",1.59871469029755,"20154496","97","comparison","T",-1.44980947126872,-1.2033645929808
"panel_13","2X A550T - Mean: 1.599","95_97","PBP2X",550,"A550T",1.59871469029755,"2013208536","97","comparison","T",-1.44980947126951,-1.20336459298137
"panel_13","2X A550T - Mean: 1.599","95_97","PBP2X",550,"A550T",1.59871469029755,"2013201713","97","comparison","T",-1.44980947126884,-1.2033645929809
"panel_13","2X A550T - Mean: 1.599","95_97","PBP2X",550,"A550T",1.59871469029755,"2013023421","97","comparison","T",-1.44980947126987,-1.20336459298169
"panel_13","2X A550T - Mean: 1.599","95_97","PBP2X",550,"A550T",1.59871469029755,"2009219983","97","comparison","T",-1.44980947126742,-1.20336459298022
"panel_13","2X A550T - Mean: 1.599","95_97","PBP2X",550,"A550T",1.59871469029755,"20152962","97","comparison","T",-1.44980947126877,-1.20336459298105
"panel_13","2X A550T - Mean: 1.599","95_97","PBP2X",550,"A550T",1.59871469029755,"2010223249","97","comparison","T",-1.44980947126818,-1.20336459298066
"panel_13","2X A550T - Mean: 1.599","95_97","PBP2X",550,"A550T",1.59871469029755,"2010200823","97","comparison","T",-1.44980947126767,-1.2033645929803
"panel_13","2X A550T - Mean: 1.599","95_97","PBP2X",550,"A550T",1.59871469029755,"20153038","97","comparison","T",-1.44980947126851,-1.20336459298094
"panel_13","2X A550T - Mean: 1.599","95_97","PBP2X",550,"A550T",1.59871469029755,"2012216037","97","comparison","T",-1.44980947126842,-1.20336459298087
"panel_13","2X A550T - Mean: 1.599","95_97","PBP2X",550,"A550T",1.59871469029755,"3850-07","97","comparison","T",-1.44980947126802,-1.20336459298053
"panel_13","2X A550T - Mean: 1.599","95_97","PBP2X",550,"A550T",1.59871469029755,"20154587","97","comparison","T",-1.44980947126854,-1.20336459298094
"panel_13","2X A550T - Mean: 1.599","95_97","PBP2X",550,"A550T",1.59871469029755,"20152222","97","comparison","T",-1.44980947126731,-1.20336459298007
"panel_13","2X A550T - Mean: 1.599","95_97","PBP2X",550,"A550T",1.59871469029755,"2013218100","97","comparison","T",-1.44980947126753,-1.20336459298027
"panel_13","2X A550T - Mean: 1.599","95_97","PBP2X",550,"A550T",1.59871469029755,"2008008731","97","comparison","T",-1.44980947126784,-1.20336459298039
"panel_13","2X A550T - Mean: 1.599","95_97","PBP2X",550,"A550T",1.59871469029755,"2009214077","97","comparison","T",-1.4498094712691,-1.20336459298111
"panel_13","2X A550T - Mean: 1.599","95_97","PBP2X",550,"A550T",1.59871469029755,"2013212957","97","comparison","T",-1.44980947126819,-1.20336459298074
"panel_13","2X A550T - Mean: 1.599","95_97","PBP2X",550,"A550T",1.59871469029755,"5567-04","97","comparison","T",-1.44980947126807,-1.20336459298065
"panel_13","2X A550T - Mean: 1.599","95_97","PBP2X",550,"A550T",1.59871469029755,"20154522","97","comparison","T",-1.44980947126824,-1.20336459298058
"panel_13","2X A550T - Mean: 1.599","95_97","PBP2X",550,"A550T",1.59871469029755,"2013214076","97","comparison","T",-1.44980947126789,-1.20336459298026
"panel_13","2X A550T - Mean: 1.599","95_97","PBP2X",550,"A550T",1.59871469029755,"2013221993","97","comparison","T",-1.44980947126909,-1.20336459298118
"panel_13","2X A550T - Mean: 1.599","95_97","PBP2X",550,"A550T",1.59871469029755,"20152423","97","comparison","T",-1.44980947127029,-1.2033645929818
"panel_13","2X A550T - Mean: 1.599","95_97","PBP2X",550,"A550T",1.59871469029755,"20152430","97","comparison","T",-1.44980947126888,-1.20336459298107
"panel_13","2X A550T - Mean: 1.599","95_97","PBP2X",550,"A550T",1.59871469029755,"20153244","97","comparison","T",-1.44980947126951,-1.20336459298137
"panel_13","2X A550T - Mean: 1.599","95_97","PBP2X",550,"A550T",1.59871469029755,"20153248","97","comparison","T",-1.44980947126798,-1.20336459298059
"panel_13","2X A550T - Mean: 1.599","95_97","PBP2X",550,"A550T",1.59871469029755,"20153254","97","comparison","T",-1.44980947126874,-1.20336459298099
"panel_13","2X A550T - Mean: 1.599","95_97","PBP2X",550,"A550T",1.59871469029755,"20153911","97","comparison","T",-1.44980947126971,-1.20336459298167
"panel_13","2X A550T - Mean: 1.599","95_97","PBP2X",550,"A550T",1.59871469029755,"20153917","97","comparison","T",-1.44980947126778,-1.20336459298029
"panel_13","2X A550T - Mean: 1.599","95_97","PBP2X",550,"A550T",1.59871469029755,"20153965","97","comparison","T",-1.44980947126772,-1.20336459298042
"panel_13","2X A550T - Mean: 1.599","95_97","PBP2X",550,"A550T",1.59871469029755,"20153966","97","comparison","T",-1.44980947126929,-1.20336459298094
"panel_13","2X A550T - Mean: 1.599","95_97","PBP2X",550,"A550T",1.59871469029755,"20153984","97","comparison","T",-1.44980947126775,-1.20336459298031
"panel_13","2X A550T - Mean: 1.599","95_97","PBP2X",550,"A550T",1.59871469029755,"20153990","97","comparison","T",-1.44980947126806,-1.20336459298066
"panel_13","2X A550T - Mean: 1.599","95_97","PBP2X",550,"A550T",1.59871469029755,"20153994","97","comparison","T",-1.44980947126891,-1.20336459298111
"panel_13","2X A550T - Mean: 1.599","95_97","PBP2X",550,"A550T",1.59871469029755,"20154673","97","comparison","T",-1.44980947126789,-1.20336459298052
"panel_13","2X A550T - Mean: 1.599","95_97","PBP2X",550,"A550T",1.59871469029755,"20154703","97","comparison","T",-1.44980947126914,-1.20336459298127
"panel_13","2X A550T - Mean: 1.599","95_97","PBP2X",550,"A550T",1.59871469029755,"20154708","97","comparison","T",-1.44980947126939,-1.20336459298106
"panel_13","2X A550T - Mean: 1.599","95_97","PBP2X",550,"A550T",1.59871469029755,"20154712","97","comparison","T",-1.44980947126995,-1.20336459298175
"panel_13","2X A550T - Mean: 1.599","95_97","PBP2X",550,"A550T",1.59871469029755,"20154716","97","comparison","T",-1.44980947126781,-1.20336459298048
"panel_13","2X A550T - Mean: 1.599","95_97","PBP2X",550,"A550T",1.59871469029755,"20154717","97","comparison","T",-1.44980947126852,-1.20336459298086
"panel_13","2X A550T - Mean: 1.599","95_97","PBP2X",550,"A550T",1.59871469029755,"20154719","97","comparison","T",-1.44980947126889,-1.20336459298108
"panel_13","2X A550T - Mean: 1.599","95_97","PBP2X",550,"A550T",1.59871469029755,"20154721","97","comparison","T",-1.44980947126854,-1.20336459298082
"panel_13","2X A550T - Mean: 1.599","95_97","PBP2X",550,"A550T",1.59871469029755,"20154723","97","comparison","T",-0.486945071313155,-1.21771180143727
"panel_13","2X A550T - Mean: 1.599","95_97","PBP2X",550,"A550T",1.59871469029755,"20154729","97","comparison","T",-1.44980947126896,-1.20336459298111
"panel_13","2X A550T - Mean: 1.599","95_97","PBP2X",550,"A550T",1.59871469029755,"20154739","97","comparison","T",-1.44980947126781,-1.2033645929805
"panel_13","2X A550T - Mean: 1.599","95_97","PBP2X",550,"A550T",1.59871469029755,"20154757","97","comparison","T",-1.44980947126805,-1.20336459298056
"panel_13","2X A550T - Mean: 1.599","95_97","PBP2X",550,"A550T",1.59871469029755,"20154763","97","comparison","T",-1.44980947126861,-1.20336459298093
"panel_13","2X A550T - Mean: 1.599","95_97","PBP2X",550,"A550T",1.59871469029755,"20154864","97","comparison","T",-1.44980947126823,-1.20336459298043
"panel_13","2X A550T - Mean: 1.599","95_97","PBP2X",550,"A550T",1.59871469029755,"20154869","97","comparison","T",-1.44980947126845,-1.20336459298081
"panel_13","2X A550T - Mean: 1.599","95_97","PBP2X",550,"A550T",1.59871469029755,"20154872","97","comparison","T",-1.4498094712676,-1.2033645929802
"panel_13","2X A550T - Mean: 1.599","95_97","PBP2X",550,"A550T",1.59871469029755,"20154882","97","comparison","T",-1.4498094712689,-1.20336459298113
"panel_13","2X A550T - Mean: 1.599","95_97","PBP2X",550,"A550T",1.59871469029755,"20154885","97","comparison","T",-1.44980947126714,-1.20336459298
"panel_13","2X A550T - Mean: 1.599","95_97","PBP2X",550,"A550T",1.59871469029755,"20154887","97","comparison","T",-1.44980947126756,-1.20336459298023
"panel_13","2X A550T - Mean: 1.599","95_97","PBP2X",550,"A550T",1.59871469029755,"20154892","97","comparison","T",-1.44980947126782,-1.20336459298042
"panel_13","2X A550T - Mean: 1.599","95_97","PBP2X",550,"A550T",1.59871469029755,"20154920","97","comparison","T",-1.44980947126868,-1.2033645929809
"panel_13","2X A550T - Mean: 1.599","95_97","PBP2X",550,"A550T",1.59871469029755,"20154927","97","comparison","T",-1.44980947126804,-1.20336459298045
"panel_13","2X A550T - Mean: 1.599","95_97","PBP2X",550,"A550T",1.59871469029755,"20154928","97","comparison","T",-1.4498094712699,-1.20336459298177
"panel_13","2X A550T - Mean: 1.599","95_97","PBP2X",550,"A550T",1.59871469029755,"20154987","97","comparison","T",-1.44980947127076,-1.20336459298196
"panel_13","2X A550T - Mean: 1.599","95_97","PBP2X",550,"A550T",1.59871469029755,"20154995","97","comparison","T",-1.44980947126768,-1.20336459298031
"panel_13","2X A550T - Mean: 1.599","95_97","PBP2X",550,"A550T",1.59871469029755,"20154998","97","comparison","T",-1.44980947126773,-1.20336459298033
"panel_13","2X A550T - Mean: 1.599","95_97","PBP2X",550,"A550T",1.59871469029755,"20155173","97","comparison","T",-1.4498094712675,-1.20336459298023
"panel_13","2X A550T - Mean: 1.599","95_97","PBP2X",550,"A550T",1.59871469029755,"20155181","97","comparison","T",-1.44980947126966,-1.20336459298158
"panel_13","2X A550T - Mean: 1.599","95_97","PBP2X",550,"A550T",1.59871469029755,"20155192","97","comparison","T",-1.44980947126726,-1.20336459298001
"panel_13","2X A550T - Mean: 1.599","95_97","PBP2X",550,"A550T",1.59871469029755,"20155251","97","comparison","T",-1.44980947126828,-1.20336459298069
"panel_13","2X A550T - Mean: 1.599","95_97","PBP2X",550,"A550T",1.59871469029755,"20155253","97","comparison","T",-1.44980947126783,-1.20336459298042
"panel_13","2X A550T - Mean: 1.599","95_97","PBP2X",550,"A550T",1.59871469029755,"20155295","97","comparison","T",-1.44980947126771,-1.20336459298032
"panel_13","2X A550T - Mean: 1.599","95_97","PBP2X",550,"A550T",1.59871469029755,"20155308","97","comparison","T",-1.44980947126884,-1.20336459298108
"panel_13","2X A550T - Mean: 1.599","95_97","PBP2X",550,"A550T",1.59871469029755,"20155320","97","comparison","T",-1.4498094712682,-1.2033645929807
"panel_13","2X A550T - Mean: 1.599","95_97","PBP2X",550,"A550T",1.59871469029755,"20155332","97","comparison","T",-1.449809471268,-1.20336459298055
"panel_13","2X A550T - Mean: 1.599","95_97","PBP2X",550,"A550T",1.59871469029755,"20155433","97","comparison","T",-1.44980947126743,-1.20336459298021
"panel_13","2X A550T - Mean: 1.599","95_97","PBP2X",550,"A550T",1.59871469029755,"20155434","97","comparison","T",-1.44980947126784,-1.20336459298041
"panel_13","2X A550T - Mean: 1.599","95_97","PBP2X",550,"A550T",1.59871469029755,"20155442","97","comparison","T",-1.44980947126816,-1.20336459298067
"panel_13","2X A550T - Mean: 1.599","95_97","PBP2X",550,"A550T",1.59871469029755,"20155448","97","comparison","T",-1.44980947126741,-1.20336459298013
"panel_13","2X A550T - Mean: 1.599","95_97","PBP2X",550,"A550T",1.59871469029755,"20155457","97","comparison","T",-1.44980947126756,-1.20336459298029
"panel_13","2X A550T - Mean: 1.599","95_97","PBP2X",550,"A550T",1.59871469029755,"20155465","97","comparison","T",-1.44980947126848,-1.20336459298052
"panel_13","2X A550T - Mean: 1.599","95_97","PBP2X",550,"A550T",1.59871469029755,"20155466","97","comparison","T",-1.4498094712709,-1.20336459298211
"panel_13","2X A550T - Mean: 1.599","95_97","PBP2X",550,"A550T",1.59871469029755,"20155475","97","comparison","T",-1.44980947126963,-1.20336459298155
"panel_13","2X A550T - Mean: 1.599","95_97","PBP2X",550,"A550T",1.59871469029755,"20155494","97","comparison","T",-1.44980947126741,-1.2033645929802
"panel_13","2X A550T - Mean: 1.599","95_97","PBP2X",550,"A550T",1.59871469029755,"20155497","97","comparison","T",-1.44980947126895,-1.2033645929811
"panel_13","2X A550T - Mean: 1.599","95_97","PBP2X",550,"A550T",1.59871469029755,"20155503","97","comparison","T",-1.4498094712678,-1.20336459298047
"panel_13","2X A550T - Mean: 1.599","95_97","PBP2X",550,"A550T",1.59871469029755,"20155505","97","comparison","T",-0.692081349377347,-1.81530001255138
"panel_13","2X A550T - Mean: 1.599","95_97","PBP2X",550,"A550T",1.59871469029755,"20155538","97","comparison","T",-1.4498094712685,-1.20336459298088
"panel_13","2X A550T - Mean: 1.599","95_97","PBP2X",550,"A550T",1.59871469029755,"20155540","97","comparison","T",-1.44980947126778,-1.20336459298039
"panel_13","2X A550T - Mean: 1.599","95_97","PBP2X",550,"A550T",1.59871469029755,"20155551","97","comparison","T",-1.44980947126834,-1.20336459298065
"panel_13","2X A550T - Mean: 1.599","95_97","PBP2X",550,"A550T",1.59871469029755,"20155553","97","comparison","T",-1.44980947126889,-1.20336459298108
"panel_13","2X A550T - Mean: 1.599","95_97","PBP2X",550,"A550T",1.59871469029755,"20155563","97","comparison","T",-1.44980947126805,-1.20336459298042
"panel_13","2X A550T - Mean: 1.599","95_97","PBP2X",550,"A550T",1.59871469029755,"20155907","97","comparison","T",-1.44980947127038,-1.20336459298184
"panel_13","2X A550T - Mean: 1.599","95_97","PBP2X",550,"A550T",1.59871469029755,"20155910","97","comparison","T",1.13498812915979,2.26358242012642
"panel_13","2X A550T - Mean: 1.599","95_97","PBP2X",550,"A550T",1.59871469029755,"20155920","97","comparison","T",-1.449809471268,-1.20336459298058
"panel_13","2X A550T - Mean: 1.599","95_97","PBP2X",550,"A550T",1.59871469029755,"20155923","97","comparison","T",-1.44980947126897,-1.20336459298114
"panel_13","2X A550T - Mean: 1.599","95_97","PBP2X",550,"A550T",1.59871469029755,"20155924","97","comparison","T",-1.44980947126801,-1.20336459298048
"panel_13","2X A550T - Mean: 1.599","95_97","PBP2X",550,"A550T",1.59871469029755,"20155930","97","comparison","T",-1.44980947126991,-1.20336459298147
"panel_13","2X A550T - Mean: 1.599","95_97","PBP2X",550,"A550T",1.59871469029755,"20155943","97","comparison","T",-1.44980947126946,-1.20336459298149
"panel_13","2X A550T - Mean: 1.599","95_97","PBP2X",550,"A550T",1.59871469029755,"20155948","97","comparison","T",-1.44980947126774,-1.20336459298034
"panel_13","2X A550T - Mean: 1.599","95_97","PBP2X",550,"A550T",1.59871469029755,"20155953","97","comparison","T",-1.44980947126762,-1.20336459298028
"panel_13","2X A550T - Mean: 1.599","95_97","PBP2X",550,"A550T",1.59871469029755,"20155957","97","comparison","T",-1.4498094712674,-1.20336459298017
"panel_13","2X A550T - Mean: 1.599","95_97","PBP2X",550,"A550T",1.59871469029755,"20155967","97","comparison","T",-0.486945071314037,-1.21771180144081
"panel_13","2X A550T - Mean: 1.599","95_97","PBP2X",550,"A550T",1.59871469029755,"20155971","97","comparison","T",-1.44980947126827,-1.20336459298046
"panel_13","2X A550T - Mean: 1.599","95_97","PBP2X",550,"A550T",1.59871469029755,"20155977","97","comparison","T",-1.44980947126785,-1.20336459298039
"panel_13","2X A550T - Mean: 1.599","95_97","PBP2X",550,"A550T",1.59871469029755,"20155982","97","comparison","T",-1.44980947126783,-1.20336459298043
"panel_13","2X A550T - Mean: 1.599","95_97","PBP2X",550,"A550T",1.59871469029755,"20155996","97","comparison","T",-1.44980947127112,-1.20336459298247
"panel_13","2X A550T - Mean: 1.599","95_97","PBP2X",550,"A550T",1.59871469029755,"20155999","97","comparison","T",-1.44980947126886,-1.20336459298093
"panel_13","2X A550T - Mean: 1.599","95_97","PBP2X",550,"A550T",1.59871469029755,"20156001","97","comparison","T",-1.44980947126825,-1.20336459298081
"panel_13","2X A550T - Mean: 1.599","95_97","PBP2X",550,"A550T",1.59871469029755,"20156081","97","comparison","T",-1.44980947126754,-1.20336459298028
"panel_13","2X A550T - Mean: 1.599","95_97","PBP2X",550,"A550T",1.59871469029755,"20156095","97","comparison","T",-1.44980947126837,-1.20336459298064
"panel_13","2X A550T - Mean: 1.599","95_97","PBP2X",550,"A550T",1.59871469029755,"20156153","97","comparison","T",-1.44980947126815,-1.20336459298059
"panel_13","2X A550T - Mean: 1.599","95_97","PBP2X",550,"A550T",1.59871469029755,"20156287","97","comparison","T",-1.44980947126918,-1.20336459298126
"panel_13","2X A550T - Mean: 1.599","95_97","PBP2X",550,"A550T",1.59871469029755,"20156288","97","comparison","T",-1.44980947126824,-1.20336459298074
"panel_13","2X A550T - Mean: 1.599","95_97","PBP2X",550,"A550T",1.59871469029755,"20156314","97","comparison","T",-1.44980947126763,-1.20336459298029
"panel_13","2X A550T - Mean: 1.599","95_97","PBP2X",550,"A550T",1.59871469029755,"20156543","97","comparison","T",-1.44980947126798,-1.20336459298048
"panel_13","2X A550T - Mean: 1.599","95_97","PBP2X",550,"A550T",1.59871469029755,"20156546","97","comparison","T",-1.44980947127014,-1.20336459298165
"panel_13","2X A550T - Mean: 1.599","95_97","PBP2X",550,"A550T",1.59871469029755,"20156571","97","comparison","T",-1.44980947127009,-1.20336459298191
"panel_13","2X A550T - Mean: 1.599","95_97","PBP2X",550,"A550T",1.59871469029755,"20156588","97","comparison","T",-1.44980947126985,-1.20336459298172
"panel_13","2X A550T - Mean: 1.599","95_97","PBP2X",550,"A550T",1.59871469029755,"20156647","97","comparison","T",-1.44980947126854,-1.20336459298096
"panel_13","2X A550T - Mean: 1.599","95_97","PBP2X",550,"A550T",1.59871469029755,"20156746","97","comparison","T",-1.44980947126776,-1.20336459298041
"panel_13","2X A550T - Mean: 1.599","95_97","PBP2X",550,"A550T",1.59871469029755,"20156767","97","comparison","T",-1.44980947126936,-1.20336459298108
"panel_13","2X A550T - Mean: 1.599","95_97","PBP2X",550,"A550T",1.59871469029755,"20156941","97","comparison","T",-1.44980947126989,-1.20336459298146
"panel_13","2X A550T - Mean: 1.599","95_97","PBP2X",550,"A550T",1.59871469029755,"20156942","97","comparison","T",-1.44980947126777,-1.20336459298032
"panel_13","2X A550T - Mean: 1.599","95_97","PBP2X",550,"A550T",1.59871469029755,"20160097","97","comparison","T",-1.4498094712679,-1.20336459298042
"panel_13","2X A550T - Mean: 1.599","95_97","PBP2X",550,"A550T",1.59871469029755,"20160127","97","comparison","T",-1.4498094712696,-1.20336459298144
"panel_13","2X A550T - Mean: 1.599","95_97","PBP2X",550,"A550T",1.59871469029755,"20160280","97","comparison","T",-1.44980947126877,-1.20336459298089
"panel_13","2X A550T - Mean: 1.599","95_97","PBP2X",550,"A550T",1.59871469029755,"20160282","97","comparison","T",-1.44980947126793,-1.20336459298058
"panel_13","2X A550T - Mean: 1.599","95_97","PBP2X",550,"A550T",1.59871469029755,"20160285","97","comparison","T",-1.44980947127005,-1.20336459298183
"panel_13","2X A550T - Mean: 1.599","95_97","PBP2X",550,"A550T",1.59871469029755,"20160299","97","comparison","T",-1.4498094712678,-1.20336459298042
"panel_13","2X A550T - Mean: 1.599","95_97","PBP2X",550,"A550T",1.59871469029755,"20160446","97","comparison","T",-1.44980947126752,-1.2033645929802
"panel_13","2X A550T - Mean: 1.599","95_97","PBP2X",550,"A550T",1.59871469029755,"20160524","97","comparison","T",-1.44980947126969,-1.2033645929814
"panel_13","2X A550T - Mean: 1.599","95_97","PBP2X",550,"A550T",1.59871469029755,"20160526","97","comparison","T",-1.44980947126822,-1.20336459298064
"panel_13","2X A550T - Mean: 1.599","95_97","PBP2X",550,"A550T",1.59871469029755,"20160530","97","comparison","T",-1.44980947126861,-1.20336459298093
"panel_13","2X A550T - Mean: 1.599","95_97","PBP2X",550,"A550T",1.59871469029755,"20160535","97","comparison","T",-1.44980947126971,-1.20336459298136
"panel_13","2X A550T - Mean: 1.599","95_97","PBP2X",550,"A550T",1.59871469029755,"20160540","97","comparison","T",-1.44980947126837,-1.20336459298072
"panel_13","2X A550T - Mean: 1.599","95_97","PBP2X",550,"A550T",1.59871469029755,"20160548","97","comparison","T",-1.44980947126802,-1.20336459298054
"panel_13","2X A550T - Mean: 1.599","95_97","PBP2X",550,"A550T",1.59871469029755,"20160550","97","comparison","T",-1.44980947126919,-1.20336459298127
"panel_13","2X A550T - Mean: 1.599","95_97","PBP2X",550,"A550T",1.59871469029755,"20160581","97","comparison","T",-1.44980947126981,-1.20336459298171
"panel_13","2X A550T - Mean: 1.599","95_97","PBP2X",550,"A550T",1.59871469029755,"20160591","97","comparison","T",-1.44980947126748,-1.2033645929802
"panel_13","2X A550T - Mean: 1.599","95_97","PBP2X",550,"A550T",1.59871469029755,"20160901","97","comparison","T",-1.44980947126784,-1.20336459298043
"panel_13","2X A550T - Mean: 1.599","95_97","PBP2X",550,"A550T",1.59871469029755,"20160904","97","comparison","T",-1.44980947126737,-1.20336459298015
"panel_13","2X A550T - Mean: 1.599","95_97","PBP2X",550,"A550T",1.59871469029755,"20161041","97","comparison","T",-1.44980947126796,-1.20336459298031
"panel_13","2X A550T - Mean: 1.599","95_97","PBP2X",550,"A550T",1.59871469029755,"20161050","97","comparison","T",-1.44980947126808,-1.20336459298062
"panel_13","2X A550T - Mean: 1.599","95_97","PBP2X",550,"A550T",1.59871469029755,"20161143","97","comparison","T",-1.4498094712674,-1.20336459298012
"panel_13","2X A550T - Mean: 1.599","95_97","PBP2X",550,"A550T",1.59871469029755,"20161144","97","comparison","T",-1.44980947126785,-1.20336459298047
"panel_13","2X A550T - Mean: 1.599","95_97","PBP2X",550,"A550T",1.59871469029755,"20161147","97","comparison","T",-1.44980947126933,-1.20336459298134
"panel_13","2X A550T - Mean: 1.599","95_97","PBP2X",550,"A550T",1.59871469029755,"20161152","97","comparison","T",-1.44980947126849,-1.20336459298081
"panel_13","2X A550T - Mean: 1.599","95_97","PBP2X",550,"A550T",1.59871469029755,"20161167","97","comparison","T",-1.44980947126858,-1.20336459298084
"panel_13","2X A550T - Mean: 1.599","95_97","PBP2X",550,"A550T",1.59871469029755,"20161175","97","comparison","T",-1.44980947126806,-1.2033645929805
"panel_13","2X A550T - Mean: 1.599","95_97","PBP2X",550,"A550T",1.59871469029755,"20161177","97","comparison","T",-1.44980947126739,-1.20336459298013
"panel_13","2X A550T - Mean: 1.599","95_97","PBP2X",550,"A550T",1.59871469029755,"20161190","97","comparison","T",-1.44980947126791,-1.20336459298052
"panel_13","2X A550T - Mean: 1.599","95_97","PBP2X",550,"A550T",1.59871469029755,"20161246","97","comparison","T",-1.44980947126769,-1.20336459298027
"panel_13","2X A550T - Mean: 1.599","95_97","PBP2X",550,"A550T",1.59871469029755,"20161247","97","comparison","T",-1.4498094712688,-1.20336459298099
"panel_13","2X A550T - Mean: 1.599","95_97","PBP2X",550,"A550T",1.59871469029755,"20161258","97","comparison","T",-1.44980947126917,-1.20336459298113
"panel_13","2X A550T - Mean: 1.599","95_97","PBP2X",550,"A550T",1.59871469029755,"20161262","97","comparison","T",-1.4498094712678,-1.2033645929804
"panel_13","2X A550T - Mean: 1.599","95_97","PBP2X",550,"A550T",1.59871469029755,"20161270","97","comparison","T",-1.44980947126789,-1.20336459298047
"panel_13","2X A550T - Mean: 1.599","95_97","PBP2X",550,"A550T",1.59871469029755,"20161274","97","comparison","T",-1.4498094712676,-1.20336459298023
"panel_13","2X A550T - Mean: 1.599","95_97","PBP2X",550,"A550T",1.59871469029755,"20161282","97","comparison","T",-1.44980947126836,-1.20336459298075
"panel_13","2X A550T - Mean: 1.599","95_97","PBP2X",550,"A550T",1.59871469029755,"20161301","97","comparison","T",-1.44980947126847,-1.20336459298082
"panel_13","2X A550T - Mean: 1.599","95_97","PBP2X",550,"A550T",1.59871469029755,"20161310","97","comparison","T",-1.44980947126779,-1.20336459298016
"panel_13","2X A550T - Mean: 1.599","95_97","PBP2X",550,"A550T",1.59871469029755,"20161315","97","comparison","T",-1.44980947126832,-1.20336459298061
"panel_13","2X A550T - Mean: 1.599","95_97","PBP2X",550,"A550T",1.59871469029755,"20161319","97","comparison","T",-0.486945071314533,-1.21771180144201
"panel_13","2X A550T - Mean: 1.599","95_97","PBP2X",550,"A550T",1.59871469029755,"20161320","97","comparison","T",-1.44980947126767,-1.20336459298035
"panel_13","2X A550T - Mean: 1.599","95_97","PBP2X",550,"A550T",1.59871469029755,"20161367","97","comparison","T",-1.44980947126776,-1.20336459298036
"panel_13","2X A550T - Mean: 1.599","95_97","PBP2X",550,"A550T",1.59871469029755,"20161384","97","comparison","T",-1.44980947126774,-1.20336459298037
"panel_13","2X A550T - Mean: 1.599","95_97","PBP2X",550,"A550T",1.59871469029755,"20161397","97","comparison","T",-1.44980947126873,-1.20336459298084
"panel_13","2X A550T - Mean: 1.599","95_97","PBP2X",550,"A550T",1.59871469029755,"20161400","97","comparison","T",-1.44980947126832,-1.20336459298076
"panel_13","2X A550T - Mean: 1.599","95_97","PBP2X",550,"A550T",1.59871469029755,"20161403","97","comparison","T",-1.44980947126812,-1.20336459298049
"panel_13","2X A550T - Mean: 1.599","95_97","PBP2X",550,"A550T",1.59871469029755,"20161410","97","comparison","T",-1.44980947126771,-1.20336459298037
"panel_13","2X A550T - Mean: 1.599","95_97","PBP2X",550,"A550T",1.59871469029755,"20161411","97","comparison","T",-1.44980947126887,-1.20336459298104
"panel_13","2X A550T - Mean: 1.599","95_97","PBP2X",550,"A550T",1.59871469029755,"20161415","97","comparison","T",-1.44980947126815,-1.20336459298066
"panel_13","2X A550T - Mean: 1.599","95_97","PBP2X",550,"A550T",1.59871469029755,"20161592","97","comparison","T",-1.44980947126842,-1.2033645929808
"panel_13","2X A550T - Mean: 1.599","95_97","PBP2X",550,"A550T",1.59871469029755,"20161594","97","comparison","T",-1.44980947126773,-1.20336459298032
"panel_13","2X A550T - Mean: 1.599","95_97","PBP2X",550,"A550T",1.59871469029755,"20161610","97","comparison","T",-1.44980947126881,-1.2033645929807
"panel_13","2X A550T - Mean: 1.599","95_97","PBP2X",550,"A550T",1.59871469029755,"20161623","97","comparison","T",-1.44980947126857,-1.20336459298066
"panel_13","2X A550T - Mean: 1.599","95_97","PBP2X",550,"A550T",1.59871469029755,"20161624","97","comparison","T",-1.44980947126849,-1.20336459298071
"panel_13","2X A550T - Mean: 1.599","95_97","PBP2X",550,"A550T",1.59871469029755,"20161643","97","comparison","T",-1.4498094712679,-1.20336459298037
"panel_13","2X A550T - Mean: 1.599","95_97","PBP2X",550,"A550T",1.59871469029755,"20161652","97","comparison","T",-1.44980947126784,-1.20336459298045
"panel_13","2X A550T - Mean: 1.599","95_97","PBP2X",550,"A550T",1.59871469029755,"20161658","97","comparison","T",-1.44980947126787,-1.20336459298042
"panel_13","2X A550T - Mean: 1.599","95_97","PBP2X",550,"A550T",1.59871469029755,"20161660","97","comparison","T",-1.44980947126767,-1.20336459298022
"panel_13","2X A550T - Mean: 1.599","95_97","PBP2X",550,"A550T",1.59871469029755,"20161664","97","comparison","T",-1.44980947126793,-1.20336459298048
"panel_13","2X A550T - Mean: 1.599","95_97","PBP2X",550,"A550T",1.59871469029755,"20161668","97","comparison","T",-1.44980947126806,-1.2033645929806
"panel_13","2X A550T - Mean: 1.599","95_97","PBP2X",550,"A550T",1.59871469029755,"20161682","97","comparison","T",-1.44980947126963,-1.2033645929814
"panel_13","2X A550T - Mean: 1.599","95_97","PBP2X",550,"A550T",1.59871469029755,"20161713","97","comparison","T",-1.44980947126821,-1.20336459298064
"panel_13","2X A550T - Mean: 1.599","95_97","PBP2X",550,"A550T",1.59871469029755,"20161787","97","comparison","T",-1.44980947126931,-1.20336459298114
"panel_13","2X A550T - Mean: 1.599","95_97","PBP2X",550,"A550T",1.59871469029755,"20161797","97","comparison","T",-1.44980947126964,-1.20336459298141
"panel_13","2X A550T - Mean: 1.599","95_97","PBP2X",550,"A550T",1.59871469029755,"20161818","97","comparison","T",-1.44980947126937,-1.20336459298135
"panel_13","2X A550T - Mean: 1.599","95_97","PBP2X",550,"A550T",1.59871469029755,"20161824","97","comparison","T",-1.4498094712691,-1.20336459298093
"panel_13","2X A550T - Mean: 1.599","95_97","PBP2X",550,"A550T",1.59871469029755,"20161981","97","comparison","T",-1.44980947126827,-1.20336459298076
"panel_13","2X A550T - Mean: 1.599","95_97","PBP2X",550,"A550T",1.59871469029755,"20162027","97","comparison","T",-1.44980947126875,-1.20336459298079
"panel_13","2X A550T - Mean: 1.599","95_97","PBP2X",550,"A550T",1.59871469029755,"20162265","97","comparison","T",-1.44980947126931,-1.20336459298115
"panel_13","2X A550T - Mean: 1.599","95_97","PBP2X",550,"A550T",1.59871469029755,"20162340","97","comparison","T",-1.44980947126885,-1.20336459298108
"panel_13","2X A550T - Mean: 1.599","95_97","PBP2X",550,"A550T",1.59871469029755,"20162578","97","comparison","T",-1.44980947126847,-1.2033645929808
"panel_13","2X A550T - Mean: 1.599","95_97","PBP2X",550,"A550T",1.59871469029755,"20162579","97","comparison","T",-1.44980947126786,-1.20336459298051
"panel_13","2X A550T - Mean: 1.599","95_97","PBP2X",550,"A550T",1.59871469029755,"20162781","97","comparison","T",-0.609560861752336,-1.6994140150301
"panel_13","2X A550T - Mean: 1.599","95_97","PBP2X",550,"A550T",1.59871469029755,"20162804","97","comparison","T",-1.4498094712681,-1.20336459298067
"panel_13","2X A550T - Mean: 1.599","95_97","PBP2X",550,"A550T",1.59871469029755,"20162806","97","comparison","T",-1.4498094712682,-1.20336459298046
"panel_13","2X A550T - Mean: 1.599","95_97","PBP2X",550,"A550T",1.59871469029755,"20162853","97","comparison","T",-1.44980947126735,-1.20336459298012
"panel_13","2X A550T - Mean: 1.599","95_97","PBP2X",550,"A550T",1.59871469029755,"20163087","97","comparison","T",-1.44980947126885,-1.20336459298101
"panel_13","2X A550T - Mean: 1.599","95_97","PBP2X",550,"A550T",1.59871469029755,"20163099","97","comparison","T",-1.4498094712684,-1.20336459298065
"panel_13","2X A550T - Mean: 1.599","95_97","PBP2X",550,"A550T",1.59871469029755,"20163102","97","comparison","T",-1.4498094712679,-1.20336459298055
"panel_13","2X A550T - Mean: 1.599","95_97","PBP2X",550,"A550T",1.59871469029755,"20163110","97","comparison","T",-1.44980947126782,-1.20336459298048
"panel_13","2X A550T - Mean: 1.599","95_97","PBP2X",550,"A550T",1.59871469029755,"20163116","97","comparison","T",-1.44980947126826,-1.2033645929806
"panel_14","2X A551G - Mean: 1.132","201_202","PBP2X",551,"A551G",1.13183327360952,"20153313","201","reference","A",0.861844220550418,-0.600163200631941
"panel_14","2X A551G - Mean: 1.132","201_202","PBP2X",551,"A551G",1.13183327360952,"20154477","201","reference","A",-0.0487498312523946,-1.24879944781483
"panel_14","2X A551G - Mean: 1.132","201_202","PBP2X",551,"A551G",1.13183327360952,"2012215821","201","reference","A",1.78902905988835,-1.26942027248914
"panel_14","2X A551G - Mean: 1.132","201_202","PBP2X",551,"A551G",1.13183327360952,"2009218367","201","reference","A",0.722846632188183,-1.34660353039769
"panel_14","2X A551G - Mean: 1.132","201_202","PBP2X",551,"A551G",1.13183327360952,"20152907","201","reference","A",1.11470328060504,-0.716726909094575
"panel_14","2X A551G - Mean: 1.132","201_202","PBP2X",551,"A551G",1.13183327360952,"20153298","201","reference","A",1.11470328060554,-0.716726909093336
"panel_14","2X A551G - Mean: 1.132","201_202","PBP2X",551,"A551G",1.13183327360952,"20154455","201","reference","A",1.11470328060563,-0.716726909091299
"panel_14","2X A551G - Mean: 1.132","201_202","PBP2X",551,"A551G",1.13183327360952,"20153142","201","reference","A",1.1147032806041,-0.716726909094525
"panel_14","2X A551G - Mean: 1.132","201_202","PBP2X",551,"A551G",1.13183327360952,"20153458","201","reference","A",1.11470328060529,-0.716726909093895
"panel_14","2X A551G - Mean: 1.132","201_202","PBP2X",551,"A551G",1.13183327360952,"20152262","201","reference","A",1.11470328060499,-0.716726909094932
"panel_14","2X A551G - Mean: 1.132","201_202","PBP2X",551,"A551G",1.13183327360952,"20154724","201","reference","A",1.11470328060574,-0.716726909090746
"panel_14","2X A551G - Mean: 1.132","201_202","PBP2X",551,"A551G",1.13183327360952,"20154895","201","reference","A",-0.609560861753419,-1.69941401503174
"panel_14","2X A551G - Mean: 1.132","201_202","PBP2X",551,"A551G",1.13183327360952,"20155545","201","reference","A",1.11470328060583,-0.716726909092331
"panel_14","2X A551G - Mean: 1.132","201_202","PBP2X",551,"A551G",1.13183327360952,"20156075","201","reference","A",0.559939167037688,-2.15035021369764
"panel_14","2X A551G - Mean: 1.132","201_202","PBP2X",551,"A551G",1.13183327360952,"20156291","202","comparison","G",0.947707976510879,-1.64078088990646
"panel_14","2X A551G - Mean: 1.132","201_202","PBP2X",551,"A551G",1.13183327360952,"20156774","201","reference","A",1.11470328060537,-0.716726909092478
"panel_14","2X A551G - Mean: 1.132","201_202","PBP2X",551,"A551G",1.13183327360952,"20160284","201","reference","A",0.270666102480186,-1.38477002187394
"panel_14","2X A551G - Mean: 1.132","201_202","PBP2X",551,"A551G",1.13183327360952,"20161351","201","reference","A",-0.0487498312531009,-1.24879944781696
"panel_14","2X A551G - Mean: 1.132","201_202","PBP2X",551,"A551G",1.13183327360952,"20161788","201","reference","A",-1.44980947126791,-1.20336459298048
"panel_14","2X A551G - Mean: 1.132","201_202","PBP2X",551,"A551G",1.13183327360952,"20162808","201","reference","A",1.11470328060577,-0.716726909089799
"panel_15","2X V572A - Mean: 1.462","51_52","PBP2X",572,"V572A",1.46234991999548,"2012221315","52","comparison","V",7.19433712497899,3.39211680303586
"panel_15","2X V572A - Mean: 1.462","51_52","PBP2X",572,"V572A",1.46234991999548,"20153268","52","comparison","V",7.194337124979,3.39211680304137
"panel_15","2X V572A - Mean: 1.462","51_52","PBP2X",572,"V572A",1.46234991999548,"2009206447","51","reference","A",7.73962162830377,4.74900003270307
