"panel_id","panel_label","relative_comparison","reference_isolate_id","D1_reference","D2_reference","comparison_isolate_id","D1_comparison","D2_comparison"
"panel_01","1A G417D - Mean: 1.057","163_232","2013214893",-1.3748088353238,1.97312576054881,"2009208544",-1.47686725831162,-0.216871763500374
"panel_01","1A G417D - Mean: 1.057","163_232","2013214893",-1.3748088353238,1.97312576054881,"2009218244",-1.61187327978791,1.78984961537623
"panel_01","1A G417D - Mean: 1.057","163_232","2013214893",-1.3748088353238,1.97312576054881,"2009218370",-1.61187327979202,1.78984961537648
"panel_01","1A G417D - Mean: 1.057","163_232","2013214893",-1.3748088353238,1.97312576054881,"2010200794",-1.54804726654417,0.783496187458169
"panel_01","1A G417D - Mean: 1.057","163_232","2013214893",-1.3748088353238,1.97312576054881,"2010208312",-0.400589708643515,1.94264470607678
"panel_01","1A G417D - Mean: 1.057","163_232","2013214893",-1.3748088353238,1.97312576054881,"2010210038",-0.863956334324513,1.89228580507307
"panel_01","1A G417D - Mean: 1.057","163_232","2013214893",-1.3748088353238,1.97312576054881,"2010225288",-0.400589708636473,1.94264470607366
"panel_01","1A G417D - Mean: 1.057","163_232","2013214893",-1.3748088353238,1.97312576054881,"2011212060",-0.25505813749746,0.898098660039203
"panel_01","1A G417D - Mean: 1.057","163_232","2013214893",-1.3748088353238,1.97312576054881,"2011216577",-0.751973790055755,0.894636241939675
"panel_01","1A G417D - Mean: 1.057","163_232","2013214893",-1.3748088353238,1.97312576054881,"2012213979",-0.751973790062,0.8946362419426
"panel_01","1A G417D - Mean: 1.057","163_232","2013214893",-1.3748088353238,1.97312576054881,"2012214417",-0.86395633433437,1.89228580507393
"panel_01","1A G417D - Mean: 1.057","163_232","2013214893",-1.3748088353238,1.97312576054881,"2012214921",-0.863956334325398,1.89228580507273
"panel_01","1A G417D - Mean: 1.057","163_232","2013214893",-1.3748088353238,1.97312576054881,"2012215804",-0.863956334332393,1.89228580507389
"panel_01","1A G417D - Mean: 1.057","163_232","2013214893",-1.3748088353238,1.97312576054881,"2012218141",-0.863956334323622,1.89228580507292
"panel_01","1A G417D - Mean: 1.057","163_232","2013214893",-1.3748088353238,1.97312576054881,"2013202648",-0.751973790059502,0.894636241941283
"panel_01","1A G417D - Mean: 1.057","163_232","2013214893",-1.3748088353238,1.97312576054881,"2013208592",0.391764026654771,2.03698781773488
"panel_01","1A G417D - Mean: 1.057","163_232","2013214893",-1.3748088353238,1.97312576054881,"2013211370",-0.863956334329174,1.89228580507322
"panel_01","1A G417D - Mean: 1.057","163_232","2013214893",-1.3748088353238,1.97312576054881,"2013212860",-0.400589708642171,1.94264470607767
"panel_01","1A G417D - Mean: 1.057","163_232","2013214893",-1.3748088353238,1.97312576054881,"2013214720",-0.751973790073358,0.894636241944921
"panel_01","1A G417D - Mean: 1.057","163_232","2013214893",-1.3748088353238,1.97312576054881,"2013218190",-0.400589708642751,1.94264470607601
"panel_01","1A G417D - Mean: 1.057","163_232","2013214893",-1.3748088353238,1.97312576054881,"2013221999",0.39176402665346,2.03698781773408
"panel_01","1A G417D - Mean: 1.057","163_232","2013214893",-1.3748088353238,1.97312576054881,"2013222065",0.391764026653088,2.03698781773557
"panel_01","1A G417D - Mean: 1.057","163_232","2013214893",-1.3748088353238,1.97312576054881,"2014201761",-0.400589708642284,1.94264470607606
"panel_01","1A G417D - Mean: 1.057","163_232","2013214893",-1.3748088353238,1.97312576054881,"2014201852",-0.751973790055469,0.894636241939727
"panel_01","1A G417D - Mean: 1.057","163_232","2013214893",-1.3748088353238,1.97312576054881,"20151639",-0.863956334322546,1.89228580507146
"panel_01","1A G417D - Mean: 1.057","163_232","2013214893",-1.3748088353238,1.97312576054881,"20151642",0.391764026655387,2.03698781773332
"panel_01","1A G417D - Mean: 1.057","163_232","2013214893",-1.3748088353238,1.97312576054881,"20151898",-0.400589708637814,1.94264470607492
"panel_01","1A G417D - Mean: 1.057","163_232","2013214893",-1.3748088353238,1.97312576054881,"20151899",-0.106702115231664,2.1360166290032
"panel_01","1A G417D - Mean: 1.057","163_232","2013214893",-1.3748088353238,1.97312576054881,"20152157",0.391764026655928,2.03698781773346
"panel_01","1A G417D - Mean: 1.057","163_232","2013214893",-1.3748088353238,1.97312576054881,"20152251",-0.863956334328964,1.89228580507317
"panel_01","1A G417D - Mean: 1.057","163_232","2013214893",-1.3748088353238,1.97312576054881,"20152259",-0.106702115231534,2.13601662900218
"panel_01","1A G417D - Mean: 1.057","163_232","2013214893",-1.3748088353238,1.97312576054881,"20152276",-0.86395633432415,1.89228580507324
"panel_01","1A G417D - Mean: 1.057","163_232","2013214893",-1.3748088353238,1.97312576054881,"20152277",-0.863956334328845,1.89228580507423
"panel_01","1A G417D - Mean: 1.057","163_232","2013214893",-1.3748088353238,1.97312576054881,"20152665",-0.400589708654447,1.94264470607768
"panel_01","1A G417D - Mean: 1.057","163_232","2013214893",-1.3748088353238,1.97312576054881,"20152666",0.391764026654084,2.0369878177352
"panel_01","1A G417D - Mean: 1.057","163_232","2013214893",-1.3748088353238,1.97312576054881,"20152723",-0.400589708637491,1.94264470607515
"panel_01","1A G417D - Mean: 1.057","163_232","2013214893",-1.3748088353238,1.97312576054881,"20152829",-0.400589708640594,1.94264470607588
"panel_01","1A G417D - Mean: 1.057","163_232","2013214893",-1.3748088353238,1.97312576054881,"20152881",-0.863956334332472,1.89228580507271
"panel_01","1A G417D - Mean: 1.057","163_232","2013214893",-1.3748088353238,1.97312576054881,"20152893",-1.44980947126866,-1.2033645929808
"panel_01","1A G417D - Mean: 1.057","163_232","2013214893",-1.3748088353238,1.97312576054881,"20152904",0.391764026648399,2.03698781773756
"panel_01","1A G417D - Mean: 1.057","163_232","2013214893",-1.3748088353238,1.97312576054881,"20152911",-0.40058970864321,1.94264470607747
"panel_01","1A G417D - Mean: 1.057","163_232","2013214893",-1.3748088353238,1.97312576054881,"20152920",-0.863956334328696,1.89228580507252
"panel_01","1A G417D - Mean: 1.057","163_232","2013214893",-1.3748088353238,1.97312576054881,"20152959",-0.255058137479403,0.898098660028969
"panel_01","1A G417D - Mean: 1.057","163_232","2013214893",-1.3748088353238,1.97312576054881,"20153003",-0.40058970864583,1.94264470607778
"panel_01","1A G417D - Mean: 1.057","163_232","2013214893",-1.3748088353238,1.97312576054881,"20153015",-0.106702115229581,2.13601662900437
"panel_01","1A G417D - Mean: 1.057","163_232","2013214893",-1.3748088353238,1.97312576054881,"20153128",-0.863956334334689,1.89228580507373
"panel_01","1A G417D - Mean: 1.057","163_232","2013214893",-1.3748088353238,1.97312576054881,"20153191",0.391764026653407,2.03698781773596
"panel_01","1A G417D - Mean: 1.057","163_232","2013214893",-1.3748088353238,1.97312576054881,"20153227",-0.751973790056265,0.894636241939498
"panel_01","1A G417D - Mean: 1.057","163_232","2013214893",-1.3748088353238,1.97312576054881,"20153314",-0.400589708635986,1.94264470607343
"panel_01","1A G417D - Mean: 1.057","163_232","2013214893",-1.3748088353238,1.97312576054881,"20153421",-0.400589708644735,1.94264470607634
"panel_01","1A G417D - Mean: 1.057","163_232","2013214893",-1.3748088353238,1.97312576054881,"20153429",-0.400589708638333,1.94264470607548
"panel_01","1A G417D - Mean: 1.057","163_232","2013214893",-1.3748088353238,1.97312576054881,"20153433",0.391764026654258,2.03698781773521
"panel_01","1A G417D - Mean: 1.057","163_232","2013214893",-1.3748088353238,1.97312576054881,"20153473",-0.86395633432637,1.89228580507392
"panel_01","1A G417D - Mean: 1.057","163_232","2013214893",-1.3748088353238,1.97312576054881,"20153528",-0.400589708640354,1.94264470607691
"panel_01","1A G417D - Mean: 1.057","163_232","2013214893",-1.3748088353238,1.97312576054881,"20153880",0.391764026653859,2.03698781773531
"panel_01","1A G417D - Mean: 1.057","163_232","2013214893",-1.3748088353238,1.97312576054881,"20153892",-0.400589708644518,1.94264470607588
"panel_01","1A G417D - Mean: 1.057","163_232","2013214893",-1.3748088353238,1.97312576054881,"20153900",-0.400589708644632,1.94264470607681
"panel_01","1A G417D - Mean: 1.057","163_232","2013214893",-1.3748088353238,1.97312576054881,"20153914",-0.400589708637832,1.94264470607456
"panel_01","1A G417D - Mean: 1.057","163_232","2013214893",-1.3748088353238,1.97312576054881,"20153926",-0.400589708650455,1.94264470607804
"panel_01","1A G417D - Mean: 1.057","163_232","2013214893",-1.3748088353238,1.97312576054881,"20153931",-0.400589708642889,1.94264470607656
"panel_01","1A G417D - Mean: 1.057","163_232","2013214893",-1.3748088353238,1.97312576054881,"20153950",-0.400589708636691,1.9426447060743
"panel_01","1A G417D - Mean: 1.057","163_232","2013214893",-1.3748088353238,1.97312576054881,"20153968",0.391764026654866,2.0369878177348
"panel_01","1A G417D - Mean: 1.057","163_232","2013214893",-1.3748088353238,1.97312576054881,"20153993",-0.106702115229517,2.13601662900189
"panel_01","1A G417D - Mean: 1.057","163_232","2013214893",-1.3748088353238,1.97312576054881,"20153998",-0.863956334327924,1.89228580507347
"panel_01","1A G417D - Mean: 1.057","163_232","2013214893",-1.3748088353238,1.97312576054881,"20154346",-0.863956334329468,1.8922858050745
"panel_01","1A G417D - Mean: 1.057","163_232","2013214893",-1.3748088353238,1.97312576054881,"20154474",-0.86395633432415,1.89228580507282
"panel_01","1A G417D - Mean: 1.057","163_232","2013214893",-1.3748088353238,1.97312576054881,"20154519",-0.400589708645893,1.94264470607606
"panel_01","1A G417D - Mean: 1.057","163_232","2013214893",-1.3748088353238,1.97312576054881,"20154881",-0.400589708644044,1.94264470607705
"panel_01","1A G417D - Mean: 1.057","163_232","2013214893",-1.3748088353238,1.97312576054881,"20154889",-0.863956334325656,1.89228580507287
"panel_01","1A G417D - Mean: 1.057","163_232","2013214893",-1.3748088353238,1.97312576054881,"20154924",-0.400589708638136,1.94264470607525
"panel_01","1A G417D - Mean: 1.057","163_232","2013214893",-1.3748088353238,1.97312576054881,"20154978",-0.751973790058134,0.894636241940864
"panel_01","1A G417D - Mean: 1.057","163_232","2013214893",-1.3748088353238,1.97312576054881,"20155006",0.391764026640086,2.03698781774152
"panel_01","1A G417D - Mean: 1.057","163_232","2013214893",-1.3748088353238,1.97312576054881,"20155011",-0.262123560231126,2.39594260214011
"panel_01","1A G417D - Mean: 1.057","163_232","2013214893",-1.3748088353238,1.97312576054881,"20155167",-0.863956334324291,1.89228580507306
"panel_01","1A G417D - Mean: 1.057","163_232","2013214893",-1.3748088353238,1.97312576054881,"20155258",-0.863956334324011,1.89228580507289
"panel_01","1A G417D - Mean: 1.057","163_232","2013214893",-1.3748088353238,1.97312576054881,"20155277",-0.86395633433119,1.89228580507315
"panel_01","1A G417D - Mean: 1.057","163_232","2013214893",-1.3748088353238,1.97312576054881,"20155279",0.391764026647408,2.0369878177384
"panel_01","1A G417D - Mean: 1.057","163_232","2013214893",-1.3748088353238,1.97312576054881,"20155317",-0.400589708637603,1.94264470607516
"panel_01","1A G417D - Mean: 1.057","163_232","2013214893",-1.3748088353238,1.97312576054881,"20155443",-0.863956334327688,1.8922858050729
"panel_01","1A G417D - Mean: 1.057","163_232","2013214893",-1.3748088353238,1.97312576054881,"20155496",-0.863956334327112,1.89228580507309
"panel_01","1A G417D - Mean: 1.057","163_232","2013214893",-1.3748088353238,1.97312576054881,"20155508",0.30042045220576,3.03538185662895
"panel_01","1A G417D - Mean: 1.057","163_232","2013214893",-1.3748088353238,1.97312576054881,"20155524",-0.106702115227177,2.13601662900216
"panel_01","1A G417D - Mean: 1.057","163_232","2013214893",-1.3748088353238,1.97312576054881,"20155531",0.39176402665299,2.03698781773513
"panel_01","1A G417D - Mean: 1.057","163_232","2013214893",-1.3748088353238,1.97312576054881,"20155532",-0.863956334333252,1.89228580507346
"panel_01","1A G417D - Mean: 1.057","163_232","2013214893",-1.3748088353238,1.97312576054881,"20155547",0.391764026653599,2.03698781773529
"panel_01","1A G417D - Mean: 1.057","163_232","2013214893",-1.3748088353238,1.97312576054881,"20155552",-0.400589708640174,1.94264470607578
"panel_01","1A G417D - Mean: 1.057","163_232","2013214893",-1.3748088353238,1.97312576054881,"20155564",0.391764026649028,2.0369878177366
"panel_01","1A G417D - Mean: 1.057","163_232","2013214893",-1.3748088353238,1.97312576054881,"20155565",-0.863956334325982,1.89228580507297
"panel_01","1A G417D - Mean: 1.057","163_232","2013214893",-1.3748088353238,1.97312576054881,"20155905",-0.863956334324397,1.89228580507281
"panel_01","1A G417D - Mean: 1.057","163_232","2013214893",-1.3748088353238,1.97312576054881,"20155908",-1.44980947126838,-1.20336459298078
"panel_01","1A G417D - Mean: 1.057","163_232","2013214893",-1.3748088353238,1.97312576054881,"20155939",-0.863956334325337,1.89228580507318
"panel_01","1A G417D - Mean: 1.057","163_232","2013214893",-1.3748088353238,1.97312576054881,"20155944",-0.400589708652473,1.94264470607761
"panel_01","1A G417D - Mean: 1.057","163_232","2013214893",-1.3748088353238,1.97312576054881,"20155952",0.391764026649981,2.03698781773687
"panel_01","1A G417D - Mean: 1.057","163_232","2013214893",-1.3748088353238,1.97312576054881,"20155973",0.391764026645093,2.03698781773904
"panel_01","1A G417D - Mean: 1.057","163_232","2013214893",-1.3748088353238,1.97312576054881,"20155990",-0.400589708638648,1.94264470607514
"panel_01","1A G417D - Mean: 1.057","163_232","2013214893",-1.3748088353238,1.97312576054881,"20156304",-0.400589708638052,1.94264470607493
"panel_01","1A G417D - Mean: 1.057","163_232","2013214893",-1.3748088353238,1.97312576054881,"20156564",-0.40058970863788,1.94264470607516
"panel_01","1A G417D - Mean: 1.057","163_232","2013214893",-1.3748088353238,1.97312576054881,"20156575",-0.863956334323285,1.89228580507278
"panel_01","1A G417D - Mean: 1.057","163_232","2013214893",-1.3748088353238,1.97312576054881,"20156585",-0.400589708639979,1.94264470607597
"panel_01","1A G417D - Mean: 1.057","163_232","2013214893",-1.3748088353238,1.97312576054881,"20156674",0.391764026651954,2.0369878177356
"panel_01","1A G417D - Mean: 1.057","163_232","2013214893",-1.3748088353238,1.97312576054881,"20156699",0.391764026651733,2.03698781773553
"panel_01","1A G417D - Mean: 1.057","163_232","2013214893",-1.3748088353238,1.97312576054881,"20160100",0.391764026652287,2.03698781773587
"panel_01","1A G417D - Mean: 1.057","163_232","2013214893",-1.3748088353238,1.97312576054881,"20160107",0.391764026653832,2.03698781773537
"panel_01","1A G417D - Mean: 1.057","163_232","2013214893",-1.3748088353238,1.97312576054881,"20160234",-0.863956334327794,1.89228580507258
"panel_01","1A G417D - Mean: 1.057","163_232","2013214893",-1.3748088353238,1.97312576054881,"20160281",-0.863956334325142,1.89228580507282
"panel_01","1A G417D - Mean: 1.057","163_232","2013214893",-1.3748088353238,1.97312576054881,"20160297",0.391764026650963,2.03698781773684
"panel_01","1A G417D - Mean: 1.057","163_232","2013214893",-1.3748088353238,1.97312576054881,"20160302",-0.751973790057342,0.89463624194064
"panel_01","1A G417D - Mean: 1.057","163_232","2013214893",-1.3748088353238,1.97312576054881,"20160306",-0.863956334326967,1.89228580507313
"panel_01","1A G417D - Mean: 1.057","163_232","2013214893",-1.3748088353238,1.97312576054881,"20160533",-0.863956334332454,1.89228580507313
"panel_01","1A G417D - Mean: 1.057","163_232","2013214893",-1.3748088353238,1.97312576054881,"20160567",-0.106702115227708,2.13601662900188
"panel_01","1A G417D - Mean: 1.057","163_232","2013214893",-1.3748088353238,1.97312576054881,"20160570",0.391764026655099,2.03698781773451
"panel_01","1A G417D - Mean: 1.057","163_232","2013214893",-1.3748088353238,1.97312576054881,"20160572",0.391764026653241,2.03698781773521
"panel_01","1A G417D - Mean: 1.057","163_232","2013214893",-1.3748088353238,1.97312576054881,"20160573",0.391764026652583,2.03698781773604
"panel_01","1A G417D - Mean: 1.057","163_232","2013214893",-1.3748088353238,1.97312576054881,"20160584",0.391764026653226,2.03698781773518
"panel_01","1A G417D - Mean: 1.057","163_232","2013214893",-1.3748088353238,1.97312576054881,"20160598",0.391764026651151,2.03698781773658
"panel_01","1A G417D - Mean: 1.057","163_232","2013214893",-1.3748088353238,1.97312576054881,"20160882",-0.863956334326621,1.89228580507296
"panel_01","1A G417D - Mean: 1.057","163_232","2013214893",-1.3748088353238,1.97312576054881,"20160883",-0.751973790066117,0.894636241942584
"panel_01","1A G417D - Mean: 1.057","163_232","2013214893",-1.3748088353238,1.97312576054881,"20160889",-0.863956334323224,1.89228580507269
"panel_01","1A G417D - Mean: 1.057","163_232","2013214893",-1.3748088353238,1.97312576054881,"20160923",-0.400589708640003,1.94264470607586
"panel_01","1A G417D - Mean: 1.057","163_232","2013214893",-1.3748088353238,1.97312576054881,"20161057",-0.106702115230876,2.1360166290035
"panel_01","1A G417D - Mean: 1.057","163_232","2013214893",-1.3748088353238,1.97312576054881,"20161062",0.391764026649582,2.03698781773658
"panel_01","1A G417D - Mean: 1.057","163_232","2013214893",-1.3748088353238,1.97312576054881,"20161140",-0.863956334323325,1.8922858050728
"panel_01","1A G417D - Mean: 1.057","163_232","2013214893",-1.3748088353238,1.97312576054881,"20161156",-0.86395633432416,1.89228580507265
"panel_01","1A G417D - Mean: 1.057","163_232","2013214893",-1.3748088353238,1.97312576054881,"20161260",-0.255058137489629,0.898098660034504
"panel_01","1A G417D - Mean: 1.057","163_232","2013214893",-1.3748088353238,1.97312576054881,"20161321",0.391764026650096,2.03698781773719
"panel_01","1A G417D - Mean: 1.057","163_232","2013214893",-1.3748088353238,1.97312576054881,"20161325",0.391764026647014,2.03698781773803
"panel_01","1A G417D - Mean: 1.057","163_232","2013214893",-1.3748088353238,1.97312576054881,"20161376",-0.400589708641593,1.94264470607576
"panel_01","1A G417D - Mean: 1.057","163_232","2013214893",-1.3748088353238,1.97312576054881,"20161385",0.391764026650664,2.03698781773614
"panel_01","1A G417D - Mean: 1.057","163_232","2013214893",-1.3748088353238,1.97312576054881,"20161616",-0.863956334330825,1.89228580507297
"panel_01","1A G417D - Mean: 1.057","163_232","2013214893",-1.3748088353238,1.97312576054881,"20161617",0.39176402664263,2.03698781774028
"panel_01","1A G417D - Mean: 1.057","163_232","2013214893",-1.3748088353238,1.97312576054881,"20161642",0.39176402665276,2.03698781773571
"panel_01","1A G417D - Mean: 1.057","163_232","2013214893",-1.3748088353238,1.97312576054881,"20161673",0.391764026643953,2.03698781773903
"panel_01","1A G417D - Mean: 1.057","163_232","2013214893",-1.3748088353238,1.97312576054881,"20161681",-0.196962802411825,3.09743415823732
"panel_01","1A G417D - Mean: 1.057","163_232","2013214893",-1.3748088353238,1.97312576054881,"20161700",-0.400589708642483,1.94264470607598
"panel_01","1A G417D - Mean: 1.057","163_232","2013214893",-1.3748088353238,1.97312576054881,"20161707",-0.400589708644505,1.94264470607638
"panel_01","1A G417D - Mean: 1.057","163_232","2013214893",-1.3748088353238,1.97312576054881,"20161785",-0.106702115223926,2.13601662900071
"panel_01","1A G417D - Mean: 1.057","163_232","2013214893",-1.3748088353238,1.97312576054881,"20161817",-0.863956334331088,1.8922858050729
"panel_01","1A G417D - Mean: 1.057","163_232","2013214893",-1.3748088353238,1.97312576054881,"20161986",-0.863956334324118,1.89228580507283
"panel_01","1A G417D - Mean: 1.057","163_232","2013214893",-1.3748088353238,1.97312576054881,"20162011",-0.863956334328065,1.89228580507318
"panel_01","1A G417D - Mean: 1.057","163_232","2013214893",-1.3748088353238,1.97312576054881,"20162257",0.391764026647686,2.03698781773781
"panel_01","1A G417D - Mean: 1.057","163_232","2013214893",-1.3748088353238,1.97312576054881,"20162262",-0.751973790062743,0.894636241941839
"panel_01","1A G417D - Mean: 1.057","163_232","2013214893",-1.3748088353238,1.97312576054881,"20162574",-0.400589708641715,1.94264470607619
"panel_01","1A G417D - Mean: 1.057","163_232","2013214893",-1.3748088353238,1.97312576054881,"20162802",-0.863956334326567,1.89228580507272
"panel_01","1A G417D - Mean: 1.057","163_232","2013214893",-1.3748088353238,1.97312576054881,"20162809",-0.400589708643791,1.94264470607624
"panel_01","1A G417D - Mean: 1.057","163_232","2013214893",-1.3748088353238,1.97312576054881,"20162947",0.391764026649439,2.03698781773709
"panel_01","1A G417D - Mean: 1.057","163_232","2013214893",-1.3748088353238,1.97312576054881,"20163105",-0.400589708642135,1.9426447060761
"panel_01","1A G417D - Mean: 1.057","163_232","2013214893",-1.3748088353238,1.97312576054881,"7582-06",-0.400589708638684,1.94264470607547
"panel_01","1A G417D - Mean: 1.057","163_232","2013214893",-1.3748088353238,1.97312576054881,"8043-06",-1.37480883532684,1.97312576054835
"panel_02","2B G404E - Mean: 1.429","49_56","20161631",8.34352513832807,4.3546603842582,"2009217700",8.3435251383285,4.35466038425935
"panel_02","2B G404E - Mean: 1.429","49_56","20161631",8.34352513832807,4.3546603842582,"2009218297",7.87776905643627,3.95745209010047
"panel_02","2B G404E - Mean: 1.429","49_56","20161631",8.34352513832807,4.3546603842582,"2010206372",6.63723996781745,3.46487724912405
"panel_02","2B G404E - Mean: 1.429","49_56","20161631",8.34352513832807,4.3546603842582,"2010220311",7.84560623712853,3.86012446632801
"panel_02","2B G404E - Mean: 1.429","49_56","20161631",8.34352513832807,4.3546603842582,"2012214448",7.20627350072429,4.44530953875892
"panel_02","2B G404E - Mean: 1.429","49_56","20161631",8.34352513832807,4.3546603842582,"2012215593",7.73962162830325,4.74900003269973
"panel_02","2B G404E - Mean: 1.429","49_56","20161631",8.34352513832807,4.3546603842582,"2012215605",8.34352513832831,4.35466038426036
"panel_02","2B G404E - Mean: 1.429","49_56","20161631",8.34352513832807,4.3546603842582,"2012215608",7.19433712497739,3.39211680303752
"panel_02","2B G404E - Mean: 1.429","49_56","20161631",8.34352513832807,4.3546603842582,"2012218206",8.18823384408598,5.66647671859759
"panel_02","2B G404E - Mean: 1.429","49_56","20161631",8.34352513832807,4.3546603842582,"2012219141",7.7396216283022,4.74900003269962
"panel_02","2B G404E - Mean: 1.429","49_56","20161631",8.34352513832807,4.3546603842582,"2012221327",8.34352513832638,4.35466038425972
"panel_02","2B G404E - Mean: 1.429","49_56","20161631",8.34352513832807,4.3546603842582,"2012221960",7.20627350072459,4.4453095387617
"panel_02","2B G404E - Mean: 1.429","49_56","20161631",8.34352513832807,4.3546603842582,"2012224849",7.73962162830297,4.74900003269785
"panel_02","2B G404E - Mean: 1.429","49_56","20161631",8.34352513832807,4.3546603842582,"2012224861",8.34352513832856,4.3546603842571
"panel_02","2B G404E - Mean: 1.429","49_56","20161631",8.34352513832807,4.3546603842582,"2013201129",7.19433712497932,3.39211680304109
"panel_02","2B G404E - Mean: 1.429","49_56","20161631",8.34352513832807,4.3546603842582,"2013202263",7.73962162830163,4.74900003269682
"panel_02","2B G404E - Mean: 1.429","49_56","20161631",8.34352513832807,4.3546603842582,"2013206354",6.63710624722272,4.67621835425017
"panel_02","2B G404E - Mean: 1.429","49_56","20161631",8.34352513832807,4.3546603842582,"2013208723",6.27362546725448,5.07799229372711
"panel_02","2B G404E - Mean: 1.429","49_56","20161631",8.34352513832807,4.3546603842582,"2013209097",7.73962162830315,4.74900003269896
"panel_02","2B G404E - Mean: 1.429","49_56","20161631",8.34352513832807,4.3546603842582,"2013212446",6.76705445554756,5.00367069509542
"panel_02","2B G404E - Mean: 1.429","49_56","20161631",8.34352513832807,4.3546603842582,"2013212825",6.78069468540016,3.37105585758261
"panel_02","2B G404E - Mean: 1.429","49_56","20161631",8.34352513832807,4.3546603842582,"2013213343",7.73962162830038,4.74900003269801
"panel_02","2B G404E - Mean: 1.429","49_56","20161631",8.34352513832807,4.3546603842582,"2013213707",7.07115589649512,5.16483240682024
"panel_02","2B G404E - Mean: 1.429","49_56","20161631",8.34352513832807,4.3546603842582,"2013214718",8.34352513832702,4.35466038425934
"panel_02","2B G404E - Mean: 1.429","49_56","20161631",8.34352513832807,4.3546603842582,"2013216682",7.7396216283023,4.74900003269575
"panel_02","2B G404E - Mean: 1.429","49_56","20161631",8.34352513832807,4.3546603842582,"2013219289",8.22381896934606,4.43611566860097
"panel_02","2B G404E - Mean: 1.429","49_56","20161631",8.34352513832807,4.3546603842582,"2013221282",8.34352513832648,4.35466038425776
"panel_02","2B G404E - Mean: 1.429","49_56","20161631",8.34352513832807,4.3546603842582,"2013222801",6.63710624722374,4.6762183542527
"panel_02","2B G404E - Mean: 1.429","49_56","20161631",8.34352513832807,4.3546603842582,"2013224752",7.17825902775315,3.24710510735326
"panel_02","2B G404E - Mean: 1.429","49_56","20161631",8.34352513832807,4.3546603842582,"2013226869",7.73962162830132,4.74900003270053
"panel_02","2B G404E - Mean: 1.429","49_56","20161631",8.34352513832807,4.3546603842582,"2013228260",8.34352513832586,4.35466038425846
"panel_02","2B G404E - Mean: 1.429","49_56","20161631",8.34352513832807,4.3546603842582,"2014201471",8.3435251383291,4.35466038425767
"panel_02","2B G404E - Mean: 1.429","49_56","20161631",8.34352513832807,4.3546603842582,"20151623",7.73962162830277,4.74900003270018
"panel_02","2B G404E - Mean: 1.429","49_56","20161631",8.34352513832807,4.3546603842582,"20151893",8.34352513832989,4.35466038426125
"panel_02","2B G404E - Mean: 1.429","49_56","20161631",8.34352513832807,4.3546603842582,"20151895",8.48357457269791,5.48339834625431
"panel_02","2B G404E - Mean: 1.429","49_56","20161631",8.34352513832807,4.3546603842582,"20152130",8.18823384408407,5.66647671859872
"panel_02","2B G404E - Mean: 1.429","49_56","20161631",8.34352513832807,4.3546603842582,"20152247",7.20627350072455,4.44530953875781
"panel_02","2B G404E - Mean: 1.429","49_56","20161631",8.34352513832807,4.3546603842582,"20152255",8.34352513832923,4.35466038425572
"panel_02","2B G404E - Mean: 1.429","49_56","20161631",8.34352513832807,4.3546603842582,"20152635",7.19433712497711,3.39211680303381
"panel_02","2B G404E - Mean: 1.429","49_56","20161631",8.34352513832807,4.3546603842582,"20152649",7.20627350072624,4.44530953876317
"panel_02","2B G404E - Mean: 1.429","49_56","20161631",8.34352513832807,4.3546603842582,"20152651",7.73962162830129,4.74900003270134
"panel_02","2B G404E - Mean: 1.429","49_56","20161631",8.34352513832807,4.3546603842582,"20152712",8.34352513832954,4.35466038425426
"panel_02","2B G404E - Mean: 1.429","49_56","20161631",8.34352513832807,4.3546603842582,"20152805",8.34352513832841,4.35466038426097
"panel_02","2B G404E - Mean: 1.429","49_56","20161631",8.34352513832807,4.3546603842582,"20152896",6.63710624722348,4.67621835425326
"panel_02","2B G404E - Mean: 1.429","49_56","20161631",8.34352513832807,4.3546603842582,"20152953",8.3435251383298,4.35466038425628
"panel_02","2B G404E - Mean: 1.429","49_56","20161631",8.34352513832807,4.3546603842582,"20152954",7.73962162830362,4.74900003270278
"panel_02","2B G404E - Mean: 1.429","49_56","20161631",8.34352513832807,4.3546603842582,"20152960",7.20627350072608,4.44530953875982
"panel_02","2B G404E - Mean: 1.429","49_56","20161631",8.34352513832807,4.3546603842582,"20153004",8.34352513832802,4.35466038425968
"panel_02","2B G404E - Mean: 1.429","49_56","20161631",8.34352513832807,4.3546603842582,"20153206",8.34352513832611,4.35466038425887
"panel_02","2B G404E - Mean: 1.429","49_56","20161631",8.34352513832807,4.3546603842582,"20153229",6.78069468539864,3.371055857588
"panel_02","2B G404E - Mean: 1.429","49_56","20161631",8.34352513832807,4.3546603842582,"20153245",6.78069468539638,3.37105585758646
"panel_02","2B G404E - Mean: 1.429","49_56","20161631",8.34352513832807,4.3546603842582,"20153308",8.34352513832956,4.3546603842572
"panel_02","2B G404E - Mean: 1.429","49_56","20161631",8.34352513832807,4.3546603842582,"20153478",7.73962162830353,4.74900003269952
"panel_02","2B G404E - Mean: 1.429","49_56","20161631",8.34352513832807,4.3546603842582,"20153526",7.87776905643675,3.95745209009772
"panel_02","2B G404E - Mean: 1.429","49_56","20161631",8.34352513832807,4.3546603842582,"20153901",7.20627350072585,4.44530953876086
"panel_02","2B G404E - Mean: 1.429","49_56","20161631",8.34352513832807,4.3546603842582,"20153902",7.20627350072394,4.44530953876043
"panel_02","2B G404E - Mean: 1.429","49_56","20161631",8.34352513832807,4.3546603842582,"20153937",8.34352513832782,4.35466038425435
"panel_02","2B G404E - Mean: 1.429","49_56","20161631",8.34352513832807,4.3546603842582,"20153945",7.20627350072331,4.44530953876166
"panel_02","2B G404E - Mean: 1.429","49_56","20161631",8.34352513832807,4.3546603842582,"20153974",8.34352513832657,4.35466038425807
"panel_02","2B G404E - Mean: 1.429","49_56","20161631",8.34352513832807,4.3546603842582,"20154264",7.73962162830239,4.74900003269603
"panel_02","2B G404E - Mean: 1.429","49_56","20161631",8.34352513832807,4.3546603842582,"20154350",5.77087802462017,3.93545496171595
"panel_02","2B G404E - Mean: 1.429","49_56","20161631",8.34352513832807,4.3546603842582,"20154457",6.29685974493976,3.6634040428705
"panel_02","2B G404E - Mean: 1.429","49_56","20161631",8.34352513832807,4.3546603842582,"20154575",8.34352513832805,4.35466038425769
"panel_02","2B G404E - Mean: 1.429","49_56","20161631",8.34352513832807,4.3546603842582,"20154582",3.46609997035252,2.89300823389976
"panel_02","2B G404E - Mean: 1.429","49_56","20161631",8.34352513832807,4.3546603842582,"20154698",7.73962162830216,4.7490000327001
"panel_02","2B G404E - Mean: 1.429","49_56","20161631",8.34352513832807,4.3546603842582,"20154709",8.34352513832835,4.35466038425735
"panel_02","2B G404E - Mean: 1.429","49_56","20161631",8.34352513832807,4.3546603842582,"20154740",7.20627350072551,4.44530953875743
"panel_02","2B G404E - Mean: 1.429","49_56","20161631",8.34352513832807,4.3546603842582,"20154762",7.73962162830257,4.74900003270085
"panel_02","2B G404E - Mean: 1.429","49_56","20161631",8.34352513832807,4.3546603842582,"20154764",7.73962162830257,4.74900003270097
"panel_02","2B G404E - Mean: 1.429","49_56","20161631",8.34352513832807,4.3546603842582,"20154861",8.10299312456889,4.09308684608491
"panel_02","2B G404E - Mean: 1.429","49_56","20161631",8.34352513832807,4.3546603842582,"20154871",7.20627350072404,4.44530953875694
"panel_02","2B G404E - Mean: 1.429","49_56","20161631",8.34352513832807,4.3546603842582,"20154894",8.34352513832944,4.35466038425936
"panel_02","2B G404E - Mean: 1.429","49_56","20161631",8.34352513832807,4.3546603842582,"20154898",7.73962162830274,4.74900003269661
"panel_02","2B G404E - Mean: 1.429","49_56","20161631",8.34352513832807,4.3546603842582,"20154904",7.20627350072512,4.44530953876167
"panel_02","2B G404E - Mean: 1.429","49_56","20161631",8.34352513832807,4.3546603842582,"20154923",7.73962162830398,4.74900003269894
"panel_02","2B G404E - Mean: 1.429","49_56","20161631",8.34352513832807,4.3546603842582,"20154941",7.20627350072531,4.44530953875979
"panel_02","2B G404E - Mean: 1.429","49_56","20161631",8.34352513832807,4.3546603842582,"20154985",6.78069468539804,3.37105585758731
"panel_02","2B G404E - Mean: 1.429","49_56","20161631",8.34352513832807,4.3546603842582,"20155252",7.20627350072511,4.44530953876231
"panel_02","2B G404E - Mean: 1.429","49_56","20161631",8.34352513832807,4.3546603842582,"20155285",7.20627350072535,4.44530953876076
"panel_02","2B G404E - Mean: 1.429","49_56","20161631",8.34352513832807,4.3546603842582,"20155301",7.73962162830054,4.74900003270211
"panel_02","2B G404E - Mean: 1.429","49_56","20161631",8.34352513832807,4.3546603842582,"20155341",8.34352513832833,4.35466038425852
"panel_02","2B G404E - Mean: 1.429","49_56","20161631",8.34352513832807,4.3546603842582,"20155424",7.73962162830298,4.74900003269976
"panel_02","2B G404E - Mean: 1.429","49_56","20161631",8.34352513832807,4.3546603842582,"20155436",7.20627350072503,4.44530953876026
"panel_02","2B G404E - Mean: 1.429","49_56","20161631",8.34352513832807,4.3546603842582,"20155454",0.68943539096173,0.782171695754266
"panel_02","2B G404E - Mean: 1.429","49_56","20161631",8.34352513832807,4.3546603842582,"20155483",6.27362546725532,5.07799229372611
"panel_02","2B G404E - Mean: 1.429","49_56","20161631",8.34352513832807,4.3546603842582,"20155510",6.63723996781771,3.46487724912195
"panel_02","2B G404E - Mean: 1.429","49_56","20161631",8.34352513832807,4.3546603842582,"20155511",6.63723996781999,3.46487724911918
"panel_02","2B G404E - Mean: 1.429","49_56","20161631",8.34352513832807,4.3546603842582,"20155530",8.34352513832886,4.35466038425996
"panel_02","2B G404E - Mean: 1.429","49_56","20161631",8.34352513832807,4.3546603842582,"20155537",6.63710624722273,4.67621835425331
"panel_02","2B G404E - Mean: 1.429","49_56","20161631",8.34352513832807,4.3546603842582,"20155901",6.78069468540025,3.37105585758698
"panel_02","2B G404E - Mean: 1.429","49_56","20161631",8.34352513832807,4.3546603842582,"20155922",7.20627350072595,4.44530953876013
"panel_02","2B G404E - Mean: 1.429","49_56","20161631",8.34352513832807,4.3546603842582,"20155951",7.73962162830112,4.7490000327002
"panel_02","2B G404E - Mean: 1.429","49_56","20161631",8.34352513832807,4.3546603842582,"20156078",7.20627350072402,4.44530953875862
"panel_02","2B G404E - Mean: 1.429","49_56","20161631",8.34352513832807,4.3546603842582,"20156298",8.18823384408675,5.66647671860076
"panel_02","2B G404E - Mean: 1.429","49_56","20161631",8.34352513832807,4.3546603842582,"20156301",6.63710624722401,4.67621835425061
"panel_02","2B G404E - Mean: 1.429","49_56","20161631",8.34352513832807,4.3546603842582,"20156540",6.6371062472208,4.67621835425393
"panel_02","2B G404E - Mean: 1.429","49_56","20161631",8.34352513832807,4.3546603842582,"20156581",6.63710624722303,4.67621835425225
"panel_02","2B G404E - Mean: 1.429","49_56","20161631",8.34352513832807,4.3546603842582,"20156649",6.63710624722256,4.67621835425162
"panel_02","2B G404E - Mean: 1.429","49_56","20161631",8.34352513832807,4.3546603842582,"20156659",6.29192209513901,3.63051203134944
"panel_02","2B G404E - Mean: 1.429","49_56","20161631",8.34352513832807,4.3546603842582,"20156666",7.2062735007249,4.44530953875828
"panel_02","2B G404E - Mean: 1.429","49_56","20161631",8.34352513832807,4.3546603842582,"20156670",8.34352513832704,4.35466038425997
"panel_02","2B G404E - Mean: 1.429","49_56","20161631",8.34352513832807,4.3546603842582,"20156677",7.73962162830261,4.74900003270087
"panel_02","2B G404E - Mean: 1.429","49_56","20161631",8.34352513832807,4.3546603842582,"20156678",7.38762470792661,2.98231361130299
"panel_02","2B G404E - Mean: 1.429","49_56","20161631",8.34352513832807,4.3546603842582,"20156689",5.50717455799032,3.63388403605044
"panel_02","2B G404E - Mean: 1.429","49_56","20161631",8.34352513832807,4.3546603842582,"20156933",7.20627350072485,4.4453095387614
"panel_02","2B G404E - Mean: 1.429","49_56","20161631",8.34352513832807,4.3546603842582,"20156936",7.73962162830365,4.74900003270111
"panel_02","2B G404E - Mean: 1.429","49_56","20161631",8.34352513832807,4.3546603842582,"20160273",6.09788852227297,5.48718212839731
"panel_02","2B G404E - Mean: 1.429","49_56","20161631",8.34352513832807,4.3546603842582,"20160308",8.34352513832748,4.35466038425998
"panel_02","2B G404E - Mean: 1.429","49_56","20161631",8.34352513832807,4.3546603842582,"20160528",7.20627350072485,4.44530953875779
"panel_02","2B G404E - Mean: 1.429","49_56","20161631",8.34352513832807,4.3546603842582,"20160534",6.07988207170932,3.24014556756386
"panel_02","2B G404E - Mean: 1.429","49_56","20161631",8.34352513832807,4.3546603842582,"20160559",7.20627350072464,4.4453095387625
"panel_02","2B G404E - Mean: 1.429","49_56","20161631",8.34352513832807,4.3546603842582,"20160571",5.29997364677003,3.50337122320775
"panel_02","2B G404E - Mean: 1.429","49_56","20161631",8.34352513832807,4.3546603842582,"20160578",6.63710624722311,4.67621835425289
"panel_02","2B G404E - Mean: 1.429","49_56","20161631",8.34352513832807,4.3546603842582,"20160586",7.20627350072566,4.44530953876026
"panel_02","2B G404E - Mean: 1.429","49_56","20161631",8.34352513832807,4.3546603842582,"20160886",6.63710624722266,4.67621835425082
"panel_02","2B G404E - Mean: 1.429","49_56","20161631",8.34352513832807,4.3546603842582,"20160906",6.78069468539929,3.37105585758528
"panel_02","2B G404E - Mean: 1.429","49_56","20161631",8.34352513832807,4.3546603842582,"20160914",8.34352513832929,4.35466038425596
"panel_02","2B G404E - Mean: 1.429","49_56","20161631",8.34352513832807,4.3546603842582,"20161250",7.7396216283024,4.7490000326982
"panel_02","2B G404E - Mean: 1.429","49_56","20161631",8.34352513832807,4.3546603842582,"20161257",8.34352513832755,4.35466038425713
"panel_02","2B G404E - Mean: 1.429","49_56","20161631",8.34352513832807,4.3546603842582,"20161304",7.73962162830255,4.74900003270027
"panel_02","2B G404E - Mean: 1.429","49_56","20161631",8.34352513832807,4.3546603842582,"20161312",7.20627350072505,4.44530953876215
"panel_02","2B G404E - Mean: 1.429","49_56","20161631",8.34352513832807,4.3546603842582,"20161318",-0.486945071313815,-1.21771180143907
"panel_02","2B G404E - Mean: 1.429","49_56","20161631",8.34352513832807,4.3546603842582,"20161390",8.34352513832691,4.35466038425847
"panel_02","2B G404E - Mean: 1.429","49_56","20161631",8.34352513832807,4.3546603842582,"20161402",8.18823384408666,5.66647671860025
"panel_02","2B G404E - Mean: 1.429","49_56","20161631",8.34352513832807,4.3546603842582,"20161619",7.73962162830068,4.74900003270115
"panel_02","2B G404E - Mean: 1.429","49_56","20161631",8.34352513832807,4.3546603842582,"20161621",7.59007932457397,6.23223590874231
"panel_02","2B G404E - Mean: 1.429","49_56","20161631",8.34352513832807,4.3546603842582,"20161622",7.20627350072497,4.4453095387618
"panel_02","2B G404E - Mean: 1.429","49_56","20161631",8.34352513832807,4.3546603842582,"20161627",7.48719489799379,6.12319991883864
"panel_02","2B G404E - Mean: 1.429","49_56","20161631",8.34352513832807,4.3546603842582,"20161669",6.63723996781859,3.46487724912167
"panel_02","2B G404E - Mean: 1.429","49_56","20161631",8.34352513832807,4.3546603842582,"20161674",7.19433712497711,3.39211680304303
"panel_02","2B G404E - Mean: 1.429","49_56","20161631",8.34352513832807,4.3546603842582,"20161697",6.63710624722282,4.67621835425222
"panel_02","2B G404E - Mean: 1.429","49_56","20161631",8.34352513832807,4.3546603842582,"20161772",7.20627350072534,4.44530953876038
"panel_02","2B G404E - Mean: 1.429","49_56","20161631",8.34352513832807,4.3546603842582,"20161796",7.7396216283024,4.74900003270152
"panel_02","2B G404E - Mean: 1.429","49_56","20161631",8.34352513832807,4.3546603842582,"20161806",8.34352513832866,4.35466038425645
"panel_02","2B G404E - Mean: 1.429","49_56","20161631",8.34352513832807,4.3546603842582,"20162014",3.311166395733,1.559055323564
"panel_02","2B G404E - Mean: 1.429","49_56","20161631",8.34352513832807,4.3546603842582,"20162335",7.20627350072578,4.44530953876141
"panel_02","2B G404E - Mean: 1.429","49_56","20161631",8.34352513832807,4.3546603842582,"20162573",7.20627350072589,4.44530953875923
"panel_02","2B G404E - Mean: 1.429","49_56","20161631",8.34352513832807,4.3546603842582,"20163113",7.73962162830315,4.74900003269983
"panel_03","2B A446T - Mean: 1.376","178_187","20156673",-0.673427564085136,-0.0671132853535562,"20162016",-1.44980947126931,-1.20336459298121
"panel_04","2B D483G - Mean: 1.518","50_56","2013218743",6.6320426801741,5.20017954040892,"2009217700",8.3435251383285,4.35466038425935
"panel_04","2B D483G - Mean: 1.518","50_56","2013218743",6.6320426801741,5.20017954040892,"2009218297",7.87776905643627,3.95745209010047
"panel_04","2B D483G - Mean: 1.518","50_56","2013218743",6.6320426801741,5.20017954040892,"2010206372",6.63723996781745,3.46487724912405
"panel_04","2B D483G - Mean: 1.518","50_56","2013218743",6.6320426801741,5.20017954040892,"2010220311",7.84560623712853,3.86012446632801
"panel_04","2B D483G - Mean: 1.518","50_56","2013218743",6.6320426801741,5.20017954040892,"2012214448",7.20627350072429,4.44530953875892
"panel_04","2B D483G - Mean: 1.518","50_56","2013218743",6.6320426801741,5.20017954040892,"2012215593",7.73962162830325,4.74900003269973
"panel_04","2B D483G - Mean: 1.518","50_56","2013218743",6.6320426801741,5.20017954040892,"2012215605",8.34352513832831,4.35466038426036
"panel_04","2B D483G - Mean: 1.518","50_56","2013218743",6.6320426801741,5.20017954040892,"2012215608",7.19433712497739,3.39211680303752
"panel_04","2B D483G - Mean: 1.518","50_56","2013218743",6.6320426801741,5.20017954040892,"2012218206",8.18823384408598,5.66647671859759
"panel_04","2B D483G - Mean: 1.518","50_56","2013218743",6.6320426801741,5.20017954040892,"2012219141",7.7396216283022,4.74900003269962
"panel_04","2B D483G - Mean: 1.518","50_56","2013218743",6.6320426801741,5.20017954040892,"2012221327",8.34352513832638,4.35466038425972
"panel_04","2B D483G - Mean: 1.518","50_56","2013218743",6.6320426801741,5.20017954040892,"2012221960",7.20627350072459,4.4453095387617
"panel_04","2B D483G - Mean: 1.518","50_56","2013218743",6.6320426801741,5.20017954040892,"2012224849",7.73962162830297,4.74900003269785
"panel_04","2B D483G - Mean: 1.518","50_56","2013218743",6.6320426801741,5.20017954040892,"2012224861",8.34352513832856,4.3546603842571
"panel_04","2B D483G - Mean: 1.518","50_56","2013218743",6.6320426801741,5.20017954040892,"2013201129",7.19433712497932,3.39211680304109
"panel_04","2B D483G - Mean: 1.518","50_56","2013218743",6.6320426801741,5.20017954040892,"2013202263",7.73962162830163,4.74900003269682
"panel_04","2B D483G - Mean: 1.518","50_56","2013218743",6.6320426801741,5.20017954040892,"2013206354",6.63710624722272,4.67621835425017
"panel_04","2B D483G - Mean: 1.518","50_56","2013218743",6.6320426801741,5.20017954040892,"2013208723",6.27362546725448,5.07799229372711
"panel_04","2B D483G - Mean: 1.518","50_56","2013218743",6.6320426801741,5.20017954040892,"2013209097",7.73962162830315,4.74900003269896
"panel_04","2B D483G - Mean: 1.518","50_56","2013218743",6.6320426801741,5.20017954040892,"2013212446",6.76705445554756,5.00367069509542
"panel_04","2B D483G - Mean: 1.518","50_56","2013218743",6.6320426801741,5.20017954040892,"2013212825",6.78069468540016,3.37105585758261
"panel_04","2B D483G - Mean: 1.518","50_56","2013218743",6.6320426801741,5.20017954040892,"2013213343",7.73962162830038,4.74900003269801
"panel_04","2B D483G - Mean: 1.518","50_56","2013218743",6.6320426801741,5.20017954040892,"2013213707",7.07115589649512,5.16483240682024
"panel_04","2B D483G - Mean: 1.518","50_56","2013218743",6.6320426801741,5.20017954040892,"2013214718",8.34352513832702,4.35466038425934
"panel_04","2B D483G - Mean: 1.518","50_56","2013218743",6.6320426801741,5.20017954040892,"2013216682",7.7396216283023,4.74900003269575
"panel_04","2B D483G - Mean: 1.518","50_56","2013218743",6.6320426801741,5.20017954040892,"2013219289",8.22381896934606,4.43611566860097
"panel_04","2B D483G - Mean: 1.518","50_56","2013218743",6.6320426801741,5.20017954040892,"2013221282",8.34352513832648,4.35466038425776
"panel_04","2B D483G - Mean: 1.518","50_56","2013218743",6.6320426801741,5.20017954040892,"2013222801",6.63710624722374,4.6762183542527
"panel_04","2B D483G - Mean: 1.518","50_56","2013218743",6.6320426801741,5.20017954040892,"2013224752",7.17825902775315,3.24710510735326
"panel_04","2B D483G - Mean: 1.518","50_56","2013218743",6.6320426801741,5.20017954040892,"2013226869",7.73962162830132,4.74900003270053
"panel_04","2B D483G - Mean: 1.518","50_56","2013218743",6.6320426801741,5.20017954040892,"2013228260",8.34352513832586,4.35466038425846
"panel_04","2B D483G - Mean: 1.518","50_56","2013218743",6.6320426801741,5.20017954040892,"2014201471",8.3435251383291,4.35466038425767
"panel_04","2B D483G - Mean: 1.518","50_56","2013218743",6.6320426801741,5.20017954040892,"20151623",7.73962162830277,4.74900003270018
"panel_04","2B D483G - Mean: 1.518","50_56","2013218743",6.6320426801741,5.20017954040892,"20151893",8.34352513832989,4.35466038426125
"panel_04","2B D483G - Mean: 1.518","50_56","2013218743",6.6320426801741,5.20017954040892,"20151895",8.48357457269791,5.48339834625431
"panel_04","2B D483G - Mean: 1.518","50_56","2013218743",6.6320426801741,5.20017954040892,"20152130",8.18823384408407,5.66647671859872
"panel_04","2B D483G - Mean: 1.518","50_56","2013218743",6.6320426801741,5.20017954040892,"20152247",7.20627350072455,4.44530953875781
"panel_04","2B D483G - Mean: 1.518","50_56","2013218743",6.6320426801741,5.20017954040892,"20152255",8.34352513832923,4.35466038425572
"panel_04","2B D483G - Mean: 1.518","50_56","2013218743",6.6320426801741,5.20017954040892,"20152635",7.19433712497711,3.39211680303381
"panel_04","2B D483G - Mean: 1.518","50_56","2013218743",6.6320426801741,5.20017954040892,"20152649",7.20627350072624,4.44530953876317
"panel_04","2B D483G - Mean: 1.518","50_56","2013218743",6.6320426801741,5.20017954040892,"20152651",7.73962162830129,4.74900003270134
"panel_04","2B D483G - Mean: 1.518","50_56","2013218743",6.6320426801741,5.20017954040892,"20152712",8.34352513832954,4.35466038425426
"panel_04","2B D483G - Mean: 1.518","50_56","2013218743",6.6320426801741,5.20017954040892,"20152805",8.34352513832841,4.35466038426097
"panel_04","2B D483G - Mean: 1.518","50_56","2013218743",6.6320426801741,5.20017954040892,"20152896",6.63710624722348,4.67621835425326
"panel_04","2B D483G - Mean: 1.518","50_56","2013218743",6.6320426801741,5.20017954040892,"20152953",8.3435251383298,4.35466038425628
"panel_04","2B D483G - Mean: 1.518","50_56","2013218743",6.6320426801741,5.20017954040892,"20152954",7.73962162830362,4.74900003270278
"panel_04","2B D483G - Mean: 1.518","50_56","2013218743",6.6320426801741,5.20017954040892,"20152960",7.20627350072608,4.44530953875982
"panel_04","2B D483G - Mean: 1.518","50_56","2013218743",6.6320426801741,5.20017954040892,"20153004",8.34352513832802,4.35466038425968
"panel_04","2B D483G - Mean: 1.518","50_56","2013218743",6.6320426801741,5.20017954040892,"20153206",8.34352513832611,4.35466038425887
"panel_04","2B D483G - Mean: 1.518","50_56","2013218743",6.6320426801741,5.20017954040892,"20153229",6.78069468539864,3.371055857588
"panel_04","2B D483G - Mean: 1.518","50_56","2013218743",6.6320426801741,5.20017954040892,"20153245",6.78069468539638,3.37105585758646
"panel_04","2B D483G - Mean: 1.518","50_56","2013218743",6.6320426801741,5.20017954040892,"20153308",8.34352513832956,4.3546603842572
"panel_04","2B D483G - Mean: 1.518","50_56","2013218743",6.6320426801741,5.20017954040892,"20153478",7.73962162830353,4.74900003269952
"panel_04","2B D483G - Mean: 1.518","50_56","2013218743",6.6320426801741,5.20017954040892,"20153526",7.87776905643675,3.95745209009772
"panel_04","2B D483G - Mean: 1.518","50_56","2013218743",6.6320426801741,5.20017954040892,"20153901",7.20627350072585,4.44530953876086
"panel_04","2B D483G - Mean: 1.518","50_56","2013218743",6.6320426801741,5.20017954040892,"20153902",7.20627350072394,4.44530953876043
"panel_04","2B D483G - Mean: 1.518","50_56","2013218743",6.6320426801741,5.20017954040892,"20153937",8.34352513832782,4.35466038425435
"panel_04","2B D483G - Mean: 1.518","50_56","2013218743",6.6320426801741,5.20017954040892,"20153945",7.20627350072331,4.44530953876166
"panel_04","2B D483G - Mean: 1.518","50_56","2013218743",6.6320426801741,5.20017954040892,"20153974",8.34352513832657,4.35466038425807
"panel_04","2B D483G - Mean: 1.518","50_56","2013218743",6.6320426801741,5.20017954040892,"20154264",7.73962162830239,4.74900003269603
"panel_04","2B D483G - Mean: 1.518","50_56","2013218743",6.6320426801741,5.20017954040892,"20154350",5.77087802462017,3.93545496171595
"panel_04","2B D483G - Mean: 1.518","50_56","2013218743",6.6320426801741,5.20017954040892,"20154457",6.29685974493976,3.6634040428705
"panel_04","2B D483G - Mean: 1.518","50_56","2013218743",6.6320426801741,5.20017954040892,"20154575",8.34352513832805,4.35466038425769
"panel_04","2B D483G - Mean: 1.518","50_56","2013218743",6.6320426801741,5.20017954040892,"20154582",3.46609997035252,2.89300823389976
"panel_04","2B D483G - Mean: 1.518","50_56","2013218743",6.6320426801741,5.20017954040892,"20154698",7.73962162830216,4.7490000327001
"panel_04","2B D483G - Mean: 1.518","50_56","2013218743",6.6320426801741,5.20017954040892,"20154709",8.34352513832835,4.35466038425735
"panel_04","2B D483G - Mean: 1.518","50_56","2013218743",6.6320426801741,5.20017954040892,"20154740",7.20627350072551,4.44530953875743
"panel_04","2B D483G - Mean: 1.518","50_56","2013218743",6.6320426801741,5.20017954040892,"20154762",7.73962162830257,4.74900003270085
"panel_04","2B D483G - Mean: 1.518","50_56","2013218743",6.6320426801741,5.20017954040892,"20154764",7.73962162830257,4.74900003270097
"panel_04","2B D483G - Mean: 1.518","50_56","2013218743",6.6320426801741,5.20017954040892,"20154861",8.10299312456889,4.09308684608491
"panel_04","2B D483G - Mean: 1.518","50_56","2013218743",6.6320426801741,5.20017954040892,"20154871",7.20627350072404,4.44530953875694
"panel_04","2B D483G - Mean: 1.518","50_56","2013218743",6.6320426801741,5.20017954040892,"20154894",8.34352513832944,4.35466038425936
"panel_04","2B D483G - Mean: 1.518","50_56","2013218743",6.6320426801741,5.20017954040892,"20154898",7.73962162830274,4.74900003269661
"panel_04","2B D483G - Mean: 1.518","50_56","2013218743",6.6320426801741,5.20017954040892,"20154904",7.20627350072512,4.44530953876167
"panel_04","2B D483G - Mean: 1.518","50_56","2013218743",6.6320426801741,5.20017954040892,"20154923",7.73962162830398,4.74900003269894
"panel_04","2B D483G - Mean: 1.518","50_56","2013218743",6.6320426801741,5.20017954040892,"20154941",7.20627350072531,4.44530953875979
"panel_04","2B D483G - Mean: 1.518","50_56","2013218743",6.6320426801741,5.20017954040892,"20154985",6.78069468539804,3.37105585758731
"panel_04","2B D483G - Mean: 1.518","50_56","2013218743",6.6320426801741,5.20017954040892,"20155252",7.20627350072511,4.44530953876231
"panel_04","2B D483G - Mean: 1.518","50_56","2013218743",6.6320426801741,5.20017954040892,"20155285",7.20627350072535,4.44530953876076
"panel_04","2B D483G - Mean: 1.518","50_56","2013218743",6.6320426801741,5.20017954040892,"20155301",7.73962162830054,4.74900003270211
"panel_04","2B D483G - Mean: 1.518","50_56","2013218743",6.6320426801741,5.20017954040892,"20155341",8.34352513832833,4.35466038425852
"panel_04","2B D483G - Mean: 1.518","50_56","2013218743",6.6320426801741,5.20017954040892,"20155424",7.73962162830298,4.74900003269976
"panel_04","2B D483G - Mean: 1.518","50_56","2013218743",6.6320426801741,5.20017954040892,"20155436",7.20627350072503,4.44530953876026
"panel_04","2B D483G - Mean: 1.518","50_56","2013218743",6.6320426801741,5.20017954040892,"20155454",0.68943539096173,0.782171695754266
"panel_04","2B D483G - Mean: 1.518","50_56","2013218743",6.6320426801741,5.20017954040892,"20155483",6.27362546725532,5.07799229372611
"panel_04","2B D483G - Mean: 1.518","50_56","2013218743",6.6320426801741,5.20017954040892,"20155510",6.63723996781771,3.46487724912195
"panel_04","2B D483G - Mean: 1.518","50_56","2013218743",6.6320426801741,5.20017954040892,"20155511",6.63723996781999,3.46487724911918
"panel_04","2B D483G - Mean: 1.518","50_56","2013218743",6.6320426801741,5.20017954040892,"20155530",8.34352513832886,4.35466038425996
"panel_04","2B D483G - Mean: 1.518","50_56","2013218743",6.6320426801741,5.20017954040892,"20155537",6.63710624722273,4.67621835425331
"panel_04","2B D483G - Mean: 1.518","50_56","2013218743",6.6320426801741,5.20017954040892,"20155901",6.78069468540025,3.37105585758698
"panel_04","2B D483G - Mean: 1.518","50_56","2013218743",6.6320426801741,5.20017954040892,"20155922",7.20627350072595,4.44530953876013
"panel_04","2B D483G - Mean: 1.518","50_56","2013218743",6.6320426801741,5.20017954040892,"20155951",7.73962162830112,4.7490000327002
"panel_04","2B D483G - Mean: 1.518","50_56","2013218743",6.6320426801741,5.20017954040892,"20156078",7.20627350072402,4.44530953875862
"panel_04","2B D483G - Mean: 1.518","50_56","2013218743",6.6320426801741,5.20017954040892,"20156298",8.18823384408675,5.66647671860076
"panel_04","2B D483G - Mean: 1.518","50_56","2013218743",6.6320426801741,5.20017954040892,"20156301",6.63710624722401,4.67621835425061
"panel_04","2B D483G - Mean: 1.518","50_56","2013218743",6.6320426801741,5.20017954040892,"20156540",6.6371062472208,4.67621835425393
"panel_04","2B D483G - Mean: 1.518","50_56","2013218743",6.6320426801741,5.20017954040892,"20156581",6.63710624722303,4.67621835425225
"panel_04","2B D483G - Mean: 1.518","50_56","2013218743",6.6320426801741,5.20017954040892,"20156649",6.63710624722256,4.67621835425162
"panel_04","2B D483G - Mean: 1.518","50_56","2013218743",6.6320426801741,5.20017954040892,"20156659",6.29192209513901,3.63051203134944
"panel_04","2B D483G - Mean: 1.518","50_56","2013218743",6.6320426801741,5.20017954040892,"20156666",7.2062735007249,4.44530953875828
"panel_04","2B D483G - Mean: 1.518","50_56","2013218743",6.6320426801741,5.20017954040892,"20156670",8.34352513832704,4.35466038425997
"panel_04","2B D483G - Mean: 1.518","50_56","2013218743",6.6320426801741,5.20017954040892,"20156677",7.73962162830261,4.74900003270087
"panel_04","2B D483G - Mean: 1.518","50_56","2013218743",6.6320426801741,5.20017954040892,"20156678",7.38762470792661,2.98231361130299
"panel_04","2B D483G - Mean: 1.518","50_56","2013218743",6.6320426801741,5.20017954040892,"20156689",5.50717455799032,3.63388403605044
"panel_04","2B D483G - Mean: 1.518","50_56","2013218743",6.6320426801741,5.20017954040892,"20156933",7.20627350072485,4.4453095387614
"panel_04","2B D483G - Mean: 1.518","50_56","2013218743",6.6320426801741,5.20017954040892,"20156936",7.73962162830365,4.74900003270111
"panel_04","2B D483G - Mean: 1.518","50_56","2013218743",6.6320426801741,5.20017954040892,"20160273",6.09788852227297,5.48718212839731
"panel_04","2B D483G - Mean: 1.518","50_56","2013218743",6.6320426801741,5.20017954040892,"20160308",8.34352513832748,4.35466038425998
"panel_04","2B D483G - Mean: 1.518","50_56","2013218743",6.6320426801741,5.20017954040892,"20160528",7.20627350072485,4.44530953875779
"panel_04","2B D483G - Mean: 1.518","50_56","2013218743",6.6320426801741,5.20017954040892,"20160534",6.07988207170932,3.24014556756386
"panel_04","2B D483G - Mean: 1.518","50_56","2013218743",6.6320426801741,5.20017954040892,"20160559",7.20627350072464,4.4453095387625
"panel_04","2B D483G - Mean: 1.518","50_56","2013218743",6.6320426801741,5.20017954040892,"20160571",5.29997364677003,3.50337122320775
"panel_04","2B D483G - Mean: 1.518","50_56","2013218743",6.6320426801741,5.20017954040892,"20160578",6.63710624722311,4.67621835425289
"panel_04","2B D483G - Mean: 1.518","50_56","2013218743",6.6320426801741,5.20017954040892,"20160586",7.20627350072566,4.44530953876026
"panel_04","2B D483G - Mean: 1.518","50_56","2013218743",6.6320426801741,5.20017954040892,"20160886",6.63710624722266,4.67621835425082
"panel_04","2B D483G - Mean: 1.518","50_56","2013218743",6.6320426801741,5.20017954040892,"20160906",6.78069468539929,3.37105585758528
"panel_04","2B D483G - Mean: 1.518","50_56","2013218743",6.6320426801741,5.20017954040892,"20160914",8.34352513832929,4.35466038425596
"panel_04","2B D483G - Mean: 1.518","50_56","2013218743",6.6320426801741,5.20017954040892,"20161250",7.7396216283024,4.7490000326982
"panel_04","2B D483G - Mean: 1.518","50_56","2013218743",6.6320426801741,5.20017954040892,"20161257",8.34352513832755,4.35466038425713
"panel_04","2B D483G - Mean: 1.518","50_56","2013218743",6.6320426801741,5.20017954040892,"20161304",7.73962162830255,4.74900003270027
"panel_04","2B D483G - Mean: 1.518","50_56","2013218743",6.6320426801741,5.20017954040892,"20161312",7.20627350072505,4.44530953876215
"panel_04","2B D483G - Mean: 1.518","50_56","2013218743",6.6320426801741,5.20017954040892,"20161318",-0.486945071313815,-1.21771180143907
"panel_04","2B D483G - Mean: 1.518","50_56","2013218743",6.6320426801741,5.20017954040892,"20161390",8.34352513832691,4.35466038425847
"panel_04","2B D483G - Mean: 1.518","50_56","2013218743",6.6320426801741,5.20017954040892,"20161402",8.18823384408666,5.66647671860025
"panel_04","2B D483G - Mean: 1.518","50_56","2013218743",6.6320426801741,5.20017954040892,"20161619",7.73962162830068,4.74900003270115
"panel_04","2B D483G - Mean: 1.518","50_56","2013218743",6.6320426801741,5.20017954040892,"20161621",7.59007932457397,6.23223590874231
"panel_04","2B D483G - Mean: 1.518","50_56","2013218743",6.6320426801741,5.20017954040892,"20161622",7.20627350072497,4.4453095387618
"panel_04","2B D483G - Mean: 1.518","50_56","2013218743",6.6320426801741,5.20017954040892,"20161627",7.48719489799379,6.12319991883864
"panel_04","2B D483G - Mean: 1.518","50_56","2013218743",6.6320426801741,5.20017954040892,"20161669",6.63723996781859,3.46487724912167
"panel_04","2B D483G - Mean: 1.518","50_56","2013218743",6.6320426801741,5.20017954040892,"20161674",7.19433712497711,3.39211680304303
"panel_04","2B D483G - Mean: 1.518","50_56","2013218743",6.6320426801741,5.20017954040892,"20161697",6.63710624722282,4.67621835425222
"panel_04","2B D483G - Mean: 1.518","50_56","2013218743",6.6320426801741,5.20017954040892,"20161772",7.20627350072534,4.44530953876038
"panel_04","2B D483G - Mean: 1.518","50_56","2013218743",6.6320426801741,5.20017954040892,"20161796",7.7396216283024,4.74900003270152
"panel_04","2B D483G - Mean: 1.518","50_56","2013218743",6.6320426801741,5.20017954040892,"20161806",8.34352513832866,4.35466038425645
"panel_04","2B D483G - Mean: 1.518","50_56","2013218743",6.6320426801741,5.20017954040892,"20162014",3.311166395733,1.559055323564
"panel_04","2B D483G - Mean: 1.518","50_56","2013218743",6.6320426801741,5.20017954040892,"20162335",7.20627350072578,4.44530953876141
"panel_04","2B D483G - Mean: 1.518","50_56","2013218743",6.6320426801741,5.20017954040892,"20162573",7.20627350072589,4.44530953875923
"panel_04","2B D483G - Mean: 1.518","50_56","2013218743",6.6320426801741,5.20017954040892,"20163113",7.73962162830315,4.74900003269983
"panel_05","2B L504P - Mean: 1.088","67_74","2014201763",-0.400589708637347,1.94264470607458,"2009211239",-1.37103522942703,2.45575813554144
"panel_05","2B L504P - Mean: 1.088","67_74","2014201763",-0.400589708637347,1.94264470607458,"2009214044",-1.37480883532683,1.97312576054715
"panel_05","2B L504P - Mean: 1.088","67_74","2014201763",-0.400589708637347,1.94264470607458,"2009218323",-1.61187327978515,1.78984961537808
"panel_05","2B L504P - Mean: 1.088","67_74","2014201763",-0.400589708637347,1.94264470607458,"2009218327",-1.37480883532146,1.97312576054853
"panel_05","2B L504P - Mean: 1.088","67_74","2014201763",-0.400589708637347,1.94264470607458,"2010208415",-1.44980947126955,-1.20336459298155
"panel_05","2B L504P - Mean: 1.088","67_74","2014201763",-0.400589708637347,1.94264470607458,"2012214505",-0.863956334321637,1.89228580507187
"panel_05","2B L504P - Mean: 1.088","67_74","2014201763",-0.400589708637347,1.94264470607458,"2012220641",-1.44980947126916,-1.20336459298107
"panel_05","2B L504P - Mean: 1.088","67_74","2014201763",-0.400589708637347,1.94264470607458,"2013206201",1.09305135933577,1.59552374191058
"panel_05","2B L504P - Mean: 1.088","67_74","2014201763",-0.400589708637347,1.94264470607458,"20152159",-1.61187327978262,1.78984961537812
"panel_05","2B L504P - Mean: 1.088","67_74","2014201763",-0.400589708637347,1.94264470607458,"20152687",-0.751973790064459,0.894636241942234
"panel_05","2B L504P - Mean: 1.088","67_74","2014201763",-0.400589708637347,1.94264470607458,"20152957",-0.400589708644028,1.94264470607626
"panel_05","2B L504P - Mean: 1.088","67_74","2014201763",-0.400589708637347,1.94264470607458,"20153860",-0.400589708640506,1.94264470607471
"panel_05","2B L504P - Mean: 1.088","67_74","2014201763",-0.400589708637347,1.94264470607458,"20153927",-0.400589708650976,1.94264470607748
"panel_05","2B L504P - Mean: 1.088","67_74","2014201763",-0.400589708637347,1.94264470607458,"20153959",-0.400589708637521,1.94264470607438
"panel_05","2B L504P - Mean: 1.088","67_74","2014201763",-0.400589708637347,1.94264470607458,"20153961",-0.400589708646279,1.94264470607629
"panel_05","2B L504P - Mean: 1.088","67_74","2014201763",-0.400589708637347,1.94264470607458,"20154443",-0.400589708644087,1.94264470607668
"panel_05","2B L504P - Mean: 1.088","67_74","2014201763",-0.400589708637347,1.94264470607458,"20154523",-0.400589708643586,1.94264470607591
"panel_05","2B L504P - Mean: 1.088","67_74","2014201763",-0.400589708637347,1.94264470607458,"20154736",-0.400589708638548,1.94264470607526
"panel_05","2B L504P - Mean: 1.088","67_74","2014201763",-0.400589708637347,1.94264470607458,"20154754",-0.400589708647737,1.9426447060768
"panel_05","2B L504P - Mean: 1.088","67_74","2014201763",-0.400589708637347,1.94264470607458,"20154988",-0.283667594851097,3.04224955367493
"panel_05","2B L504P - Mean: 1.088","67_74","2014201763",-0.400589708637347,1.94264470607458,"20155246",-0.40058970863777,1.94264470607469
"panel_05","2B L504P - Mean: 1.088","67_74","2014201763",-0.400589708637347,1.94264470607458,"20155247",-0.765712113830858,2.07332647911711
"panel_05","2B L504P - Mean: 1.088","67_74","2014201763",-0.400589708637347,1.94264470607458,"20155297",-0.400589708647484,1.94264470607666
"panel_05","2B L504P - Mean: 1.088","67_74","2014201763",-0.400589708637347,1.94264470607458,"20155306",-0.400589708652297,1.94264470607802
"panel_05","2B L504P - Mean: 1.088","67_74","2014201763",-0.400589708637347,1.94264470607458,"20155476",-0.4005897086387,1.94264470607537
"panel_05","2B L504P - Mean: 1.088","67_74","2014201763",-0.400589708637347,1.94264470607458,"20155523",-0.400589708639746,1.94264470607519
"panel_05","2B L504P - Mean: 1.088","67_74","2014201763",-0.400589708637347,1.94264470607458,"20155964",-0.400589708641419,1.94264470607621
"panel_05","2B L504P - Mean: 1.088","67_74","2014201763",-0.400589708637347,1.94264470607458,"20155969",-0.400589708638225,1.94264470607526
"panel_05","2B L504P - Mean: 1.088","67_74","2014201763",-0.400589708637347,1.94264470607458,"20156655",-0.400589708647737,1.94264470607772
"panel_05","2B L504P - Mean: 1.088","67_74","2014201763",-0.400589708637347,1.94264470607458,"20156685",-0.400589708639602,1.94264470607571
"panel_05","2B L504P - Mean: 1.088","67_74","2014201763",-0.400589708637347,1.94264470607458,"20156760",-0.400589708638906,1.94264470607498
"panel_05","2B L504P - Mean: 1.088","67_74","2014201763",-0.400589708637347,1.94264470607458,"20160272",-0.400589708650421,1.94264470607719
"panel_05","2B L504P - Mean: 1.088","67_74","2014201763",-0.400589708637347,1.94264470607458,"20160442",-0.400589708649701,1.94264470607769
"panel_05","2B L504P - Mean: 1.088","67_74","2014201763",-0.400589708637347,1.94264470607458,"20160583",-0.400589708640755,1.94264470607581
"panel_05","2B L504P - Mean: 1.088","67_74","2014201763",-0.400589708637347,1.94264470607458,"20160732",-1.61187327979081,1.78984961537644
"panel_05","2B L504P - Mean: 1.088","67_74","2014201763",-0.400589708637347,1.94264470607458,"20161151",-0.400589708640206,1.94264470607584
"panel_05","2B L504P - Mean: 1.088","67_74","2014201763",-0.400589708637347,1.94264470607458,"20161251",-0.863956334325894,1.89228580507275
"panel_05","2B L504P - Mean: 1.088","67_74","2014201763",-0.400589708637347,1.94264470607458,"20161366",-0.400589708637686,1.9426447060751
"panel_05","2B L504P - Mean: 1.088","67_74","2014201763",-0.400589708637347,1.94264470607458,"20161387",-0.45433047164776,2.93725290224116
"panel_05","2B L504P - Mean: 1.088","67_74","2014201763",-0.400589708637347,1.94264470607458,"20161618",-1.40046266903822,1.02175946779256
"panel_05","2B L504P - Mean: 1.088","67_74","2014201763",-0.400589708637347,1.94264470607458,"20161634",-0.751973790060096,0.894636241941207
"panel_05","2B L504P - Mean: 1.088","67_74","2014201763",-0.400589708637347,1.94264470607458,"20161656",-0.863956334331075,1.89228580507288
"panel_05","2B L504P - Mean: 1.088","67_74","2014201763",-0.400589708637347,1.94264470607458,"20161711",-1.47686725831193,-0.216871763500118
"panel_05","2B L504P - Mean: 1.088","67_74","2014201763",-0.400589708637347,1.94264470607458,"20161807",5.60544511195462,5.48821578423531
"panel_05","2B L504P - Mean: 1.088","67_74","2014201763",-0.400589708637347,1.94264470607458,"20162794",-0.863956334330102,1.89228580507304
"panel_05","2B L504P - Mean: 1.088","67_74","2014201763",-0.400589708637347,1.94264470607458,"20163118",0.00955692795397151,1.9196269085035
"panel_06","2B V542M - Mean: 1.324","144_145","20156073",3.56318408472834,2.74627821047517,"2010206356",6.90750377495902,3.30982035747881
"panel_06","2B V542M - Mean: 1.324","144_145","20156073",3.56318408472834,2.74627821047517,"2012224918",4.94658036831034,3.89803205553838
"panel_06","2B V542M - Mean: 1.324","144_145","20156073",3.56318408472834,2.74627821047517,"20152638",4.03823267160925,3.20585319976917
"panel_06","2B V542M - Mean: 1.324","144_145","20156073",3.56318408472834,2.74627821047517,"20153272",4.70383342021206,4.37798118808581
"panel_06","2B V542M - Mean: 1.324","144_145","20156073",3.56318408472834,2.74627821047517,"20153451",4.70383342021595,4.37798118808642
"panel_06","2B V542M - Mean: 1.324","144_145","20156073",3.56318408472834,2.74627821047517,"20153936",3.56318408472905,2.74627821047731
"panel_06","2B V542M - Mean: 1.324","144_145","20156073",3.56318408472834,2.74627821047517,"20154473",5.4626087324875,3.67474056974692
"panel_06","2B V542M - Mean: 1.324","144_145","20156073",3.56318408472834,2.74627821047517,"20154514",4.56728305249845,2.84441755186196
"panel_06","2B V542M - Mean: 1.324","144_145","20156073",3.56318408472834,2.74627821047517,"20155186",4.94658036831043,3.89803205553624
"panel_06","2B V542M - Mean: 1.324","144_145","20156073",3.56318408472834,2.74627821047517,"20156576",5.31046388645664,2.41004006554874
"panel_06","2B V542M - Mean: 1.324","144_145","20156073",3.56318408472834,2.74627821047517,"20156935",4.56570396964487,3.05302404440334
"panel_07","2X K230T - Mean: 1.028","38_41","2012222280",12.1085963405374,6.10199446193593,"2009209968",11.6386201436116,6.43271091441993
"panel_07","2X K230T - Mean: 1.028","38_41","2012222280",12.1085963405374,6.10199446193593,"2009211097",11.2330658608443,6.02202998366476
"panel_07","2X K230T - Mean: 1.028","38_41","2012222280",12.1085963405374,6.10199446193593,"2009216796",11.2330658608454,6.02202998367834
"panel_07","2X K230T - Mean: 1.028","38_41","2012222280",12.1085963405374,6.10199446193593,"2010205285",11.2330658608482,6.02202998367647
"panel_07","2X K230T - Mean: 1.028","38_41","2012222280",12.1085963405374,6.10199446193593,"2013215756",11.2330658608432,6.02202998367256
"panel_07","2X K230T - Mean: 1.028","38_41","2012222280",12.1085963405374,6.10199446193593,"20152204",10.5093766693944,4.57281274982078
"panel_07","2X K230T - Mean: 1.028","38_41","2012222280",12.1085963405374,6.10199446193593,"20152216",12.1085963405394,6.10199446193057
"panel_07","2X K230T - Mean: 1.028","38_41","2012222280",12.1085963405374,6.10199446193593,"20154482",10.6810796357084,4.82375761253403
"panel_07","2X K230T - Mean: 1.028","38_41","2012222280",12.1085963405374,6.10199446193593,"20160744",11.7573452714062,5.57599608274337
"panel_08","2X N326D - Mean: 1.013","35_37","2008004334",9.65908379288342,5.42141210643782,"2012218031",8.66932254038602,6.06233696183096
"panel_08","2X N326D - Mean: 1.013","35_37","2008230628",9.24523981507483,5.85858932911287,"2012218031",8.66932254038602,6.06233696183096
"panel_08","2X N326D - Mean: 1.013","35_37","2008236056",9.6590837928823,5.42141210644039,"2012218031",8.66932254038602,6.06233696183096
"panel_08","2X N326D - Mean: 1.013","35_37","2009205599",9.65908379288395,5.42141210644006,"2012218031",8.66932254038602,6.06233696183096
"panel_08","2X N326D - Mean: 1.013","35_37","2009206436",9.65908379288174,5.42141210643516,"2012218031",8.66932254038602,6.06233696183096
"panel_08","2X N326D - Mean: 1.013","35_37","2009209148",10.1320986484778,6.88259518133469,"2012218031",8.66932254038602,6.06233696183096
"panel_08","2X N326D - Mean: 1.013","35_37","2009209868",9.65908379288153,5.42141210643919,"2012218031",8.66932254038602,6.06233696183096
"panel_08","2X N326D - Mean: 1.013","35_37","2009210864",9.65908379288524,5.42141210643854,"2012218031",8.66932254038602,6.06233696183096
"panel_08","2X N326D - Mean: 1.013","35_37","2009210885",9.65908379288088,5.42141210643493,"2012218031",8.66932254038602,6.06233696183096
"panel_08","2X N326D - Mean: 1.013","35_37","2009210894",9.65908379288364,5.421412106441,"2012218031",8.66932254038602,6.06233696183096
"panel_08","2X N326D - Mean: 1.013","35_37","2009210936",8.66932254038416,6.06233696182787,"2012218031",8.66932254038602,6.06233696183096
"panel_08","2X N326D - Mean: 1.013","35_37","2009211285",9.59606574609195,6.57740638283527,"2012218031",8.66932254038602,6.06233696183096
"panel_08","2X N326D - Mean: 1.013","35_37","2009211298",9.24523981507373,5.85858932911341,"2012218031",8.66932254038602,6.06233696183096
"panel_08","2X N326D - Mean: 1.013","35_37","2009211299",8.66932254038656,6.06233696183038,"2012218031",8.66932254038602,6.06233696183096
"panel_08","2X N326D - Mean: 1.013","35_37","2009211518",9.65908379288219,5.42141210643935,"2012218031",8.66932254038602,6.06233696183096
"panel_08","2X N326D - Mean: 1.013","35_37","2009212151",9.24523981507565,5.8585893291163,"2012218031",8.66932254038602,6.06233696183096
"panel_08","2X N326D - Mean: 1.013","35_37","2009212157",9.65908379288388,5.42141210643997,"2012218031",8.66932254038602,6.06233696183096
"panel_08","2X N326D - Mean: 1.013","35_37","2009212796",9.24523981507055,5.85858932911049,"2012218031",8.66932254038602,6.06233696183096
"panel_08","2X N326D - Mean: 1.013","35_37","2009212799",9.24523981507153,5.85858932911307,"2012218031",8.66932254038602,6.06233696183096
"panel_08","2X N326D - Mean: 1.013","35_37","2009212800",9.65908379288507,5.42141210644367,"2012218031",8.66932254038602,6.06233696183096
"panel_08","2X N326D - Mean: 1.013","35_37","2009213970",9.65908379288261,5.42141210643745,"2012218031",8.66932254038602,6.06233696183096
"panel_08","2X N326D - Mean: 1.013","35_37","2009213998",9.6590837928833,5.42141210644009,"2012218031",8.66932254038602,6.06233696183096
"panel_08","2X N326D - Mean: 1.013","35_37","2009214030",9.65908379288304,5.42141210644005,"2012218031",8.66932254038602,6.06233696183096
"panel_08","2X N326D - Mean: 1.013","35_37","2009214041",9.65908379288004,5.42141210643683,"2012218031",8.66932254038602,6.06233696183096
"panel_08","2X N326D - Mean: 1.013","35_37","2009214084",9.6590837928826,5.42141210643977,"2012218031",8.66932254038602,6.06233696183096
"panel_08","2X N326D - Mean: 1.013","35_37","2009214092",8.66932254038477,6.06233696182827,"2012218031",8.66932254038602,6.06233696183096
"panel_08","2X N326D - Mean: 1.013","35_37","2009214138",8.66932254038443,6.06233696182665,"2012218031",8.66932254038602,6.06233696183096
"panel_08","2X N326D - Mean: 1.013","35_37","2009215693",8.1882338440851,5.66647671859782,"2012218031",8.66932254038602,6.06233696183096
"panel_08","2X N326D - Mean: 1.013","35_37","2009215771",9.18359734722086,5.0569919321828,"2012218031",8.66932254038602,6.06233696183096
"panel_08","2X N326D - Mean: 1.013","35_37","2009215864",8.75057009375772,5.50560121832845,"2012218031",8.66932254038602,6.06233696183096
"panel_08","2X N326D - Mean: 1.013","35_37","2009215894",9.23577524500188,6.86072152964527,"2012218031",8.66932254038602,6.06233696183096
"panel_08","2X N326D - Mean: 1.013","35_37","2009216731",9.24523981507297,5.85858932911491,"2012218031",8.66932254038602,6.06233696183096
"panel_08","2X N326D - Mean: 1.013","35_37","2009216952",9.59606574608945,6.57740638283266,"2012218031",8.66932254038602,6.06233696183096
"panel_08","2X N326D - Mean: 1.013","35_37","2009217675",9.65908379288292,5.42141210643681,"2012218031",8.66932254038602,6.06233696183096
"panel_08","2X N326D - Mean: 1.013","35_37","2009217687",9.65908379288221,5.42141210643759,"2012218031",8.66932254038602,6.06233696183096
"panel_08","2X N326D - Mean: 1.013","35_37","2009217751",9.65908379288252,5.42141210643919,"2012218031",8.66932254038602,6.06233696183096
"panel_08","2X N326D - Mean: 1.013","35_37","2009218018",10.1320986484788,6.8825951813333,"2012218031",8.66932254038602,6.06233696183096
"panel_08","2X N326D - Mean: 1.013","35_37","2009218395",8.18823384408394,5.66647671859912,"2012218031",8.66932254038602,6.06233696183096
"panel_08","2X N326D - Mean: 1.013","35_37","2009218403",9.59606574609154,6.5774063828349,"2012218031",8.66932254038602,6.06233696183096
"panel_08","2X N326D - Mean: 1.013","35_37","2010200031",8.34352513833074,4.3546603842593,"2012218031",8.66932254038602,6.06233696183096
"panel_08","2X N326D - Mean: 1.013","35_37","2010200695",9.02885421759753,6.10943869666079,"2012218031",8.66932254038602,6.06233696183096
"panel_08","2X N326D - Mean: 1.013","35_37","2010200704",8.66932254038452,6.06233696182841,"2012218031",8.66932254038602,6.06233696183096
"panel_08","2X N326D - Mean: 1.013","35_37","2010200792",9.23577524499916,6.86072152964507,"2012218031",8.66932254038602,6.06233696183096
"panel_08","2X N326D - Mean: 1.013","35_37","2010200814",9.59606574609548,6.57740638283592,"2012218031",8.66932254038602,6.06233696183096
"panel_08","2X N326D - Mean: 1.013","35_37","2010200837",9.23577524500202,6.86072152964507,"2012218031",8.66932254038602,6.06233696183096
"panel_08","2X N326D - Mean: 1.013","35_37","2010203160",8.22381896934633,4.4361156686061,"2012218031",8.66932254038602,6.06233696183096
"panel_08","2X N326D - Mean: 1.013","35_37","2010203475",9.65908379288024,5.42141210643634,"2012218031",8.66932254038602,6.06233696183096
"panel_08","2X N326D - Mean: 1.013","35_37","2010203946",9.24523981507268,5.85858932911478,"2012218031",8.66932254038602,6.06233696183096
"panel_08","2X N326D - Mean: 1.013","35_37","2010204335",9.1835973472237,5.05699193218524,"2012218031",8.66932254038602,6.06233696183096
"panel_08","2X N326D - Mean: 1.013","35_37","2010205384",9.23577524499662,6.86072152964576,"2012218031",8.66932254038602,6.06233696183096
"panel_08","2X N326D - Mean: 1.013","35_37","2010205418",8.34352513832542,4.35466038425335,"2012218031",8.66932254038602,6.06233696183096
"panel_08","2X N326D - Mean: 1.013","35_37","2010206275",8.75057009375834,5.50560121833217,"2012218031",8.66932254038602,6.06233696183096
"panel_08","2X N326D - Mean: 1.013","35_37","2010206361",9.65908379288073,5.42141210643719,"2012218031",8.66932254038602,6.06233696183096
"panel_08","2X N326D - Mean: 1.013","35_37","2010206720",9.24523981507376,5.85858932911087,"2012218031",8.66932254038602,6.06233696183096
"panel_08","2X N326D - Mean: 1.013","35_37","2010206729",8.87740032527289,4.19469033101964,"2012218031",8.66932254038602,6.06233696183096
"panel_08","2X N326D - Mean: 1.013","35_37","2010206730",8.34352513832771,4.35466038425825,"2012218031",8.66932254038602,6.06233696183096
"panel_08","2X N326D - Mean: 1.013","35_37","2010208307",9.59606574608805,6.577406382833,"2012218031",8.66932254038602,6.06233696183096
"panel_08","2X N326D - Mean: 1.013","35_37","2010208351",9.2357752450014,6.86072152964538,"2012218031",8.66932254038602,6.06233696183096
"panel_08","2X N326D - Mean: 1.013","35_37","2010208429",9.59606574609351,6.57740638283376,"2012218031",8.66932254038602,6.06233696183096
"panel_08","2X N326D - Mean: 1.013","35_37","2010208437",9.59606574608913,6.57740638283239,"2012218031",8.66932254038602,6.06233696183096
"panel_08","2X N326D - Mean: 1.013","35_37","2010209958",9.59606574609111,6.57740638283482,"2012218031",8.66932254038602,6.06233696183096
"panel_08","2X N326D - Mean: 1.013","35_37","2010209966",9.65908379288436,5.42141210644005,"2012218031",8.66932254038602,6.06233696183096
"panel_08","2X N326D - Mean: 1.013","35_37","2010209998",9.65908379288094,5.42141210643831,"2012218031",8.66932254038602,6.06233696183096
"panel_08","2X N326D - Mean: 1.013","35_37","2010216124",10.1485108585302,6.51058290232274,"2012218031",8.66932254038602,6.06233696183096
"panel_08","2X N326D - Mean: 1.013","35_37","2010216160",9.23577524499936,6.86072152964548,"2012218031",8.66932254038602,6.06233696183096
"panel_08","2X N326D - Mean: 1.013","35_37","2010216266",9.23577524499944,6.8607215296441,"2012218031",8.66932254038602,6.06233696183096
"panel_08","2X N326D - Mean: 1.013","35_37","2010220100",9.23577524499781,6.86072152964549,"2012218031",8.66932254038602,6.06233696183096
"panel_08","2X N326D - Mean: 1.013","35_37","2010220245",9.23577524499867,6.86072152964327,"2012218031",8.66932254038602,6.06233696183096
"panel_08","2X N326D - Mean: 1.013","35_37","2010220299",9.23577524500562,6.86072152964676,"2012218031",8.66932254038602,6.06233696183096
"panel_08","2X N326D - Mean: 1.013","35_37","2012214475",6.6320426801761,5.20017954040626,"2012218031",8.66932254038602,6.06233696183096
"panel_08","2X N326D - Mean: 1.013","35_37","2012214930",9.65908379288134,5.42141210643635,"2012218031",8.66932254038602,6.06233696183096
"panel_08","2X N326D - Mean: 1.013","35_37","2012215002",9.24523981507073,5.85858932911246,"2012218031",8.66932254038602,6.06233696183096
"panel_08","2X N326D - Mean: 1.013","35_37","2012217544",8.66932254038505,6.06233696182962,"2012218031",8.66932254038602,6.06233696183096
"panel_08","2X N326D - Mean: 1.013","35_37","2012220439",9.65908379288231,5.42141210643989,"2012218031",8.66932254038602,6.06233696183096
"panel_08","2X N326D - Mean: 1.013","35_37","2012220607",9.59606574608812,6.57740638283344,"2012218031",8.66932254038602,6.06233696183096
"panel_08","2X N326D - Mean: 1.013","35_37","2012221326",9.65908379288256,5.42141210643989,"2012218031",8.66932254038602,6.06233696183096
"panel_08","2X N326D - Mean: 1.013","35_37","2012224878",10.1320986484764,6.88259518133501,"2012218031",8.66932254038602,6.06233696183096
"panel_08","2X N326D - Mean: 1.013","35_37","2013208464",9.65908379288364,5.42141210644041,"2012218031",8.66932254038602,6.06233696183096
"panel_08","2X N326D - Mean: 1.013","35_37","2013208500",10.7572138696495,5.44402523606786,"2012218031",8.66932254038602,6.06233696183096
"panel_08","2X N326D - Mean: 1.013","35_37","2013208554",9.6590837928851,5.42141210643944,"2012218031",8.66932254038602,6.06233696183096
"panel_08","2X N326D - Mean: 1.013","35_37","2013209079",9.245239815074,5.85858932911202,"2012218031",8.66932254038602,6.06233696183096
"panel_08","2X N326D - Mean: 1.013","35_37","2013212937",10.1320986484751,6.88259518133139,"2012218031",8.66932254038602,6.06233696183096
"panel_08","2X N326D - Mean: 1.013","35_37","2013217306",9.24523981507287,5.85858932911567,"2012218031",8.66932254038602,6.06233696183096
"panel_08","2X N326D - Mean: 1.013","35_37","2013223617",9.6590837928832,5.42141210643694,"2012218031",8.66932254038602,6.06233696183096
"panel_08","2X N326D - Mean: 1.013","35_37","2014202183",9.65908379288294,5.42141210643881,"2012218031",8.66932254038602,6.06233696183096
"panel_08","2X N326D - Mean: 1.013","35_37","2014202560",8.66932254038589,6.06233696182974,"2012218031",8.66932254038602,6.06233696183096
"panel_08","2X N326D - Mean: 1.013","35_37","20152214",8.66932254038822,6.06233696183303,"2012218031",8.66932254038602,6.06233696183096
"panel_08","2X N326D - Mean: 1.013","35_37","20152219",9.65908379288103,5.42141210643578,"2012218031",8.66932254038602,6.06233696183096
"panel_08","2X N326D - Mean: 1.013","35_37","20152639",9.65908379288211,5.42141210643882,"2012218031",8.66932254038602,6.06233696183096
"panel_08","2X N326D - Mean: 1.013","35_37","20152650",9.65908379288394,5.42141210644032,"2012218031",8.66932254038602,6.06233696183096
"panel_08","2X N326D - Mean: 1.013","35_37","20152889",9.07511339468116,5.69091886841419,"2012218031",8.66932254038602,6.06233696183096
"panel_08","2X N326D - Mean: 1.013","35_37","20153266",9.65908379288193,5.42141210643755,"2012218031",8.66932254038602,6.06233696183096
"panel_08","2X N326D - Mean: 1.013","35_37","20153856",6.06861433985669,4.50193323266675,"2012218031",8.66932254038602,6.06233696183096
"panel_08","2X N326D - Mean: 1.013","35_37","20153861",9.07511339468192,5.69091886841943,"2012218031",8.66932254038602,6.06233696183096
"panel_08","2X N326D - Mean: 1.013","35_37","20153996",9.65908379288492,5.42141210643789,"2012218031",8.66932254038602,6.06233696183096
"panel_08","2X N326D - Mean: 1.013","35_37","20154278",9.65908379288443,5.42141210644321,"2012218031",8.66932254038602,6.06233696183096
"panel_08","2X N326D - Mean: 1.013","35_37","20154465",9.24523981507346,5.85858932911569,"2012218031",8.66932254038602,6.06233696183096
"panel_08","2X N326D - Mean: 1.013","35_37","20154499",10.2564628410328,5.68296226575975,"2012218031",8.66932254038602,6.06233696183096
"panel_08","2X N326D - Mean: 1.013","35_37","20154569",9.65908379288257,5.42141210643989,"2012218031",8.66932254038602,6.06233696183096
"panel_08","2X N326D - Mean: 1.013","35_37","20154570",9.65908379288441,5.42141210644085,"2012218031",8.66932254038602,6.06233696183096
"panel_08","2X N326D - Mean: 1.013","35_37","20154714",9.07511339468212,5.69091886841901,"2012218031",8.66932254038602,6.06233696183096
"panel_08","2X N326D - Mean: 1.013","35_37","20154759",8.66932254038456,6.06233696182945,"2012218031",8.66932254038602,6.06233696183096
"panel_08","2X N326D - Mean: 1.013","35_37","20154915",9.6590837928833,5.42141210643989,"2012218031",8.66932254038602,6.06233696183096
"panel_08","2X N326D - Mean: 1.013","35_37","20154986",9.59606574608923,6.57740638283381,"2012218031",8.66932254038602,6.06233696183096
"panel_08","2X N326D - Mean: 1.013","35_37","20155001",9.59606574609334,6.57740638283542,"2012218031",8.66932254038602,6.06233696183096
"panel_08","2X N326D - Mean: 1.013","35_37","20155328",9.59606574609126,6.57740638283504,"2012218031",8.66932254038602,6.06233696183096
"panel_08","2X N326D - Mean: 1.013","35_37","20155427",9.59606574609312,6.57740638283387,"2012218031",8.66932254038602,6.06233696183096
"panel_08","2X N326D - Mean: 1.013","35_37","20155479",9.6590837928843,5.42141210644152,"2012218031",8.66932254038602,6.06233696183096
"panel_08","2X N326D - Mean: 1.013","35_37","20155543",8.66932254038576,6.06233696183011,"2012218031",8.66932254038602,6.06233696183096
"panel_08","2X N326D - Mean: 1.013","35_37","20155968",9.59606574608934,6.57740638283842,"2012218031",8.66932254038602,6.06233696183096
"panel_08","2X N326D - Mean: 1.013","35_37","20155991",9.59606574608781,6.57740638283502,"2012218031",8.66932254038602,6.06233696183096
"panel_08","2X N326D - Mean: 1.013","35_37","20156006",8.98048553307432,4.17621780118036,"2012218031",8.66932254038602,6.06233696183096
"panel_08","2X N326D - Mean: 1.013","35_37","20156589",9.07511339468248,5.69091886841934,"2012218031",8.66932254038602,6.06233696183096
"panel_08","2X N326D - Mean: 1.013","35_37","20156590",9.65908379288344,5.42141210644015,"2012218031",8.66932254038602,6.06233696183096
"panel_08","2X N326D - Mean: 1.013","35_37","20160104",9.65908379288384,5.42141210643985,"2012218031",8.66932254038602,6.06233696183096
"panel_08","2X N326D - Mean: 1.013","35_37","20160109",9.65908379288262,5.42141210644148,"2012218031",8.66932254038602,6.06233696183096
"panel_08","2X N326D - Mean: 1.013","35_37","20160126",9.65908379288284,5.42141210644109,"2012218031",8.66932254038602,6.06233696183096
"panel_08","2X N326D - Mean: 1.013","35_37","20160301",9.24523981507363,5.85858932910893,"2012218031",8.66932254038602,6.06233696183096
"panel_08","2X N326D - Mean: 1.013","35_37","20160525",9.65908379288316,5.4214121064407,"2012218031",8.66932254038602,6.06233696183096
"panel_08","2X N326D - Mean: 1.013","35_37","20160554",9.65908379288314,5.42141210643983,"2012218031",8.66932254038602,6.06233696183096
"panel_08","2X N326D - Mean: 1.013","35_37","20160558",8.68315218081561,4.01620958136779,"2012218031",8.66932254038602,6.06233696183096
"panel_08","2X N326D - Mean: 1.013","35_37","20160731",9.24523981507275,5.85858932911193,"2012218031",8.66932254038602,6.06233696183096
"panel_08","2X N326D - Mean: 1.013","35_37","20161279",9.59606574608928,6.57740638283655,"2012218031",8.66932254038602,6.06233696183096
"panel_08","2X N326D - Mean: 1.013","35_37","20161609",8.34352513832812,4.35466038425568,"2012218031",8.66932254038602,6.06233696183096
"panel_08","2X N326D - Mean: 1.013","35_37","20161613",9.65908379288272,5.42141210643542,"2012218031",8.66932254038602,6.06233696183096
"panel_08","2X N326D - Mean: 1.013","35_37","20161793",9.65908379288247,5.4214121064376,"2012218031",8.66932254038602,6.06233696183096
"panel_08","2X N326D - Mean: 1.013","35_37","20161822",8.66932254038509,6.06233696182867,"2012218031",8.66932254038602,6.06233696183096
"panel_08","2X N326D - Mean: 1.013","35_37","3143-06",9.24523981506836,5.85858932911215,"2012218031",8.66932254038602,6.06233696183096
"panel_08","2X N326D - Mean: 1.013","35_37","4011-07",9.24523981507336,5.85858932911376,"2012218031",8.66932254038602,6.06233696183096
"panel_08","2X N326D - Mean: 1.013","35_37","4567-06",9.65908379288317,5.42141210643782,"2012218031",8.66932254038602,6.06233696183096
"panel_08","2X N326D - Mean: 1.013","35_37","4784-05",7.93566711189864,5.7602024934073,"2012218031",8.66932254038602,6.06233696183096
"panel_08","2X N326D - Mean: 1.013","35_37","5223-06",9.6590837928822,5.42141210643816,"2012218031",8.66932254038602,6.06233696183096
"panel_08","2X N326D - Mean: 1.013","35_37","6035-07",8.78092876278524,6.75021611128494,"2012218031",8.66932254038602,6.06233696183096
"panel_08","2X N326D - Mean: 1.013","35_37","6895-06",9.24523981507127,5.85858932911152,"2012218031",8.66932254038602,6.06233696183096
"panel_08","2X N326D - Mean: 1.013","35_37","7992-06",9.24523981507446,5.85858932911414,"2012218031",8.66932254038602,6.06233696183096
"panel_08","2X N326D - Mean: 1.013","35_37","9483-04",9.2452398150741,5.85858932911427,"2012218031",8.66932254038602,6.06233696183096
"panel_09","2X I371T - Mean: 4.149","34_35","2009202815",6.34511459634275,3.56810735741447,"2008004334",9.65908379288342,5.42141210643782
"panel_09","2X I371T - Mean: 4.149","34_35","2009202815",6.34511459634275,3.56810735741447,"2008230628",9.24523981507483,5.85858932911287
"panel_09","2X I371T - Mean: 4.149","34_35","2009202815",6.34511459634275,3.56810735741447,"2008236056",9.6590837928823,5.42141210644039
"panel_09","2X I371T - Mean: 4.149","34_35","2009202815",6.34511459634275,3.56810735741447,"2009205599",9.65908379288395,5.42141210644006
"panel_09","2X I371T - Mean: 4.149","34_35","2009202815",6.34511459634275,3.56810735741447,"2009206436",9.65908379288174,5.42141210643516
"panel_09","2X I371T - Mean: 4.149","34_35","2009202815",6.34511459634275,3.56810735741447,"2009209148",10.1320986484778,6.88259518133469
"panel_09","2X I371T - Mean: 4.149","34_35","2009202815",6.34511459634275,3.56810735741447,"2009209868",9.65908379288153,5.42141210643919
"panel_09","2X I371T - Mean: 4.149","34_35","2009202815",6.34511459634275,3.56810735741447,"2009210864",9.65908379288524,5.42141210643854
"panel_09","2X I371T - Mean: 4.149","34_35","2009202815",6.34511459634275,3.56810735741447,"2009210885",9.65908379288088,5.42141210643493
"panel_09","2X I371T - Mean: 4.149","34_35","2009202815",6.34511459634275,3.56810735741447,"2009210894",9.65908379288364,5.421412106441
"panel_09","2X I371T - Mean: 4.149","34_35","2009202815",6.34511459634275,3.56810735741447,"2009210936",8.66932254038416,6.06233696182787
"panel_09","2X I371T - Mean: 4.149","34_35","2009202815",6.34511459634275,3.56810735741447,"2009211285",9.59606574609195,6.57740638283527
"panel_09","2X I371T - Mean: 4.149","34_35","2009202815",6.34511459634275,3.56810735741447,"2009211298",9.24523981507373,5.85858932911341
"panel_09","2X I371T - Mean: 4.149","34_35","2009202815",6.34511459634275,3.56810735741447,"2009211299",8.66932254038656,6.06233696183038
"panel_09","2X I371T - Mean: 4.149","34_35","2009202815",6.34511459634275,3.56810735741447,"2009211518",9.65908379288219,5.42141210643935
"panel_09","2X I371T - Mean: 4.149","34_35","2009202815",6.34511459634275,3.56810735741447,"2009212151",9.24523981507565,5.8585893291163
"panel_09","2X I371T - Mean: 4.149","34_35","2009202815",6.34511459634275,3.56810735741447,"2009212157",9.65908379288388,5.42141210643997
"panel_09","2X I371T - Mean: 4.149","34_35","2009202815",6.34511459634275,3.56810735741447,"2009212796",9.24523981507055,5.85858932911049
"panel_09","2X I371T - Mean: 4.149","34_35","2009202815",6.34511459634275,3.56810735741447,"2009212799",9.24523981507153,5.85858932911307
"panel_09","2X I371T - Mean: 4.149","34_35","2009202815",6.34511459634275,3.56810735741447,"2009212800",9.65908379288507,5.42141210644367
"panel_09","2X I371T - Mean: 4.149","34_35","2009202815",6.34511459634275,3.56810735741447,"2009213970",9.65908379288261,5.42141210643745
"panel_09","2X I371T - Mean: 4.149","34_35","2009202815",6.34511459634275,3.56810735741447,"2009213998",9.6590837928833,5.42141210644009
"panel_09","2X I371T - Mean: 4.149","34_35","2009202815",6.34511459634275,3.56810735741447,"2009214030",9.65908379288304,5.42141210644005
"panel_09","2X I371T - Mean: 4.149","34_35","2009202815",6.34511459634275,3.56810735741447,"2009214041",9.65908379288004,5.42141210643683
"panel_09","2X I371T - Mean: 4.149","34_35","2009202815",6.34511459634275,3.56810735741447,"2009214084",9.6590837928826,5.42141210643977
"panel_09","2X I371T - Mean: 4.149","34_35","2009202815",6.34511459634275,3.56810735741447,"2009214092",8.66932254038477,6.06233696182827
"panel_09","2X I371T - Mean: 4.149","34_35","2009202815",6.34511459634275,3.56810735741447,"2009214138",8.66932254038443,6.06233696182665
"panel_09","2X I371T - Mean: 4.149","34_35","2009202815",6.34511459634275,3.56810735741447,"2009215693",8.1882338440851,5.66647671859782
"panel_09","2X I371T - Mean: 4.149","34_35","2009202815",6.34511459634275,3.56810735741447,"2009215771",9.18359734722086,5.0569919321828
"panel_09","2X I371T - Mean: 4.149","34_35","2009202815",6.34511459634275,3.56810735741447,"2009215864",8.75057009375772,5.50560121832845
"panel_09","2X I371T - Mean: 4.149","34_35","2009202815",6.34511459634275,3.56810735741447,"2009215894",9.23577524500188,6.86072152964527
"panel_09","2X I371T - Mean: 4.149","34_35","2009202815",6.34511459634275,3.56810735741447,"2009216731",9.24523981507297,5.85858932911491
"panel_09","2X I371T - Mean: 4.149","34_35","2009202815",6.34511459634275,3.56810735741447,"2009216952",9.59606574608945,6.57740638283266
"panel_09","2X I371T - Mean: 4.149","34_35","2009202815",6.34511459634275,3.56810735741447,"2009217675",9.65908379288292,5.42141210643681
"panel_09","2X I371T - Mean: 4.149","34_35","2009202815",6.34511459634275,3.56810735741447,"2009217687",9.65908379288221,5.42141210643759
"panel_09","2X I371T - Mean: 4.149","34_35","2009202815",6.34511459634275,3.56810735741447,"2009217751",9.65908379288252,5.42141210643919
"panel_09","2X I371T - Mean: 4.149","34_35","2009202815",6.34511459634275,3.56810735741447,"2009218018",10.1320986484788,6.8825951813333
"panel_09","2X I371T - Mean: 4.149","34_35","2009202815",6.34511459634275,3.56810735741447,"2009218395",8.18823384408394,5.66647671859912
"panel_09","2X I371T - Mean: 4.149","34_35","2009202815",6.34511459634275,3.56810735741447,"2009218403",9.59606574609154,6.5774063828349
"panel_09","2X I371T - Mean: 4.149","34_35","2009202815",6.34511459634275,3.56810735741447,"2010200031",8.34352513833074,4.3546603842593
"panel_09","2X I371T - Mean: 4.149","34_35","2009202815",6.34511459634275,3.56810735741447,"2010200695",9.02885421759753,6.10943869666079
"panel_09","2X I371T - Mean: 4.149","34_35","2009202815",6.34511459634275,3.56810735741447,"2010200704",8.66932254038452,6.06233696182841
"panel_09","2X I371T - Mean: 4.149","34_35","2009202815",6.34511459634275,3.56810735741447,"2010200792",9.23577524499916,6.86072152964507
"panel_09","2X I371T - Mean: 4.149","34_35","2009202815",6.34511459634275,3.56810735741447,"2010200814",9.59606574609548,6.57740638283592
"panel_09","2X I371T - Mean: 4.149","34_35","2009202815",6.34511459634275,3.56810735741447,"2010200837",9.23577524500202,6.86072152964507
"panel_09","2X I371T - Mean: 4.149","34_35","2009202815",6.34511459634275,3.56810735741447,"2010203160",8.22381896934633,4.4361156686061
"panel_09","2X I371T - Mean: 4.149","34_35","2009202815",6.34511459634275,3.56810735741447,"2010203475",9.65908379288024,5.42141210643634
"panel_09","2X I371T - Mean: 4.149","34_35","2009202815",6.34511459634275,3.56810735741447,"2010203946",9.24523981507268,5.85858932911478
"panel_09","2X I371T - Mean: 4.149","34_35","2009202815",6.34511459634275,3.56810735741447,"2010204335",9.1835973472237,5.05699193218524
"panel_09","2X I371T - Mean: 4.149","34_35","2009202815",6.34511459634275,3.56810735741447,"2010205384",9.23577524499662,6.86072152964576
"panel_09","2X I371T - Mean: 4.149","34_35","2009202815",6.34511459634275,3.56810735741447,"2010205418",8.34352513832542,4.35466038425335
"panel_09","2X I371T - Mean: 4.149","34_35","2009202815",6.34511459634275,3.56810735741447,"2010206275",8.75057009375834,5.50560121833217
"panel_09","2X I371T - Mean: 4.149","34_35","2009202815",6.34511459634275,3.56810735741447,"2010206361",9.65908379288073,5.42141210643719
"panel_09","2X I371T - Mean: 4.149","34_35","2009202815",6.34511459634275,3.56810735741447,"2010206720",9.24523981507376,5.85858932911087
"panel_09","2X I371T - Mean: 4.149","34_35","2009202815",6.34511459634275,3.56810735741447,"2010206729",8.87740032527289,4.19469033101964
"panel_09","2X I371T - Mean: 4.149","34_35","2009202815",6.34511459634275,3.56810735741447,"2010206730",8.34352513832771,4.35466038425825
"panel_09","2X I371T - Mean: 4.149","34_35","2009202815",6.34511459634275,3.56810735741447,"2010208307",9.59606574608805,6.577406382833
"panel_09","2X I371T - Mean: 4.149","34_35","2009202815",6.34511459634275,3.56810735741447,"2010208351",9.2357752450014,6.86072152964538
"panel_09","2X I371T - Mean: 4.149","34_35","2009202815",6.34511459634275,3.56810735741447,"2010208429",9.59606574609351,6.57740638283376
"panel_09","2X I371T - Mean: 4.149","34_35","2009202815",6.34511459634275,3.56810735741447,"2010208437",9.59606574608913,6.57740638283239
"panel_09","2X I371T - Mean: 4.149","34_35","2009202815",6.34511459634275,3.56810735741447,"2010209958",9.59606574609111,6.57740638283482
"panel_09","2X I371T - Mean: 4.149","34_35","2009202815",6.34511459634275,3.56810735741447,"2010209966",9.65908379288436,5.42141210644005
"panel_09","2X I371T - Mean: 4.149","34_35","2009202815",6.34511459634275,3.56810735741447,"2010209998",9.65908379288094,5.42141210643831
"panel_09","2X I371T - Mean: 4.149","34_35","2009202815",6.34511459634275,3.56810735741447,"2010216124",10.1485108585302,6.51058290232274
"panel_09","2X I371T - Mean: 4.149","34_35","2009202815",6.34511459634275,3.56810735741447,"2010216160",9.23577524499936,6.86072152964548
"panel_09","2X I371T - Mean: 4.149","34_35","2009202815",6.34511459634275,3.56810735741447,"2010216266",9.23577524499944,6.8607215296441
"panel_09","2X I371T - Mean: 4.149","34_35","2009202815",6.34511459634275,3.56810735741447,"2010220100",9.23577524499781,6.86072152964549
"panel_09","2X I371T - Mean: 4.149","34_35","2009202815",6.34511459634275,3.56810735741447,"2010220245",9.23577524499867,6.86072152964327
"panel_09","2X I371T - Mean: 4.149","34_35","2009202815",6.34511459634275,3.56810735741447,"2010220299",9.23577524500562,6.86072152964676
"panel_09","2X I371T - Mean: 4.149","34_35","2009202815",6.34511459634275,3.56810735741447,"2012214475",6.6320426801761,5.20017954040626
"panel_09","2X I371T - Mean: 4.149","34_35","2009202815",6.34511459634275,3.56810735741447,"2012214930",9.65908379288134,5.42141210643635
"panel_09","2X I371T - Mean: 4.149","34_35","2009202815",6.34511459634275,3.56810735741447,"2012215002",9.24523981507073,5.85858932911246
"panel_09","2X I371T - Mean: 4.149","34_35","2009202815",6.34511459634275,3.56810735741447,"2012217544",8.66932254038505,6.06233696182962
"panel_09","2X I371T - Mean: 4.149","34_35","2009202815",6.34511459634275,3.56810735741447,"2012220439",9.65908379288231,5.42141210643989
"panel_09","2X I371T - Mean: 4.149","34_35","2009202815",6.34511459634275,3.56810735741447,"2012220607",9.59606574608812,6.57740638283344
"panel_09","2X I371T - Mean: 4.149","34_35","2009202815",6.34511459634275,3.56810735741447,"2012221326",9.65908379288256,5.42141210643989
"panel_09","2X I371T - Mean: 4.149","34_35","2009202815",6.34511459634275,3.56810735741447,"2012224878",10.1320986484764,6.88259518133501
"panel_09","2X I371T - Mean: 4.149","34_35","2009202815",6.34511459634275,3.56810735741447,"2013208464",9.65908379288364,5.42141210644041
"panel_09","2X I371T - Mean: 4.149","34_35","2009202815",6.34511459634275,3.56810735741447,"2013208500",10.7572138696495,5.44402523606786
"panel_09","2X I371T - Mean: 4.149","34_35","2009202815",6.34511459634275,3.56810735741447,"2013208554",9.6590837928851,5.42141210643944
"panel_09","2X I371T - Mean: 4.149","34_35","2009202815",6.34511459634275,3.56810735741447,"2013209079",9.245239815074,5.85858932911202
"panel_09","2X I371T - Mean: 4.149","34_35","2009202815",6.34511459634275,3.56810735741447,"2013212937",10.1320986484751,6.88259518133139
"panel_09","2X I371T - Mean: 4.149","34_35","2009202815",6.34511459634275,3.56810735741447,"2013217306",9.24523981507287,5.85858932911567
"panel_09","2X I371T - Mean: 4.149","34_35","2009202815",6.34511459634275,3.56810735741447,"2013223617",9.6590837928832,5.42141210643694
"panel_09","2X I371T - Mean: 4.149","34_35","2009202815",6.34511459634275,3.56810735741447,"2014202183",9.65908379288294,5.42141210643881
"panel_09","2X I371T - Mean: 4.149","34_35","2009202815",6.34511459634275,3.56810735741447,"2014202560",8.66932254038589,6.06233696182974
"panel_09","2X I371T - Mean: 4.149","34_35","2009202815",6.34511459634275,3.56810735741447,"20152214",8.66932254038822,6.06233696183303
"panel_09","2X I371T - Mean: 4.149","34_35","2009202815",6.34511459634275,3.56810735741447,"20152219",9.65908379288103,5.42141210643578
"panel_09","2X I371T - Mean: 4.149","34_35","2009202815",6.34511459634275,3.56810735741447,"20152639",9.65908379288211,5.42141210643882
"panel_09","2X I371T - Mean: 4.149","34_35","2009202815",6.34511459634275,3.56810735741447,"20152650",9.65908379288394,5.42141210644032
"panel_09","2X I371T - Mean: 4.149","34_35","2009202815",6.34511459634275,3.56810735741447,"20152889",9.07511339468116,5.69091886841419
"panel_09","2X I371T - Mean: 4.149","34_35","2009202815",6.34511459634275,3.56810735741447,"20153266",9.65908379288193,5.42141210643755
"panel_09","2X I371T - Mean: 4.149","34_35","2009202815",6.34511459634275,3.56810735741447,"20153856",6.06861433985669,4.50193323266675
"panel_09","2X I371T - Mean: 4.149","34_35","2009202815",6.34511459634275,3.56810735741447,"20153861",9.07511339468192,5.69091886841943
"panel_09","2X I371T - Mean: 4.149","34_35","2009202815",6.34511459634275,3.56810735741447,"20153996",9.65908379288492,5.42141210643789
"panel_09","2X I371T - Mean: 4.149","34_35","2009202815",6.34511459634275,3.56810735741447,"20154278",9.65908379288443,5.42141210644321
"panel_09","2X I371T - Mean: 4.149","34_35","2009202815",6.34511459634275,3.56810735741447,"20154465",9.24523981507346,5.85858932911569
"panel_09","2X I371T - Mean: 4.149","34_35","2009202815",6.34511459634275,3.56810735741447,"20154499",10.2564628410328,5.68296226575975
"panel_09","2X I371T - Mean: 4.149","34_35","2009202815",6.34511459634275,3.56810735741447,"20154569",9.65908379288257,5.42141210643989
"panel_09","2X I371T - Mean: 4.149","34_35","2009202815",6.34511459634275,3.56810735741447,"20154570",9.65908379288441,5.42141210644085
"panel_09","2X I371T - Mean: 4.149","34_35","2009202815",6.34511459634275,3.56810735741447,"20154714",9.07511339468212,5.69091886841901
"panel_09","2X I371T - Mean: 4.149","34_35","2009202815",6.34511459634275,3.56810735741447,"20154759",8.66932254038456,6.06233696182945
"panel_09","2X I371T - Mean: 4.149","34_35","2009202815",6.34511459634275,3.56810735741447,"20154915",9.6590837928833,5.42141210643989
"panel_09","2X I371T - Mean: 4.149","34_35","2009202815",6.34511459634275,3.56810735741447,"20154986",9.59606574608923,6.57740638283381
"panel_09","2X I371T - Mean: 4.149","34_35","2009202815",6.34511459634275,3.56810735741447,"20155001",9.59606574609334,6.57740638283542
"panel_09","2X I371T - Mean: 4.149","34_35","2009202815",6.34511459634275,3.56810735741447,"20155328",9.59606574609126,6.57740638283504
"panel_09","2X I371T - Mean: 4.149","34_35","2009202815",6.34511459634275,3.56810735741447,"20155427",9.59606574609312,6.57740638283387
"panel_09","2X I371T - Mean: 4.149","34_35","2009202815",6.34511459634275,3.56810735741447,"20155479",9.6590837928843,5.42141210644152
"panel_09","2X I371T - Mean: 4.149","34_35","2009202815",6.34511459634275,3.56810735741447,"20155543",8.66932254038576,6.06233696183011
"panel_09","2X I371T - Mean: 4.149","34_35","2009202815",6.34511459634275,3.56810735741447,"20155968",9.59606574608934,6.57740638283842
"panel_09","2X I371T - Mean: 4.149","34_35","2009202815",6.34511459634275,3.56810735741447,"20155991",9.59606574608781,6.57740638283502
"panel_09","2X I371T - Mean: 4.149","34_35","2009202815",6.34511459634275,3.56810735741447,"20156006",8.98048553307432,4.17621780118036
"panel_09","2X I371T - Mean: 4.149","34_35","2009202815",6.34511459634275,3.56810735741447,"20156589",9.07511339468248,5.69091886841934
"panel_09","2X I371T - Mean: 4.149","34_35","2009202815",6.34511459634275,3.56810735741447,"20156590",9.65908379288344,5.42141210644015
"panel_09","2X I371T - Mean: 4.149","34_35","2009202815",6.34511459634275,3.56810735741447,"20160104",9.65908379288384,5.42141210643985
"panel_09","2X I371T - Mean: 4.149","34_35","2009202815",6.34511459634275,3.56810735741447,"20160109",9.65908379288262,5.42141210644148
"panel_09","2X I371T - Mean: 4.149","34_35","2009202815",6.34511459634275,3.56810735741447,"20160126",9.65908379288284,5.42141210644109
"panel_09","2X I371T - Mean: 4.149","34_35","2009202815",6.34511459634275,3.56810735741447,"20160301",9.24523981507363,5.85858932910893
"panel_09","2X I371T - Mean: 4.149","34_35","2009202815",6.34511459634275,3.56810735741447,"20160525",9.65908379288316,5.4214121064407
"panel_09","2X I371T - Mean: 4.149","34_35","2009202815",6.34511459634275,3.56810735741447,"20160554",9.65908379288314,5.42141210643983
"panel_09","2X I371T - Mean: 4.149","34_35","2009202815",6.34511459634275,3.56810735741447,"20160558",8.68315218081561,4.01620958136779
"panel_09","2X I371T - Mean: 4.149","34_35","2009202815",6.34511459634275,3.56810735741447,"20160731",9.24523981507275,5.85858932911193
"panel_09","2X I371T - Mean: 4.149","34_35","2009202815",6.34511459634275,3.56810735741447,"20161279",9.59606574608928,6.57740638283655
"panel_09","2X I371T - Mean: 4.149","34_35","2009202815",6.34511459634275,3.56810735741447,"20161609",8.34352513832812,4.35466038425568
"panel_09","2X I371T - Mean: 4.149","34_35","2009202815",6.34511459634275,3.56810735741447,"20161613",9.65908379288272,5.42141210643542
"panel_09","2X I371T - Mean: 4.149","34_35","2009202815",6.34511459634275,3.56810735741447,"20161793",9.65908379288247,5.4214121064376
"panel_09","2X I371T - Mean: 4.149","34_35","2009202815",6.34511459634275,3.56810735741447,"20161822",8.66932254038509,6.06233696182867
"panel_09","2X I371T - Mean: 4.149","34_35","2009202815",6.34511459634275,3.56810735741447,"3143-06",9.24523981506836,5.85858932911215
"panel_09","2X I371T - Mean: 4.149","34_35","2009202815",6.34511459634275,3.56810735741447,"4011-07",9.24523981507336,5.85858932911376
"panel_09","2X I371T - Mean: 4.149","34_35","2009202815",6.34511459634275,3.56810735741447,"4567-06",9.65908379288317,5.42141210643782
"panel_09","2X I371T - Mean: 4.149","34_35","2009202815",6.34511459634275,3.56810735741447,"4784-05",7.93566711189864,5.7602024934073
"panel_09","2X I371T - Mean: 4.149","34_35","2009202815",6.34511459634275,3.56810735741447,"5223-06",9.6590837928822,5.42141210643816
"panel_09","2X I371T - Mean: 4.149","34_35","2009202815",6.34511459634275,3.56810735741447,"6035-07",8.78092876278524,6.75021611128494
"panel_09","2X I371T - Mean: 4.149","34_35","2009202815",6.34511459634275,3.56810735741447,"6895-06",9.24523981507127,5.85858932911152
"panel_09","2X I371T - Mean: 4.149","34_35","2009202815",6.34511459634275,3.56810735741447,"7992-06",9.24523981507446,5.85858932911414
"panel_09","2X I371T - Mean: 4.149","34_35","2009202815",6.34511459634275,3.56810735741447,"9483-04",9.2452398150741,5.85858932911427
"panel_09","2X I371T - Mean: 4.149","34_35","20152888",5.29302707142273,5.42930705451552,"2008004334",9.65908379288342,5.42141210643782
"panel_09","2X I371T - Mean: 4.149","34_35","20152888",5.29302707142273,5.42930705451552,"2008230628",9.24523981507483,5.85858932911287
"panel_09","2X I371T - Mean: 4.149","34_35","20152888",5.29302707142273,5.42930705451552,"2008236056",9.6590837928823,5.42141210644039
"panel_09","2X I371T - Mean: 4.149","34_35","20152888",5.29302707142273,5.42930705451552,"2009205599",9.65908379288395,5.42141210644006
"panel_09","2X I371T - Mean: 4.149","34_35","20152888",5.29302707142273,5.42930705451552,"2009206436",9.65908379288174,5.42141210643516
"panel_09","2X I371T - Mean: 4.149","34_35","20152888",5.29302707142273,5.42930705451552,"2009209148",10.1320986484778,6.88259518133469
"panel_09","2X I371T - Mean: 4.149","34_35","20152888",5.29302707142273,5.42930705451552,"2009209868",9.65908379288153,5.42141210643919
"panel_09","2X I371T - Mean: 4.149","34_35","20152888",5.29302707142273,5.42930705451552,"2009210864",9.65908379288524,5.42141210643854
"panel_09","2X I371T - Mean: 4.149","34_35","20152888",5.29302707142273,5.42930705451552,"2009210885",9.65908379288088,5.42141210643493
"panel_09","2X I371T - Mean: 4.149","34_35","20152888",5.29302707142273,5.42930705451552,"2009210894",9.65908379288364,5.421412106441
"panel_09","2X I371T - Mean: 4.149","34_35","20152888",5.29302707142273,5.42930705451552,"2009210936",8.66932254038416,6.06233696182787
"panel_09","2X I371T - Mean: 4.149","34_35","20152888",5.29302707142273,5.42930705451552,"2009211285",9.59606574609195,6.57740638283527
"panel_09","2X I371T - Mean: 4.149","34_35","20152888",5.29302707142273,5.42930705451552,"2009211298",9.24523981507373,5.85858932911341
"panel_09","2X I371T - Mean: 4.149","34_35","20152888",5.29302707142273,5.42930705451552,"2009211299",8.66932254038656,6.06233696183038
"panel_09","2X I371T - Mean: 4.149","34_35","20152888",5.29302707142273,5.42930705451552,"2009211518",9.65908379288219,5.42141210643935
"panel_09","2X I371T - Mean: 4.149","34_35","20152888",5.29302707142273,5.42930705451552,"2009212151",9.24523981507565,5.8585893291163
"panel_09","2X I371T - Mean: 4.149","34_35","20152888",5.29302707142273,5.42930705451552,"2009212157",9.65908379288388,5.42141210643997
"panel_09","2X I371T - Mean: 4.149","34_35","20152888",5.29302707142273,5.42930705451552,"2009212796",9.24523981507055,5.85858932911049
"panel_09","2X I371T - Mean: 4.149","34_35","20152888",5.29302707142273,5.42930705451552,"2009212799",9.24523981507153,5.85858932911307
"panel_09","2X I371T - Mean: 4.149","34_35","20152888",5.29302707142273,5.42930705451552,"2009212800",9.65908379288507,5.42141210644367
"panel_09","2X I371T - Mean: 4.149","34_35","20152888",5.29302707142273,5.42930705451552,"2009213970",9.65908379288261,5.42141210643745
"panel_09","2X I371T - Mean: 4.149","34_35","20152888",5.29302707142273,5.42930705451552,"2009213998",9.6590837928833,5.42141210644009
"panel_09","2X I371T - Mean: 4.149","34_35","20152888",5.29302707142273,5.42930705451552,"2009214030",9.65908379288304,5.42141210644005
"panel_09","2X I371T - Mean: 4.149","34_35","20152888",5.29302707142273,5.42930705451552,"2009214041",9.65908379288004,5.42141210643683
"panel_09","2X I371T - Mean: 4.149","34_35","20152888",5.29302707142273,5.42930705451552,"2009214084",9.6590837928826,5.42141210643977
"panel_09","2X I371T - Mean: 4.149","34_35","20152888",5.29302707142273,5.42930705451552,"2009214092",8.66932254038477,6.06233696182827
"panel_09","2X I371T - Mean: 4.149","34_35","20152888",5.29302707142273,5.42930705451552,"2009214138",8.66932254038443,6.06233696182665
"panel_09","2X I371T - Mean: 4.149","34_35","20152888",5.29302707142273,5.42930705451552,"2009215693",8.1882338440851,5.66647671859782
"panel_09","2X I371T - Mean: 4.149","34_35","20152888",5.29302707142273,5.42930705451552,"2009215771",9.18359734722086,5.0569919321828
"panel_09","2X I371T - Mean: 4.149","34_35","20152888",5.29302707142273,5.42930705451552,"2009215864",8.75057009375772,5.50560121832845
"panel_09","2X I371T - Mean: 4.149","34_35","20152888",5.29302707142273,5.42930705451552,"2009215894",9.23577524500188,6.86072152964527
"panel_09","2X I371T - Mean: 4.149","34_35","20152888",5.29302707142273,5.42930705451552,"2009216731",9.24523981507297,5.85858932911491
"panel_09","2X I371T - Mean: 4.149","34_35","20152888",5.29302707142273,5.42930705451552,"2009216952",9.59606574608945,6.57740638283266
"panel_09","2X I371T - Mean: 4.149","34_35","20152888",5.29302707142273,5.42930705451552,"2009217675",9.65908379288292,5.42141210643681
"panel_09","2X I371T - Mean: 4.149","34_35","20152888",5.29302707142273,5.42930705451552,"2009217687",9.65908379288221,5.42141210643759
"panel_09","2X I371T - Mean: 4.149","34_35","20152888",5.29302707142273,5.42930705451552,"2009217751",9.65908379288252,5.42141210643919
"panel_09","2X I371T - Mean: 4.149","34_35","20152888",5.29302707142273,5.42930705451552,"2009218018",10.1320986484788,6.8825951813333
"panel_09","2X I371T - Mean: 4.149","34_35","20152888",5.29302707142273,5.42930705451552,"2009218395",8.18823384408394,5.66647671859912
"panel_09","2X I371T - Mean: 4.149","34_35","20152888",5.29302707142273,5.42930705451552,"2009218403",9.59606574609154,6.5774063828349
"panel_09","2X I371T - Mean: 4.149","34_35","20152888",5.29302707142273,5.42930705451552,"2010200031",8.34352513833074,4.3546603842593
"panel_09","2X I371T - Mean: 4.149","34_35","20152888",5.29302707142273,5.42930705451552,"2010200695",9.02885421759753,6.10943869666079
"panel_09","2X I371T - Mean: 4.149","34_35","20152888",5.29302707142273,5.42930705451552,"2010200704",8.66932254038452,6.06233696182841
"panel_09","2X I371T - Mean: 4.149","34_35","20152888",5.29302707142273,5.42930705451552,"2010200792",9.23577524499916,6.86072152964507
"panel_09","2X I371T - Mean: 4.149","34_35","20152888",5.29302707142273,5.42930705451552,"2010200814",9.59606574609548,6.57740638283592
"panel_09","2X I371T - Mean: 4.149","34_35","20152888",5.29302707142273,5.42930705451552,"2010200837",9.23577524500202,6.86072152964507
"panel_09","2X I371T - Mean: 4.149","34_35","20152888",5.29302707142273,5.42930705451552,"2010203160",8.22381896934633,4.4361156686061
"panel_09","2X I371T - Mean: 4.149","34_35","20152888",5.29302707142273,5.42930705451552,"2010203475",9.65908379288024,5.42141210643634
"panel_09","2X I371T - Mean: 4.149","34_35","20152888",5.29302707142273,5.42930705451552,"2010203946",9.24523981507268,5.85858932911478
"panel_09","2X I371T - Mean: 4.149","34_35","20152888",5.29302707142273,5.42930705451552,"2010204335",9.1835973472237,5.05699193218524
"panel_09","2X I371T - Mean: 4.149","34_35","20152888",5.29302707142273,5.42930705451552,"2010205384",9.23577524499662,6.86072152964576
"panel_09","2X I371T - Mean: 4.149","34_35","20152888",5.29302707142273,5.42930705451552,"2010205418",8.34352513832542,4.35466038425335
"panel_09","2X I371T - Mean: 4.149","34_35","20152888",5.29302707142273,5.42930705451552,"2010206275",8.75057009375834,5.50560121833217
"panel_09","2X I371T - Mean: 4.149","34_35","20152888",5.29302707142273,5.42930705451552,"2010206361",9.65908379288073,5.42141210643719
"panel_09","2X I371T - Mean: 4.149","34_35","20152888",5.29302707142273,5.42930705451552,"2010206720",9.24523981507376,5.85858932911087
"panel_09","2X I371T - Mean: 4.149","34_35","20152888",5.29302707142273,5.42930705451552,"2010206729",8.87740032527289,4.19469033101964
"panel_09","2X I371T - Mean: 4.149","34_35","20152888",5.29302707142273,5.42930705451552,"2010206730",8.34352513832771,4.35466038425825
"panel_09","2X I371T - Mean: 4.149","34_35","20152888",5.29302707142273,5.42930705451552,"2010208307",9.59606574608805,6.577406382833
"panel_09","2X I371T - Mean: 4.149","34_35","20152888",5.29302707142273,5.42930705451552,"2010208351",9.2357752450014,6.86072152964538
"panel_09","2X I371T - Mean: 4.149","34_35","20152888",5.29302707142273,5.42930705451552,"2010208429",9.59606574609351,6.57740638283376
"panel_09","2X I371T - Mean: 4.149","34_35","20152888",5.29302707142273,5.42930705451552,"2010208437",9.59606574608913,6.57740638283239
"panel_09","2X I371T - Mean: 4.149","34_35","20152888",5.29302707142273,5.42930705451552,"2010209958",9.59606574609111,6.57740638283482
"panel_09","2X I371T - Mean: 4.149","34_35","20152888",5.29302707142273,5.42930705451552,"2010209966",9.65908379288436,5.42141210644005
"panel_09","2X I371T - Mean: 4.149","34_35","20152888",5.29302707142273,5.42930705451552,"2010209998",9.65908379288094,5.42141210643831
"panel_09","2X I371T - Mean: 4.149","34_35","20152888",5.29302707142273,5.42930705451552,"2010216124",10.1485108585302,6.51058290232274
"panel_09","2X I371T - Mean: 4.149","34_35","20152888",5.29302707142273,5.42930705451552,"2010216160",9.23577524499936,6.86072152964548
"panel_09","2X I371T - Mean: 4.149","34_35","20152888",5.29302707142273,5.42930705451552,"2010216266",9.23577524499944,6.8607215296441
"panel_09","2X I371T - Mean: 4.149","34_35","20152888",5.29302707142273,5.42930705451552,"2010220100",9.23577524499781,6.86072152964549
"panel_09","2X I371T - Mean: 4.149","34_35","20152888",5.29302707142273,5.42930705451552,"2010220245",9.23577524499867,6.86072152964327
"panel_09","2X I371T - Mean: 4.149","34_35","20152888",5.29302707142273,5.42930705451552,"2010220299",9.23577524500562,6.86072152964676
"panel_09","2X I371T - Mean: 4.149","34_35","20152888",5.29302707142273,5.42930705451552,"2012214475",6.6320426801761,5.20017954040626
"panel_09","2X I371T - Mean: 4.149","34_35","20152888",5.29302707142273,5.42930705451552,"2012214930",9.65908379288134,5.42141210643635
"panel_09","2X I371T - Mean: 4.149","34_35","20152888",5.29302707142273,5.42930705451552,"2012215002",9.24523981507073,5.85858932911246
"panel_09","2X I371T - Mean: 4.149","34_35","20152888",5.29302707142273,5.42930705451552,"2012217544",8.66932254038505,6.06233696182962
"panel_09","2X I371T - Mean: 4.149","34_35","20152888",5.29302707142273,5.42930705451552,"2012220439",9.65908379288231,5.42141210643989
"panel_09","2X I371T - Mean: 4.149","34_35","20152888",5.29302707142273,5.42930705451552,"2012220607",9.59606574608812,6.57740638283344
"panel_09","2X I371T - Mean: 4.149","34_35","20152888",5.29302707142273,5.42930705451552,"2012221326",9.65908379288256,5.42141210643989
"panel_09","2X I371T - Mean: 4.149","34_35","20152888",5.29302707142273,5.42930705451552,"2012224878",10.1320986484764,6.88259518133501
"panel_09","2X I371T - Mean: 4.149","34_35","20152888",5.29302707142273,5.42930705451552,"2013208464",9.65908379288364,5.42141210644041
"panel_09","2X I371T - Mean: 4.149","34_35","20152888",5.29302707142273,5.42930705451552,"2013208500",10.7572138696495,5.44402523606786
"panel_09","2X I371T - Mean: 4.149","34_35","20152888",5.29302707142273,5.42930705451552,"2013208554",9.6590837928851,5.42141210643944
"panel_09","2X I371T - Mean: 4.149","34_35","20152888",5.29302707142273,5.42930705451552,"2013209079",9.245239815074,5.85858932911202
"panel_09","2X I371T - Mean: 4.149","34_35","20152888",5.29302707142273,5.42930705451552,"2013212937",10.1320986484751,6.88259518133139
"panel_09","2X I371T - Mean: 4.149","34_35","20152888",5.29302707142273,5.42930705451552,"2013217306",9.24523981507287,5.85858932911567
"panel_09","2X I371T - Mean: 4.149","34_35","20152888",5.29302707142273,5.42930705451552,"2013223617",9.6590837928832,5.42141210643694
"panel_09","2X I371T - Mean: 4.149","34_35","20152888",5.29302707142273,5.42930705451552,"2014202183",9.65908379288294,5.42141210643881
"panel_09","2X I371T - Mean: 4.149","34_35","20152888",5.29302707142273,5.42930705451552,"2014202560",8.66932254038589,6.06233696182974
"panel_09","2X I371T - Mean: 4.149","34_35","20152888",5.29302707142273,5.42930705451552,"20152214",8.66932254038822,6.06233696183303
"panel_09","2X I371T - Mean: 4.149","34_35","20152888",5.29302707142273,5.42930705451552,"20152219",9.65908379288103,5.42141210643578
"panel_09","2X I371T - Mean: 4.149","34_35","20152888",5.29302707142273,5.42930705451552,"20152639",9.65908379288211,5.42141210643882
"panel_09","2X I371T - Mean: 4.149","34_35","20152888",5.29302707142273,5.42930705451552,"20152650",9.65908379288394,5.42141210644032
"panel_09","2X I371T - Mean: 4.149","34_35","20152888",5.29302707142273,5.42930705451552,"20152889",9.07511339468116,5.69091886841419
"panel_09","2X I371T - Mean: 4.149","34_35","20152888",5.29302707142273,5.42930705451552,"20153266",9.65908379288193,5.42141210643755
"panel_09","2X I371T - Mean: 4.149","34_35","20152888",5.29302707142273,5.42930705451552,"20153856",6.06861433985669,4.50193323266675
"panel_09","2X I371T - Mean: 4.149","34_35","20152888",5.29302707142273,5.42930705451552,"20153861",9.07511339468192,5.69091886841943
"panel_09","2X I371T - Mean: 4.149","34_35","20152888",5.29302707142273,5.42930705451552,"20153996",9.65908379288492,5.42141210643789
"panel_09","2X I371T - Mean: 4.149","34_35","20152888",5.29302707142273,5.42930705451552,"20154278",9.65908379288443,5.42141210644321
"panel_09","2X I371T - Mean: 4.149","34_35","20152888",5.29302707142273,5.42930705451552,"20154465",9.24523981507346,5.85858932911569
"panel_09","2X I371T - Mean: 4.149","34_35","20152888",5.29302707142273,5.42930705451552,"20154499",10.2564628410328,5.68296226575975
"panel_09","2X I371T - Mean: 4.149","34_35","20152888",5.29302707142273,5.42930705451552,"20154569",9.65908379288257,5.42141210643989
"panel_09","2X I371T - Mean: 4.149","34_35","20152888",5.29302707142273,5.42930705451552,"20154570",9.65908379288441,5.42141210644085
"panel_09","2X I371T - Mean: 4.149","34_35","20152888",5.29302707142273,5.42930705451552,"20154714",9.07511339468212,5.69091886841901
"panel_09","2X I371T - Mean: 4.149","34_35","20152888",5.29302707142273,5.42930705451552,"20154759",8.66932254038456,6.06233696182945
"panel_09","2X I371T - Mean: 4.149","34_35","20152888",5.29302707142273,5.42930705451552,"20154915",9.6590837928833,5.42141210643989
"panel_09","2X I371T - Mean: 4.149","34_35","20152888",5.29302707142273,5.42930705451552,"20154986",9.59606574608923,6.57740638283381
"panel_09","2X I371T - Mean: 4.149","34_35","20152888",5.29302707142273,5.42930705451552,"20155001",9.59606574609334,6.57740638283542
"panel_09","2X I371T - Mean: 4.149","34_35","20152888",5.29302707142273,5.42930705451552,"20155328",9.59606574609126,6.57740638283504
"panel_09","2X I371T - Mean: 4.149","34_35","20152888",5.29302707142273,5.42930705451552,"20155427",9.59606574609312,6.57740638283387
"panel_09","2X I371T - Mean: 4.149","34_35","20152888",5.29302707142273,5.42930705451552,"20155479",9.6590837928843,5.42141210644152
"panel_09","2X I371T - Mean: 4.149","34_35","20152888",5.29302707142273,5.42930705451552,"20155543",8.66932254038576,6.06233696183011
"panel_09","2X I371T - Mean: 4.149","34_35","20152888",5.29302707142273,5.42930705451552,"20155968",9.59606574608934,6.57740638283842
"panel_09","2X I371T - Mean: 4.149","34_35","20152888",5.29302707142273,5.42930705451552,"20155991",9.59606574608781,6.57740638283502
"panel_09","2X I371T - Mean: 4.149","34_35","20152888",5.29302707142273,5.42930705451552,"20156006",8.98048553307432,4.17621780118036
"panel_09","2X I371T - Mean: 4.149","34_35","20152888",5.29302707142273,5.42930705451552,"20156589",9.07511339468248,5.69091886841934
"panel_09","2X I371T - Mean: 4.149","34_35","20152888",5.29302707142273,5.42930705451552,"20156590",9.65908379288344,5.42141210644015
"panel_09","2X I371T - Mean: 4.149","34_35","20152888",5.29302707142273,5.42930705451552,"20160104",9.65908379288384,5.42141210643985
"panel_09","2X I371T - Mean: 4.149","34_35","20152888",5.29302707142273,5.42930705451552,"20160109",9.65908379288262,5.42141210644148
"panel_09","2X I371T - Mean: 4.149","34_35","20152888",5.29302707142273,5.42930705451552,"20160126",9.65908379288284,5.42141210644109
"panel_09","2X I371T - Mean: 4.149","34_35","20152888",5.29302707142273,5.42930705451552,"20160301",9.24523981507363,5.85858932910893
"panel_09","2X I371T - Mean: 4.149","34_35","20152888",5.29302707142273,5.42930705451552,"20160525",9.65908379288316,5.4214121064407
"panel_09","2X I371T - Mean: 4.149","34_35","20152888",5.29302707142273,5.42930705451552,"20160554",9.65908379288314,5.42141210643983
"panel_09","2X I371T - Mean: 4.149","34_35","20152888",5.29302707142273,5.42930705451552,"20160558",8.68315218081561,4.01620958136779
"panel_09","2X I371T - Mean: 4.149","34_35","20152888",5.29302707142273,5.42930705451552,"20160731",9.24523981507275,5.85858932911193
"panel_09","2X I371T - Mean: 4.149","34_35","20152888",5.29302707142273,5.42930705451552,"20161279",9.59606574608928,6.57740638283655
"panel_09","2X I371T - Mean: 4.149","34_35","20152888",5.29302707142273,5.42930705451552,"20161609",8.34352513832812,4.35466038425568
"panel_09","2X I371T - Mean: 4.149","34_35","20152888",5.29302707142273,5.42930705451552,"20161613",9.65908379288272,5.42141210643542
"panel_09","2X I371T - Mean: 4.149","34_35","20152888",5.29302707142273,5.42930705451552,"20161793",9.65908379288247,5.4214121064376
"panel_09","2X I371T - Mean: 4.149","34_35","20152888",5.29302707142273,5.42930705451552,"20161822",8.66932254038509,6.06233696182867
"panel_09","2X I371T - Mean: 4.149","34_35","20152888",5.29302707142273,5.42930705451552,"3143-06",9.24523981506836,5.85858932911215
"panel_09","2X I371T - Mean: 4.149","34_35","20152888",5.29302707142273,5.42930705451552,"4011-07",9.24523981507336,5.85858932911376
"panel_09","2X I371T - Mean: 4.149","34_35","20152888",5.29302707142273,5.42930705451552,"4567-06",9.65908379288317,5.42141210643782
"panel_09","2X I371T - Mean: 4.149","34_35","20152888",5.29302707142273,5.42930705451552,"4784-05",7.93566711189864,5.7602024934073
"panel_09","2X I371T - Mean: 4.149","34_35","20152888",5.29302707142273,5.42930705451552,"5223-06",9.6590837928822,5.42141210643816
"panel_09","2X I371T - Mean: 4.149","34_35","20152888",5.29302707142273,5.42930705451552,"6035-07",8.78092876278524,6.75021611128494
"panel_09","2X I371T - Mean: 4.149","34_35","20152888",5.29302707142273,5.42930705451552,"6895-06",9.24523981507127,5.85858932911152
"panel_09","2X I371T - Mean: 4.149","34_35","20152888",5.29302707142273,5.42930705451552,"7992-06",9.24523981507446,5.85858932911414
"panel_09","2X I371T - Mean: 4.149","34_35","20152888",5.29302707142273,5.42930705451552,"9483-04",9.2452398150741,5.85858932911427
"panel_09","2X I371T - Mean: 4.149","34_35","20160094",3.55209271479452,4.58957071622573,"2008004334",9.65908379288342,5.42141210643782
"panel_09","2X I371T - Mean: 4.149","34_35","20160094",3.55209271479452,4.58957071622573,"2008230628",9.24523981507483,5.85858932911287
"panel_09","2X I371T - Mean: 4.149","34_35","20160094",3.55209271479452,4.58957071622573,"2008236056",9.6590837928823,5.42141210644039
"panel_09","2X I371T - Mean: 4.149","34_35","20160094",3.55209271479452,4.58957071622573,"2009205599",9.65908379288395,5.42141210644006
"panel_09","2X I371T - Mean: 4.149","34_35","20160094",3.55209271479452,4.58957071622573,"2009206436",9.65908379288174,5.42141210643516
"panel_09","2X I371T - Mean: 4.149","34_35","20160094",3.55209271479452,4.58957071622573,"2009209148",10.1320986484778,6.88259518133469
"panel_09","2X I371T - Mean: 4.149","34_35","20160094",3.55209271479452,4.58957071622573,"2009209868",9.65908379288153,5.42141210643919
"panel_09","2X I371T - Mean: 4.149","34_35","20160094",3.55209271479452,4.58957071622573,"2009210864",9.65908379288524,5.42141210643854
"panel_09","2X I371T - Mean: 4.149","34_35","20160094",3.55209271479452,4.58957071622573,"2009210885",9.65908379288088,5.42141210643493
"panel_09","2X I371T - Mean: 4.149","34_35","20160094",3.55209271479452,4.58957071622573,"2009210894",9.65908379288364,5.421412106441
"panel_09","2X I371T - Mean: 4.149","34_35","20160094",3.55209271479452,4.58957071622573,"2009210936",8.66932254038416,6.06233696182787
"panel_09","2X I371T - Mean: 4.149","34_35","20160094",3.55209271479452,4.58957071622573,"2009211285",9.59606574609195,6.57740638283527
"panel_09","2X I371T - Mean: 4.149","34_35","20160094",3.55209271479452,4.58957071622573,"2009211298",9.24523981507373,5.85858932911341
"panel_09","2X I371T - Mean: 4.149","34_35","20160094",3.55209271479452,4.58957071622573,"2009211299",8.66932254038656,6.06233696183038
"panel_09","2X I371T - Mean: 4.149","34_35","20160094",3.55209271479452,4.58957071622573,"2009211518",9.65908379288219,5.42141210643935
"panel_09","2X I371T - Mean: 4.149","34_35","20160094",3.55209271479452,4.58957071622573,"2009212151",9.24523981507565,5.8585893291163
"panel_09","2X I371T - Mean: 4.149","34_35","20160094",3.55209271479452,4.58957071622573,"2009212157",9.65908379288388,5.42141210643997
"panel_09","2X I371T - Mean: 4.149","34_35","20160094",3.55209271479452,4.58957071622573,"2009212796",9.24523981507055,5.85858932911049
"panel_09","2X I371T - Mean: 4.149","34_35","20160094",3.55209271479452,4.58957071622573,"2009212799",9.24523981507153,5.85858932911307
"panel_09","2X I371T - Mean: 4.149","34_35","20160094",3.55209271479452,4.58957071622573,"2009212800",9.65908379288507,5.42141210644367
"panel_09","2X I371T - Mean: 4.149","34_35","20160094",3.55209271479452,4.58957071622573,"2009213970",9.65908379288261,5.42141210643745
"panel_09","2X I371T - Mean: 4.149","34_35","20160094",3.55209271479452,4.58957071622573,"2009213998",9.6590837928833,5.42141210644009
"panel_09","2X I371T - Mean: 4.149","34_35","20160094",3.55209271479452,4.58957071622573,"2009214030",9.65908379288304,5.42141210644005
"panel_09","2X I371T - Mean: 4.149","34_35","20160094",3.55209271479452,4.58957071622573,"2009214041",9.65908379288004,5.42141210643683
"panel_09","2X I371T - Mean: 4.149","34_35","20160094",3.55209271479452,4.58957071622573,"2009214084",9.6590837928826,5.42141210643977
"panel_09","2X I371T - Mean: 4.149","34_35","20160094",3.55209271479452,4.58957071622573,"2009214092",8.66932254038477,6.06233696182827
"panel_09","2X I371T - Mean: 4.149","34_35","20160094",3.55209271479452,4.58957071622573,"2009214138",8.66932254038443,6.06233696182665
"panel_09","2X I371T - Mean: 4.149","34_35","20160094",3.55209271479452,4.58957071622573,"2009215693",8.1882338440851,5.66647671859782
"panel_09","2X I371T - Mean: 4.149","34_35","20160094",3.55209271479452,4.58957071622573,"2009215771",9.18359734722086,5.0569919321828
"panel_09","2X I371T - Mean: 4.149","34_35","20160094",3.55209271479452,4.58957071622573,"2009215864",8.75057009375772,5.50560121832845
"panel_09","2X I371T - Mean: 4.149","34_35","20160094",3.55209271479452,4.58957071622573,"2009215894",9.23577524500188,6.86072152964527
"panel_09","2X I371T - Mean: 4.149","34_35","20160094",3.55209271479452,4.58957071622573,"2009216731",9.24523981507297,5.85858932911491
"panel_09","2X I371T - Mean: 4.149","34_35","20160094",3.55209271479452,4.58957071622573,"2009216952",9.59606574608945,6.57740638283266
"panel_09","2X I371T - Mean: 4.149","34_35","20160094",3.55209271479452,4.58957071622573,"2009217675",9.65908379288292,5.42141210643681
"panel_09","2X I371T - Mean: 4.149","34_35","20160094",3.55209271479452,4.58957071622573,"2009217687",9.65908379288221,5.42141210643759
"panel_09","2X I371T - Mean: 4.149","34_35","20160094",3.55209271479452,4.58957071622573,"2009217751",9.65908379288252,5.42141210643919
"panel_09","2X I371T - Mean: 4.149","34_35","20160094",3.55209271479452,4.58957071622573,"2009218018",10.1320986484788,6.8825951813333
"panel_09","2X I371T - Mean: 4.149","34_35","20160094",3.55209271479452,4.58957071622573,"2009218395",8.18823384408394,5.66647671859912
"panel_09","2X I371T - Mean: 4.149","34_35","20160094",3.55209271479452,4.58957071622573,"2009218403",9.59606574609154,6.5774063828349
"panel_09","2X I371T - Mean: 4.149","34_35","20160094",3.55209271479452,4.58957071622573,"2010200031",8.34352513833074,4.3546603842593
"panel_09","2X I371T - Mean: 4.149","34_35","20160094",3.55209271479452,4.58957071622573,"2010200695",9.02885421759753,6.10943869666079
"panel_09","2X I371T - Mean: 4.149","34_35","20160094",3.55209271479452,4.58957071622573,"2010200704",8.66932254038452,6.06233696182841
"panel_09","2X I371T - Mean: 4.149","34_35","20160094",3.55209271479452,4.58957071622573,"2010200792",9.23577524499916,6.86072152964507
"panel_09","2X I371T - Mean: 4.149","34_35","20160094",3.55209271479452,4.58957071622573,"2010200814",9.59606574609548,6.57740638283592
"panel_09","2X I371T - Mean: 4.149","34_35","20160094",3.55209271479452,4.58957071622573,"2010200837",9.23577524500202,6.86072152964507
"panel_09","2X I371T - Mean: 4.149","34_35","20160094",3.55209271479452,4.58957071622573,"2010203160",8.22381896934633,4.4361156686061
"panel_09","2X I371T - Mean: 4.149","34_35","20160094",3.55209271479452,4.58957071622573,"2010203475",9.65908379288024,5.42141210643634
"panel_09","2X I371T - Mean: 4.149","34_35","20160094",3.55209271479452,4.58957071622573,"2010203946",9.24523981507268,5.85858932911478
"panel_09","2X I371T - Mean: 4.149","34_35","20160094",3.55209271479452,4.58957071622573,"2010204335",9.1835973472237,5.05699193218524
"panel_09","2X I371T - Mean: 4.149","34_35","20160094",3.55209271479452,4.58957071622573,"2010205384",9.23577524499662,6.86072152964576
"panel_09","2X I371T - Mean: 4.149","34_35","20160094",3.55209271479452,4.58957071622573,"2010205418",8.34352513832542,4.35466038425335
"panel_09","2X I371T - Mean: 4.149","34_35","20160094",3.55209271479452,4.58957071622573,"2010206275",8.75057009375834,5.50560121833217
"panel_09","2X I371T - Mean: 4.149","34_35","20160094",3.55209271479452,4.58957071622573,"2010206361",9.65908379288073,5.42141210643719
"panel_09","2X I371T - Mean: 4.149","34_35","20160094",3.55209271479452,4.58957071622573,"2010206720",9.24523981507376,5.85858932911087
"panel_09","2X I371T - Mean: 4.149","34_35","20160094",3.55209271479452,4.58957071622573,"2010206729",8.87740032527289,4.19469033101964
"panel_09","2X I371T - Mean: 4.149","34_35","20160094",3.55209271479452,4.58957071622573,"2010206730",8.34352513832771,4.35466038425825
"panel_09","2X I371T - Mean: 4.149","34_35","20160094",3.55209271479452,4.58957071622573,"2010208307",9.59606574608805,6.577406382833
"panel_09","2X I371T - Mean: 4.149","34_35","20160094",3.55209271479452,4.58957071622573,"2010208351",9.2357752450014,6.86072152964538
"panel_09","2X I371T - Mean: 4.149","34_35","20160094",3.55209271479452,4.58957071622573,"2010208429",9.59606574609351,6.57740638283376
"panel_09","2X I371T - Mean: 4.149","34_35","20160094",3.55209271479452,4.58957071622573,"2010208437",9.59606574608913,6.57740638283239
"panel_09","2X I371T - Mean: 4.149","34_35","20160094",3.55209271479452,4.58957071622573,"2010209958",9.59606574609111,6.57740638283482
"panel_09","2X I371T - Mean: 4.149","34_35","20160094",3.55209271479452,4.58957071622573,"2010209966",9.65908379288436,5.42141210644005
"panel_09","2X I371T - Mean: 4.149","34_35","20160094",3.55209271479452,4.58957071622573,"2010209998",9.65908379288094,5.42141210643831
"panel_09","2X I371T - Mean: 4.149","34_35","20160094",3.55209271479452,4.58957071622573,"2010216124",10.1485108585302,6.51058290232274
"panel_09","2X I371T - Mean: 4.149","34_35","20160094",3.55209271479452,4.58957071622573,"2010216160",9.23577524499936,6.86072152964548
"panel_09","2X I371T - Mean: 4.149","34_35","20160094",3.55209271479452,4.58957071622573,"2010216266",9.23577524499944,6.8607215296441
"panel_09","2X I371T - Mean: 4.149","34_35","20160094",3.55209271479452,4.58957071622573,"2010220100",9.23577524499781,6.86072152964549
"panel_09","2X I371T - Mean: 4.149","34_35","20160094",3.55209271479452,4.58957071622573,"2010220245",9.23577524499867,6.86072152964327
"panel_09","2X I371T - Mean: 4.149","34_35","20160094",3.55209271479452,4.58957071622573,"2010220299",9.23577524500562,6.86072152964676
"panel_09","2X I371T - Mean: 4.149","34_35","20160094",3.55209271479452,4.58957071622573,"2012214475",6.6320426801761,5.20017954040626
"panel_09","2X I371T - Mean: 4.149","34_35","20160094",3.55209271479452,4.58957071622573,"2012214930",9.65908379288134,5.42141210643635
"panel_09","2X I371T - Mean: 4.149","34_35","20160094",3.55209271479452,4.58957071622573,"2012215002",9.24523981507073,5.85858932911246
"panel_09","2X I371T - Mean: 4.149","34_35","20160094",3.55209271479452,4.58957071622573,"2012217544",8.66932254038505,6.06233696182962
"panel_09","2X I371T - Mean: 4.149","34_35","20160094",3.55209271479452,4.58957071622573,"2012220439",9.65908379288231,5.42141210643989
"panel_09","2X I371T - Mean: 4.149","34_35","20160094",3.55209271479452,4.58957071622573,"2012220607",9.59606574608812,6.57740638283344
"panel_09","2X I371T - Mean: 4.149","34_35","20160094",3.55209271479452,4.58957071622573,"2012221326",9.65908379288256,5.42141210643989
"panel_09","2X I371T - Mean: 4.149","34_35","20160094",3.55209271479452,4.58957071622573,"2012224878",10.1320986484764,6.88259518133501
"panel_09","2X I371T - Mean: 4.149","34_35","20160094",3.55209271479452,4.58957071622573,"2013208464",9.65908379288364,5.42141210644041
"panel_09","2X I371T - Mean: 4.149","34_35","20160094",3.55209271479452,4.58957071622573,"2013208500",10.7572138696495,5.44402523606786
"panel_09","2X I371T - Mean: 4.149","34_35","20160094",3.55209271479452,4.58957071622573,"2013208554",9.6590837928851,5.42141210643944
"panel_09","2X I371T - Mean: 4.149","34_35","20160094",3.55209271479452,4.58957071622573,"2013209079",9.245239815074,5.85858932911202
"panel_09","2X I371T - Mean: 4.149","34_35","20160094",3.55209271479452,4.58957071622573,"2013212937",10.1320986484751,6.88259518133139
"panel_09","2X I371T - Mean: 4.149","34_35","20160094",3.55209271479452,4.58957071622573,"2013217306",9.24523981507287,5.85858932911567
"panel_09","2X I371T - Mean: 4.149","34_35","20160094",3.55209271479452,4.58957071622573,"2013223617",9.6590837928832,5.42141210643694
"panel_09","2X I371T - Mean: 4.149","34_35","20160094",3.55209271479452,4.58957071622573,"2014202183",9.65908379288294,5.42141210643881
"panel_09","2X I371T - Mean: 4.149","34_35","20160094",3.55209271479452,4.58957071622573,"2014202560",8.66932254038589,6.06233696182974
"panel_09","2X I371T - Mean: 4.149","34_35","20160094",3.55209271479452,4.58957071622573,"20152214",8.66932254038822,6.06233696183303
"panel_09","2X I371T - Mean: 4.149","34_35","20160094",3.55209271479452,4.58957071622573,"20152219",9.65908379288103,5.42141210643578
"panel_09","2X I371T - Mean: 4.149","34_35","20160094",3.55209271479452,4.58957071622573,"20152639",9.65908379288211,5.42141210643882
"panel_09","2X I371T - Mean: 4.149","34_35","20160094",3.55209271479452,4.58957071622573,"20152650",9.65908379288394,5.42141210644032
"panel_09","2X I371T - Mean: 4.149","34_35","20160094",3.55209271479452,4.58957071622573,"20152889",9.07511339468116,5.69091886841419
"panel_09","2X I371T - Mean: 4.149","34_35","20160094",3.55209271479452,4.58957071622573,"20153266",9.65908379288193,5.42141210643755
"panel_09","2X I371T - Mean: 4.149","34_35","20160094",3.55209271479452,4.58957071622573,"20153856",6.06861433985669,4.50193323266675
"panel_09","2X I371T - Mean: 4.149","34_35","20160094",3.55209271479452,4.58957071622573,"20153861",9.07511339468192,5.69091886841943
"panel_09","2X I371T - Mean: 4.149","34_35","20160094",3.55209271479452,4.58957071622573,"20153996",9.65908379288492,5.42141210643789
"panel_09","2X I371T - Mean: 4.149","34_35","20160094",3.55209271479452,4.58957071622573,"20154278",9.65908379288443,5.42141210644321
"panel_09","2X I371T - Mean: 4.149","34_35","20160094",3.55209271479452,4.58957071622573,"20154465",9.24523981507346,5.85858932911569
"panel_09","2X I371T - Mean: 4.149","34_35","20160094",3.55209271479452,4.58957071622573,"20154499",10.2564628410328,5.68296226575975
"panel_09","2X I371T - Mean: 4.149","34_35","20160094",3.55209271479452,4.58957071622573,"20154569",9.65908379288257,5.42141210643989
"panel_09","2X I371T - Mean: 4.149","34_35","20160094",3.55209271479452,4.58957071622573,"20154570",9.65908379288441,5.42141210644085
"panel_09","2X I371T - Mean: 4.149","34_35","20160094",3.55209271479452,4.58957071622573,"20154714",9.07511339468212,5.69091886841901
"panel_09","2X I371T - Mean: 4.149","34_35","20160094",3.55209271479452,4.58957071622573,"20154759",8.66932254038456,6.06233696182945
"panel_09","2X I371T - Mean: 4.149","34_35","20160094",3.55209271479452,4.58957071622573,"20154915",9.6590837928833,5.42141210643989
"panel_09","2X I371T - Mean: 4.149","34_35","20160094",3.55209271479452,4.58957071622573,"20154986",9.59606574608923,6.57740638283381
"panel_09","2X I371T - Mean: 4.149","34_35","20160094",3.55209271479452,4.58957071622573,"20155001",9.59606574609334,6.57740638283542
"panel_09","2X I371T - Mean: 4.149","34_35","20160094",3.55209271479452,4.58957071622573,"20155328",9.59606574609126,6.57740638283504
"panel_09","2X I371T - Mean: 4.149","34_35","20160094",3.55209271479452,4.58957071622573,"20155427",9.59606574609312,6.57740638283387
"panel_09","2X I371T - Mean: 4.149","34_35","20160094",3.55209271479452,4.58957071622573,"20155479",9.6590837928843,5.42141210644152
"panel_09","2X I371T - Mean: 4.149","34_35","20160094",3.55209271479452,4.58957071622573,"20155543",8.66932254038576,6.06233696183011
"panel_09","2X I371T - Mean: 4.149","34_35","20160094",3.55209271479452,4.58957071622573,"20155968",9.59606574608934,6.57740638283842
"panel_09","2X I371T - Mean: 4.149","34_35","20160094",3.55209271479452,4.58957071622573,"20155991",9.59606574608781,6.57740638283502
"panel_09","2X I371T - Mean: 4.149","34_35","20160094",3.55209271479452,4.58957071622573,"20156006",8.98048553307432,4.17621780118036
"panel_09","2X I371T - Mean: 4.149","34_35","20160094",3.55209271479452,4.58957071622573,"20156589",9.07511339468248,5.69091886841934
"panel_09","2X I371T - Mean: 4.149","34_35","20160094",3.55209271479452,4.58957071622573,"20156590",9.65908379288344,5.42141210644015
"panel_09","2X I371T - Mean: 4.149","34_35","20160094",3.55209271479452,4.58957071622573,"20160104",9.65908379288384,5.42141210643985
"panel_09","2X I371T - Mean: 4.149","34_35","20160094",3.55209271479452,4.58957071622573,"20160109",9.65908379288262,5.42141210644148
"panel_09","2X I371T - Mean: 4.149","34_35","20160094",3.55209271479452,4.58957071622573,"20160126",9.65908379288284,5.42141210644109
"panel_09","2X I371T - Mean: 4.149","34_35","20160094",3.55209271479452,4.58957071622573,"20160301",9.24523981507363,5.85858932910893
"panel_09","2X I371T - Mean: 4.149","34_35","20160094",3.55209271479452,4.58957071622573,"20160525",9.65908379288316,5.4214121064407
"panel_09","2X I371T - Mean: 4.149","34_35","20160094",3.55209271479452,4.58957071622573,"20160554",9.65908379288314,5.42141210643983
"panel_09","2X I371T - Mean: 4.149","34_35","20160094",3.55209271479452,4.58957071622573,"20160558",8.68315218081561,4.01620958136779
"panel_09","2X I371T - Mean: 4.149","34_35","20160094",3.55209271479452,4.58957071622573,"20160731",9.24523981507275,5.85858932911193
"panel_09","2X I371T - Mean: 4.149","34_35","20160094",3.55209271479452,4.58957071622573,"20161279",9.59606574608928,6.57740638283655
"panel_09","2X I371T - Mean: 4.149","34_35","20160094",3.55209271479452,4.58957071622573,"20161609",8.34352513832812,4.35466038425568
"panel_09","2X I371T - Mean: 4.149","34_35","20160094",3.55209271479452,4.58957071622573,"20161613",9.65908379288272,5.42141210643542
"panel_09","2X I371T - Mean: 4.149","34_35","20160094",3.55209271479452,4.58957071622573,"20161793",9.65908379288247,5.4214121064376
"panel_09","2X I371T - Mean: 4.149","34_35","20160094",3.55209271479452,4.58957071622573,"20161822",8.66932254038509,6.06233696182867
"panel_09","2X I371T - Mean: 4.149","34_35","20160094",3.55209271479452,4.58957071622573,"3143-06",9.24523981506836,5.85858932911215
"panel_09","2X I371T - Mean: 4.149","34_35","20160094",3.55209271479452,4.58957071622573,"4011-07",9.24523981507336,5.85858932911376
"panel_09","2X I371T - Mean: 4.149","34_35","20160094",3.55209271479452,4.58957071622573,"4567-06",9.65908379288317,5.42141210643782
"panel_09","2X I371T - Mean: 4.149","34_35","20160094",3.55209271479452,4.58957071622573,"4784-05",7.93566711189864,5.7602024934073
"panel_09","2X I371T - Mean: 4.149","34_35","20160094",3.55209271479452,4.58957071622573,"5223-06",9.6590837928822,5.42141210643816
"panel_09","2X I371T - Mean: 4.149","34_35","20160094",3.55209271479452,4.58957071622573,"6035-07",8.78092876278524,6.75021611128494
"panel_09","2X I371T - Mean: 4.149","34_35","20160094",3.55209271479452,4.58957071622573,"6895-06",9.24523981507127,5.85858932911152
"panel_09","2X I371T - Mean: 4.149","34_35","20160094",3.55209271479452,4.58957071622573,"7992-06",9.24523981507446,5.85858932911414
"panel_09","2X I371T - Mean: 4.149","34_35","20160094",3.55209271479452,4.58957071622573,"9483-04",9.2452398150741,5.85858932911427
"panel_10","2X D378E - Mean: 1.254","11_12","2009215833",8.65083539432341,4.9244866101454,"2009215630",7.93566711189671,5.76020249340916
"panel_10","2X D378E - Mean: 1.254","11_12","2009216934",6.85628607649019,6.38499490593222,"2009215630",7.93566711189671,5.76020249340916
"panel_10","2X D378E - Mean: 1.254","11_12","2009218376",6.66007708884379,4.26423500077208,"2009215630",7.93566711189671,5.76020249340916
"panel_10","2X D378E - Mean: 1.254","11_12","2009218384",6.14633169055737,4.91621599327808,"2009215630",7.93566711189671,5.76020249340916
"panel_10","2X D378E - Mean: 1.254","11_12","2010216082",7.52179270118779,6.89999614090705,"2009215630",7.93566711189671,5.76020249340916
"panel_10","2X D378E - Mean: 1.254","11_12","2010220053",7.33540918563853,6.0383355166829,"2009215630",7.93566711189671,5.76020249340916
"panel_10","2X D378E - Mean: 1.254","11_12","2014203084",7.08791087429838,5.67680030567236,"2009215630",7.93566711189671,5.76020249340916
"panel_10","2X D378E - Mean: 1.254","11_12","2014205019",7.12622085633965,5.88250181833616,"2009215630",7.93566711189671,5.76020249340916
"panel_10","2X D378E - Mean: 1.254","11_12","20152910",8.38979793628181,3.44352101585047,"2009215630",7.93566711189671,5.76020249340916
"panel_10","2X D378E - Mean: 1.254","11_12","20153422",7.61773075901776,5.77464645647382,"2009215630",7.93566711189671,5.76020249340916
"panel_10","2X D378E - Mean: 1.254","11_12","20153940",8.30581267375952,5.90077634952989,"2009215630",7.93566711189671,5.76020249340916
"panel_10","2X D378E - Mean: 1.254","11_12","20154458",9.18359734722123,5.05699193218466,"2009215630",7.93566711189671,5.76020249340916
"panel_10","2X D378E - Mean: 1.254","11_12","20154753",7.20627350072553,4.44530953876196,"2009215630",7.93566711189671,5.76020249340916
"panel_10","2X D378E - Mean: 1.254","11_12","20155462",5.67490740125502,2.42591661556547,"2009215630",7.93566711189671,5.76020249340916
"panel_10","2X D378E - Mean: 1.254","11_12","20160309",7.61773075901904,5.77464645647633,"2009215630",7.93566711189671,5.76020249340916
"panel_10","2X D378E - Mean: 1.254","11_12","20160577",7.20627350072506,4.44530953876043,"2009215630",7.93566711189671,5.76020249340916
"panel_10","2X D378E - Mean: 1.254","11_12","20161606",6.78069468539784,3.3710558575879,"2009215630",7.93566711189671,5.76020249340916
"panel_10","2X D378E - Mean: 1.254","11_12","20161989",8.65083539432638,4.9244866101498,"2009215630",7.93566711189671,5.76020249340916
"panel_10","2X D378E - Mean: 1.254","11_12","8290-07",8.65083539433001,4.92448661014814,"2009215630",7.93566711189671,5.76020249340916
"panel_11","2X D378E (2) - Mean: 1.286","54_56","2009219987",6.66007708884735,4.26423500077588,"2009217700",8.3435251383285,4.35466038425935
"panel_11","2X D378E (2) - Mean: 1.286","54_56","2009219987",6.66007708884735,4.26423500077588,"2009218297",7.87776905643627,3.95745209010047
"panel_11","2X D378E (2) - Mean: 1.286","54_56","2009219987",6.66007708884735,4.26423500077588,"2010206372",6.63723996781745,3.46487724912405
"panel_11","2X D378E (2) - Mean: 1.286","54_56","2009219987",6.66007708884735,4.26423500077588,"2010220311",7.84560623712853,3.86012446632801
"panel_11","2X D378E (2) - Mean: 1.286","54_56","2009219987",6.66007708884735,4.26423500077588,"2012214448",7.20627350072429,4.44530953875892
"panel_11","2X D378E (2) - Mean: 1.286","54_56","2009219987",6.66007708884735,4.26423500077588,"2012215593",7.73962162830325,4.74900003269973
"panel_11","2X D378E (2) - Mean: 1.286","54_56","2009219987",6.66007708884735,4.26423500077588,"2012215605",8.34352513832831,4.35466038426036
"panel_11","2X D378E (2) - Mean: 1.286","54_56","2009219987",6.66007708884735,4.26423500077588,"2012215608",7.19433712497739,3.39211680303752
"panel_11","2X D378E (2) - Mean: 1.286","54_56","2009219987",6.66007708884735,4.26423500077588,"2012218206",8.18823384408598,5.66647671859759
"panel_11","2X D378E (2) - Mean: 1.286","54_56","2009219987",6.66007708884735,4.26423500077588,"2012219141",7.7396216283022,4.74900003269962
"panel_11","2X D378E (2) - Mean: 1.286","54_56","2009219987",6.66007708884735,4.26423500077588,"2012221327",8.34352513832638,4.35466038425972
"panel_11","2X D378E (2) - Mean: 1.286","54_56","2009219987",6.66007708884735,4.26423500077588,"2012221960",7.20627350072459,4.4453095387617
"panel_11","2X D378E (2) - Mean: 1.286","54_56","2009219987",6.66007708884735,4.26423500077588,"2012224849",7.73962162830297,4.74900003269785
"panel_11","2X D378E (2) - Mean: 1.286","54_56","2009219987",6.66007708884735,4.26423500077588,"2012224861",8.34352513832856,4.3546603842571
"panel_11","2X D378E (2) - Mean: 1.286","54_56","2009219987",6.66007708884735,4.26423500077588,"2013201129",7.19433712497932,3.39211680304109
"panel_11","2X D378E (2) - Mean: 1.286","54_56","2009219987",6.66007708884735,4.26423500077588,"2013202263",7.73962162830163,4.74900003269682
"panel_11","2X D378E (2) - Mean: 1.286","54_56","2009219987",6.66007708884735,4.26423500077588,"2013206354",6.63710624722272,4.67621835425017
"panel_11","2X D378E (2) - Mean: 1.286","54_56","2009219987",6.66007708884735,4.26423500077588,"2013208723",6.27362546725448,5.07799229372711
"panel_11","2X D378E (2) - Mean: 1.286","54_56","2009219987",6.66007708884735,4.26423500077588,"2013209097",7.73962162830315,4.74900003269896
"panel_11","2X D378E (2) - Mean: 1.286","54_56","2009219987",6.66007708884735,4.26423500077588,"2013212446",6.76705445554756,5.00367069509542
"panel_11","2X D378E (2) - Mean: 1.286","54_56","2009219987",6.66007708884735,4.26423500077588,"2013212825",6.78069468540016,3.37105585758261
"panel_11","2X D378E (2) - Mean: 1.286","54_56","2009219987",6.66007708884735,4.26423500077588,"2013213343",7.73962162830038,4.74900003269801
"panel_11","2X D378E (2) - Mean: 1.286","54_56","2009219987",6.66007708884735,4.26423500077588,"2013213707",7.07115589649512,5.16483240682024
"panel_11","2X D378E (2) - Mean: 1.286","54_56","2009219987",6.66007708884735,4.26423500077588,"2013214718",8.34352513832702,4.35466038425934
"panel_11","2X D378E (2) - Mean: 1.286","54_56","2009219987",6.66007708884735,4.26423500077588,"2013216682",7.7396216283023,4.74900003269575
"panel_11","2X D378E (2) - Mean: 1.286","54_56","2009219987",6.66007708884735,4.26423500077588,"2013219289",8.22381896934606,4.43611566860097
"panel_11","2X D378E (2) - Mean: 1.286","54_56","2009219987",6.66007708884735,4.26423500077588,"2013221282",8.34352513832648,4.35466038425776
"panel_11","2X D378E (2) - Mean: 1.286","54_56","2009219987",6.66007708884735,4.26423500077588,"2013222801",6.63710624722374,4.6762183542527
"panel_11","2X D378E (2) - Mean: 1.286","54_56","2009219987",6.66007708884735,4.26423500077588,"2013224752",7.17825902775315,3.24710510735326
"panel_11","2X D378E (2) - Mean: 1.286","54_56","2009219987",6.66007708884735,4.26423500077588,"2013226869",7.73962162830132,4.74900003270053
"panel_11","2X D378E (2) - Mean: 1.286","54_56","2009219987",6.66007708884735,4.26423500077588,"2013228260",8.34352513832586,4.35466038425846
"panel_11","2X D378E (2) - Mean: 1.286","54_56","2009219987",6.66007708884735,4.26423500077588,"2014201471",8.3435251383291,4.35466038425767
"panel_11","2X D378E (2) - Mean: 1.286","54_56","2009219987",6.66007708884735,4.26423500077588,"20151623",7.73962162830277,4.74900003270018
"panel_11","2X D378E (2) - Mean: 1.286","54_56","2009219987",6.66007708884735,4.26423500077588,"20151893",8.34352513832989,4.35466038426125
"panel_11","2X D378E (2) - Mean: 1.286","54_56","2009219987",6.66007708884735,4.26423500077588,"20151895",8.48357457269791,5.48339834625431
"panel_11","2X D378E (2) - Mean: 1.286","54_56","2009219987",6.66007708884735,4.26423500077588,"20152130",8.18823384408407,5.66647671859872
"panel_11","2X D378E (2) - Mean: 1.286","54_56","2009219987",6.66007708884735,4.26423500077588,"20152247",7.20627350072455,4.44530953875781
"panel_11","2X D378E (2) - Mean: 1.286","54_56","2009219987",6.66007708884735,4.26423500077588,"20152255",8.34352513832923,4.35466038425572
"panel_11","2X D378E (2) - Mean: 1.286","54_56","2009219987",6.66007708884735,4.26423500077588,"20152635",7.19433712497711,3.39211680303381
"panel_11","2X D378E (2) - Mean: 1.286","54_56","2009219987",6.66007708884735,4.26423500077588,"20152649",7.20627350072624,4.44530953876317
"panel_11","2X D378E (2) - Mean: 1.286","54_56","2009219987",6.66007708884735,4.26423500077588,"20152651",7.73962162830129,4.74900003270134
"panel_11","2X D378E (2) - Mean: 1.286","54_56","2009219987",6.66007708884735,4.26423500077588,"20152712",8.34352513832954,4.35466038425426
"panel_11","2X D378E (2) - Mean: 1.286","54_56","2009219987",6.66007708884735,4.26423500077588,"20152805",8.34352513832841,4.35466038426097
"panel_11","2X D378E (2) - Mean: 1.286","54_56","2009219987",6.66007708884735,4.26423500077588,"20152896",6.63710624722348,4.67621835425326
"panel_11","2X D378E (2) - Mean: 1.286","54_56","2009219987",6.66007708884735,4.26423500077588,"20152953",8.3435251383298,4.35466038425628
"panel_11","2X D378E (2) - Mean: 1.286","54_56","2009219987",6.66007708884735,4.26423500077588,"20152954",7.73962162830362,4.74900003270278
"panel_11","2X D378E (2) - Mean: 1.286","54_56","2009219987",6.66007708884735,4.26423500077588,"20152960",7.20627350072608,4.44530953875982
"panel_11","2X D378E (2) - Mean: 1.286","54_56","2009219987",6.66007708884735,4.26423500077588,"20153004",8.34352513832802,4.35466038425968
"panel_11","2X D378E (2) - Mean: 1.286","54_56","2009219987",6.66007708884735,4.26423500077588,"20153206",8.34352513832611,4.35466038425887
"panel_11","2X D378E (2) - Mean: 1.286","54_56","2009219987",6.66007708884735,4.26423500077588,"20153229",6.78069468539864,3.371055857588
"panel_11","2X D378E (2) - Mean: 1.286","54_56","2009219987",6.66007708884735,4.26423500077588,"20153245",6.78069468539638,3.37105585758646
"panel_11","2X D378E (2) - Mean: 1.286","54_56","2009219987",6.66007708884735,4.26423500077588,"20153308",8.34352513832956,4.3546603842572
"panel_11","2X D378E (2) - Mean: 1.286","54_56","2009219987",6.66007708884735,4.26423500077588,"20153478",7.73962162830353,4.74900003269952
"panel_11","2X D378E (2) - Mean: 1.286","54_56","2009219987",6.66007708884735,4.26423500077588,"20153526",7.87776905643675,3.95745209009772
"panel_11","2X D378E (2) - Mean: 1.286","54_56","2009219987",6.66007708884735,4.26423500077588,"20153901",7.20627350072585,4.44530953876086
"panel_11","2X D378E (2) - Mean: 1.286","54_56","2009219987",6.66007708884735,4.26423500077588,"20153902",7.20627350072394,4.44530953876043
"panel_11","2X D378E (2) - Mean: 1.286","54_56","2009219987",6.66007708884735,4.26423500077588,"20153937",8.34352513832782,4.35466038425435
"panel_11","2X D378E (2) - Mean: 1.286","54_56","2009219987",6.66007708884735,4.26423500077588,"20153945",7.20627350072331,4.44530953876166
"panel_11","2X D378E (2) - Mean: 1.286","54_56","2009219987",6.66007708884735,4.26423500077588,"20153974",8.34352513832657,4.35466038425807
"panel_11","2X D378E (2) - Mean: 1.286","54_56","2009219987",6.66007708884735,4.26423500077588,"20154264",7.73962162830239,4.74900003269603
"panel_11","2X D378E (2) - Mean: 1.286","54_56","2009219987",6.66007708884735,4.26423500077588,"20154350",5.77087802462017,3.93545496171595
"panel_11","2X D378E (2) - Mean: 1.286","54_56","2009219987",6.66007708884735,4.26423500077588,"20154457",6.29685974493976,3.6634040428705
"panel_11","2X D378E (2) - Mean: 1.286","54_56","2009219987",6.66007708884735,4.26423500077588,"20154575",8.34352513832805,4.35466038425769
"panel_11","2X D378E (2) - Mean: 1.286","54_56","2009219987",6.66007708884735,4.26423500077588,"20154582",3.46609997035252,2.89300823389976
"panel_11","2X D378E (2) - Mean: 1.286","54_56","2009219987",6.66007708884735,4.26423500077588,"20154698",7.73962162830216,4.7490000327001
"panel_11","2X D378E (2) - Mean: 1.286","54_56","2009219987",6.66007708884735,4.26423500077588,"20154709",8.34352513832835,4.35466038425735
"panel_11","2X D378E (2) - Mean: 1.286","54_56","2009219987",6.66007708884735,4.26423500077588,"20154740",7.20627350072551,4.44530953875743
"panel_11","2X D378E (2) - Mean: 1.286","54_56","2009219987",6.66007708884735,4.26423500077588,"20154762",7.73962162830257,4.74900003270085
"panel_11","2X D378E (2) - Mean: 1.286","54_56","2009219987",6.66007708884735,4.26423500077588,"20154764",7.73962162830257,4.74900003270097
"panel_11","2X D378E (2) - Mean: 1.286","54_56","2009219987",6.66007708884735,4.26423500077588,"20154861",8.10299312456889,4.09308684608491
"panel_11","2X D378E (2) - Mean: 1.286","54_56","2009219987",6.66007708884735,4.26423500077588,"20154871",7.20627350072404,4.44530953875694
"panel_11","2X D378E (2) - Mean: 1.286","54_56","2009219987",6.66007708884735,4.26423500077588,"20154894",8.34352513832944,4.35466038425936
"panel_11","2X D378E (2) - Mean: 1.286","54_56","2009219987",6.66007708884735,4.26423500077588,"20154898",7.73962162830274,4.74900003269661
"panel_11","2X D378E (2) - Mean: 1.286","54_56","2009219987",6.66007708884735,4.26423500077588,"20154904",7.20627350072512,4.44530953876167
"panel_11","2X D378E (2) - Mean: 1.286","54_56","2009219987",6.66007708884735,4.26423500077588,"20154923",7.73962162830398,4.74900003269894
"panel_11","2X D378E (2) - Mean: 1.286","54_56","2009219987",6.66007708884735,4.26423500077588,"20154941",7.20627350072531,4.44530953875979
"panel_11","2X D378E (2) - Mean: 1.286","54_56","2009219987",6.66007708884735,4.26423500077588,"20154985",6.78069468539804,3.37105585758731
"panel_11","2X D378E (2) - Mean: 1.286","54_56","2009219987",6.66007708884735,4.26423500077588,"20155252",7.20627350072511,4.44530953876231
"panel_11","2X D378E (2) - Mean: 1.286","54_56","2009219987",6.66007708884735,4.26423500077588,"20155285",7.20627350072535,4.44530953876076
"panel_11","2X D378E (2) - Mean: 1.286","54_56","2009219987",6.66007708884735,4.26423500077588,"20155301",7.73962162830054,4.74900003270211
"panel_11","2X D378E (2) - Mean: 1.286","54_56","2009219987",6.66007708884735,4.26423500077588,"20155341",8.34352513832833,4.35466038425852
"panel_11","2X D378E (2) - Mean: 1.286","54_56","2009219987",6.66007708884735,4.26423500077588,"20155424",7.73962162830298,4.74900003269976
"panel_11","2X D378E (2) - Mean: 1.286","54_56","2009219987",6.66007708884735,4.26423500077588,"20155436",7.20627350072503,4.44530953876026
"panel_11","2X D378E (2) - Mean: 1.286","54_56","2009219987",6.66007708884735,4.26423500077588,"20155454",0.68943539096173,0.782171695754266
"panel_11","2X D378E (2) - Mean: 1.286","54_56","2009219987",6.66007708884735,4.26423500077588,"20155483",6.27362546725532,5.07799229372611
"panel_11","2X D378E (2) - Mean: 1.286","54_56","2009219987",6.66007708884735,4.26423500077588,"20155510",6.63723996781771,3.46487724912195
"panel_11","2X D378E (2) - Mean: 1.286","54_56","2009219987",6.66007708884735,4.26423500077588,"20155511",6.63723996781999,3.46487724911918
"panel_11","2X D378E (2) - Mean: 1.286","54_56","2009219987",6.66007708884735,4.26423500077588,"20155530",8.34352513832886,4.35466038425996
"panel_11","2X D378E (2) - Mean: 1.286","54_56","2009219987",6.66007708884735,4.26423500077588,"20155537",6.63710624722273,4.67621835425331
"panel_11","2X D378E (2) - Mean: 1.286","54_56","2009219987",6.66007708884735,4.26423500077588,"20155901",6.78069468540025,3.37105585758698
"panel_11","2X D378E (2) - Mean: 1.286","54_56","2009219987",6.66007708884735,4.26423500077588,"20155922",7.20627350072595,4.44530953876013
"panel_11","2X D378E (2) - Mean: 1.286","54_56","2009219987",6.66007708884735,4.26423500077588,"20155951",7.73962162830112,4.7490000327002
"panel_11","2X D378E (2) - Mean: 1.286","54_56","2009219987",6.66007708884735,4.26423500077588,"20156078",7.20627350072402,4.44530953875862
"panel_11","2X D378E (2) - Mean: 1.286","54_56","2009219987",6.66007708884735,4.26423500077588,"20156298",8.18823384408675,5.66647671860076
"panel_11","2X D378E (2) - Mean: 1.286","54_56","2009219987",6.66007708884735,4.26423500077588,"20156301",6.63710624722401,4.67621835425061
"panel_11","2X D378E (2) - Mean: 1.286","54_56","2009219987",6.66007708884735,4.26423500077588,"20156540",6.6371062472208,4.67621835425393
"panel_11","2X D378E (2) - Mean: 1.286","54_56","2009219987",6.66007708884735,4.26423500077588,"20156581",6.63710624722303,4.67621835425225
"panel_11","2X D378E (2) - Mean: 1.286","54_56","2009219987",6.66007708884735,4.26423500077588,"20156649",6.63710624722256,4.67621835425162
"panel_11","2X D378E (2) - Mean: 1.286","54_56","2009219987",6.66007708884735,4.26423500077588,"20156659",6.29192209513901,3.63051203134944
"panel_11","2X D378E (2) - Mean: 1.286","54_56","2009219987",6.66007708884735,4.26423500077588,"20156666",7.2062735007249,4.44530953875828
"panel_11","2X D378E (2) - Mean: 1.286","54_56","2009219987",6.66007708884735,4.26423500077588,"20156670",8.34352513832704,4.35466038425997
"panel_11","2X D378E (2) - Mean: 1.286","54_56","2009219987",6.66007708884735,4.26423500077588,"20156677",7.73962162830261,4.74900003270087
"panel_11","2X D378E (2) - Mean: 1.286","54_56","2009219987",6.66007708884735,4.26423500077588,"20156678",7.38762470792661,2.98231361130299
"panel_11","2X D378E (2) - Mean: 1.286","54_56","2009219987",6.66007708884735,4.26423500077588,"20156689",5.50717455799032,3.63388403605044
"panel_11","2X D378E (2) - Mean: 1.286","54_56","2009219987",6.66007708884735,4.26423500077588,"20156933",7.20627350072485,4.4453095387614
"panel_11","2X D378E (2) - Mean: 1.286","54_56","2009219987",6.66007708884735,4.26423500077588,"20156936",7.73962162830365,4.74900003270111
"panel_11","2X D378E (2) - Mean: 1.286","54_56","2009219987",6.66007708884735,4.26423500077588,"20160273",6.09788852227297,5.48718212839731
"panel_11","2X D378E (2) - Mean: 1.286","54_56","2009219987",6.66007708884735,4.26423500077588,"20160308",8.34352513832748,4.35466038425998
"panel_11","2X D378E (2) - Mean: 1.286","54_56","2009219987",6.66007708884735,4.26423500077588,"20160528",7.20627350072485,4.44530953875779
"panel_11","2X D378E (2) - Mean: 1.286","54_56","2009219987",6.66007708884735,4.26423500077588,"20160534",6.07988207170932,3.24014556756386
"panel_11","2X D378E (2) - Mean: 1.286","54_56","2009219987",6.66007708884735,4.26423500077588,"20160559",7.20627350072464,4.4453095387625
"panel_11","2X D378E (2) - Mean: 1.286","54_56","2009219987",6.66007708884735,4.26423500077588,"20160571",5.29997364677003,3.50337122320775
"panel_11","2X D378E (2) - Mean: 1.286","54_56","2009219987",6.66007708884735,4.26423500077588,"20160578",6.63710624722311,4.67621835425289
"panel_11","2X D378E (2) - Mean: 1.286","54_56","2009219987",6.66007708884735,4.26423500077588,"20160586",7.20627350072566,4.44530953876026
"panel_11","2X D378E (2) - Mean: 1.286","54_56","2009219987",6.66007708884735,4.26423500077588,"20160886",6.63710624722266,4.67621835425082
"panel_11","2X D378E (2) - Mean: 1.286","54_56","2009219987",6.66007708884735,4.26423500077588,"20160906",6.78069468539929,3.37105585758528
"panel_11","2X D378E (2) - Mean: 1.286","54_56","2009219987",6.66007708884735,4.26423500077588,"20160914",8.34352513832929,4.35466038425596
"panel_11","2X D378E (2) - Mean: 1.286","54_56","2009219987",6.66007708884735,4.26423500077588,"20161250",7.7396216283024,4.7490000326982
"panel_11","2X D378E (2) - Mean: 1.286","54_56","2009219987",6.66007708884735,4.26423500077588,"20161257",8.34352513832755,4.35466038425713
"panel_11","2X D378E (2) - Mean: 1.286","54_56","2009219987",6.66007708884735,4.26423500077588,"20161304",7.73962162830255,4.74900003270027
"panel_11","2X D378E (2) - Mean: 1.286","54_56","2009219987",6.66007708884735,4.26423500077588,"20161312",7.20627350072505,4.44530953876215
"panel_11","2X D378E (2) - Mean: 1.286","54_56","2009219987",6.66007708884735,4.26423500077588,"20161318",-0.486945071313815,-1.21771180143907
"panel_11","2X D378E (2) - Mean: 1.286","54_56","2009219987",6.66007708884735,4.26423500077588,"20161390",8.34352513832691,4.35466038425847
"panel_11","2X D378E (2) - Mean: 1.286","54_56","2009219987",6.66007708884735,4.26423500077588,"20161402",8.18823384408666,5.66647671860025
"panel_11","2X D378E (2) - Mean: 1.286","54_56","2009219987",6.66007708884735,4.26423500077588,"20161619",7.73962162830068,4.74900003270115
"panel_11","2X D378E (2) - Mean: 1.286","54_56","2009219987",6.66007708884735,4.26423500077588,"20161621",7.59007932457397,6.23223590874231
"panel_11","2X D378E (2) - Mean: 1.286","54_56","2009219987",6.66007708884735,4.26423500077588,"20161622",7.20627350072497,4.4453095387618
"panel_11","2X D378E (2) - Mean: 1.286","54_56","2009219987",6.66007708884735,4.26423500077588,"20161627",7.48719489799379,6.12319991883864
"panel_11","2X D378E (2) - Mean: 1.286","54_56","2009219987",6.66007708884735,4.26423500077588,"20161669",6.63723996781859,3.46487724912167
"panel_11","2X D378E (2) - Mean: 1.286","54_56","2009219987",6.66007708884735,4.26423500077588,"20161674",7.19433712497711,3.39211680304303
"panel_11","2X D378E (2) - Mean: 1.286","54_56","2009219987",6.66007708884735,4.26423500077588,"20161697",6.63710624722282,4.67621835425222
"panel_11","2X D378E (2) - Mean: 1.286","54_56","2009219987",6.66007708884735,4.26423500077588,"20161772",7.20627350072534,4.44530953876038
"panel_11","2X D378E (2) - Mean: 1.286","54_56","2009219987",6.66007708884735,4.26423500077588,"20161796",7.7396216283024,4.74900003270152
"panel_11","2X D378E (2) - Mean: 1.286","54_56","2009219987",6.66007708884735,4.26423500077588,"20161806",8.34352513832866,4.35466038425645
"panel_11","2X D378E (2) - Mean: 1.286","54_56","2009219987",6.66007708884735,4.26423500077588,"20162014",3.311166395733,1.559055323564
"panel_11","2X D378E (2) - Mean: 1.286","54_56","2009219987",6.66007708884735,4.26423500077588,"20162335",7.20627350072578,4.44530953876141
"panel_11","2X D378E (2) - Mean: 1.286","54_56","2009219987",6.66007708884735,4.26423500077588,"20162573",7.20627350072589,4.44530953875923
"panel_11","2X D378E (2) - Mean: 1.286","54_56","2009219987",6.66007708884735,4.26423500077588,"20163113",7.73962162830315,4.74900003269983
"panel_12","2X T400M - Mean: 1.077","40_41","20154367",11.3152097500515,4.59422552580286,"2009209968",11.6386201436116,6.43271091441993
"panel_12","2X T400M - Mean: 1.077","40_41","20154367",11.3152097500515,4.59422552580286,"2009211097",11.2330658608443,6.02202998366476
"panel_12","2X T400M - Mean: 1.077","40_41","20154367",11.3152097500515,4.59422552580286,"2009216796",11.2330658608454,6.02202998367834
"panel_12","2X T400M - Mean: 1.077","40_41","20154367",11.3152097500515,4.59422552580286,"2010205285",11.2330658608482,6.02202998367647
"panel_12","2X T400M - Mean: 1.077","40_41","20154367",11.3152097500515,4.59422552580286,"2013215756",11.2330658608432,6.02202998367256
"panel_12","2X T400M - Mean: 1.077","40_41","20154367",11.3152097500515,4.59422552580286,"20152204",10.5093766693944,4.57281274982078
"panel_12","2X T400M - Mean: 1.077","40_41","20154367",11.3152097500515,4.59422552580286,"20152216",12.1085963405394,6.10199446193057
"panel_12","2X T400M - Mean: 1.077","40_41","20154367",11.3152097500515,4.59422552580286,"20154482",10.6810796357084,4.82375761253403
"panel_12","2X T400M - Mean: 1.077","40_41","20154367",11.3152097500515,4.59422552580286,"20160744",11.7573452714062,5.57599608274337
"panel_13","2X A550T - Mean: 1.599","95_97","2009218336",-0.609560861756836,-1.69941401503526,"2008008731",-1.44980947126784,-1.20336459298039
"panel_13","2X A550T - Mean: 1.599","95_97","2009218336",-0.609560861756836,-1.69941401503526,"2009209970",-1.44980947126877,-1.20336459298084
"panel_13","2X A550T - Mean: 1.599","95_97","2009218336",-0.609560861756836,-1.69941401503526,"2009210878",-1.44980947126897,-1.20336459298101
"panel_13","2X A550T - Mean: 1.599","95_97","2009218336",-0.609560861756836,-1.69941401503526,"2009210924",-1.44980947126754,-1.20336459298026
"panel_13","2X A550T - Mean: 1.599","95_97","2009218336",-0.609560861756836,-1.69941401503526,"2009210939",-1.44980947126929,-1.20336459298117
"panel_13","2X A550T - Mean: 1.599","95_97","2009218336",-0.609560861756836,-1.69941401503526,"2009211267",-1.44980947126992,-1.20336459298165
"panel_13","2X A550T - Mean: 1.599","95_97","2009218336",-0.609560861756836,-1.69941401503526,"2009212732",-1.44980947126831,-1.20336459298064
"panel_13","2X A550T - Mean: 1.599","95_97","2009218336",-0.609560861756836,-1.69941401503526,"2009212842",-1.44980947126787,-1.20336459298049
"panel_13","2X A550T - Mean: 1.599","95_97","2009218336",-0.609560861756836,-1.69941401503526,"2009212848",-1.44980947126846,-1.20336459298079
"panel_13","2X A550T - Mean: 1.599","95_97","2009218336",-0.609560861756836,-1.69941401503526,"2009214002",-1.44980947126774,-1.20336459298041
"panel_13","2X A550T - Mean: 1.599","95_97","2009218336",-0.609560861756836,-1.69941401503526,"2009214077",-1.4498094712691,-1.20336459298111
"panel_13","2X A550T - Mean: 1.599","95_97","2009218336",-0.609560861756836,-1.69941401503526,"2009215718",-1.44980947126827,-1.20336459298072
"panel_13","2X A550T - Mean: 1.599","95_97","2009218336",-0.609560861756836,-1.69941401503526,"2009216752",-1.44980947126871,-1.20336459298088
"panel_13","2X A550T - Mean: 1.599","95_97","2009218336",-0.609560861756836,-1.69941401503526,"2009217716",-1.44980947126852,-1.20336459298089
"panel_13","2X A550T - Mean: 1.599","95_97","2009218336",-0.609560861756836,-1.69941401503526,"2009218231",-1.44980947126741,-1.20336459298007
"panel_13","2X A550T - Mean: 1.599","95_97","2009218336",-0.609560861756836,-1.69941401503526,"2009219217",-1.44980947126803,-1.20336459298054
"panel_13","2X A550T - Mean: 1.599","95_97","2009218336",-0.609560861756836,-1.69941401503526,"2009219983",-1.44980947126742,-1.20336459298022
"panel_13","2X A550T - Mean: 1.599","95_97","2009218336",-0.609560861756836,-1.69941401503526,"2010200663",-1.44980947126814,-1.20336459298063
"panel_13","2X A550T - Mean: 1.599","95_97","2009218336",-0.609560861756836,-1.69941401503526,"2010200669",-1.44980947126869,-1.20336459298098
"panel_13","2X A550T - Mean: 1.599","95_97","2009218336",-0.609560861756836,-1.69941401503526,"2010200701",-1.44980947126777,-1.20336459298032
"panel_13","2X A550T - Mean: 1.599","95_97","2009218336",-0.609560861756836,-1.69941401503526,"2010200703",-1.44980947126804,-1.20336459298056
"panel_13","2X A550T - Mean: 1.599","95_97","2009218336",-0.609560861756836,-1.69941401503526,"2010200823",-1.44980947126767,-1.2033645929803
"panel_13","2X A550T - Mean: 1.599","95_97","2009218336",-0.609560861756836,-1.69941401503526,"2010205286",-1.44980947126889,-1.20336459298106
"panel_13","2X A550T - Mean: 1.599","95_97","2009218336",-0.609560861756836,-1.69941401503526,"2010208449",-1.44980947126865,-1.20336459298106
"panel_13","2X A550T - Mean: 1.599","95_97","2009218336",-0.609560861756836,-1.69941401503526,"2010216243",-1.44980947126752,-1.20336459298029
"panel_13","2X A550T - Mean: 1.599","95_97","2009218336",-0.609560861756836,-1.69941401503526,"2010216272",-1.44980947127054,-1.20336459298179
"panel_13","2X A550T - Mean: 1.599","95_97","2009218336",-0.609560861756836,-1.69941401503526,"2010216317",-1.44980947126937,-1.20336459298124
"panel_13","2X A550T - Mean: 1.599","95_97","2009218336",-0.609560861756836,-1.69941401503526,"2010220284",-1.44980947126771,-1.20336459298036
"panel_13","2X A550T - Mean: 1.599","95_97","2009218336",-0.609560861756836,-1.69941401503526,"2010223249",-1.44980947126818,-1.20336459298066
"panel_13","2X A550T - Mean: 1.599","95_97","2009218336",-0.609560861756836,-1.69941401503526,"2012209214",-1.44980947126803,-1.20336459298064
"panel_13","2X A550T - Mean: 1.599","95_97","2009218336",-0.609560861756836,-1.69941401503526,"2012211509",-1.44980947126923,-1.20336459298129
"panel_13","2X A550T - Mean: 1.599","95_97","2009218336",-0.609560861756836,-1.69941401503526,"2012211517",-1.44980947126741,-1.20336459298014
"panel_13","2X A550T - Mean: 1.599","95_97","2009218336",-0.609560861756836,-1.69941401503526,"2012211937",-1.44980947126808,-1.20336459298055
"panel_13","2X A550T - Mean: 1.599","95_97","2009218336",-0.609560861756836,-1.69941401503526,"2012213285",-1.44980947126928,-1.20336459298112
"panel_13","2X A550T - Mean: 1.599","95_97","2009218336",-0.609560861756836,-1.69941401503526,"2012214276",-1.44980947126834,-1.20336459298069
"panel_13","2X A550T - Mean: 1.599","95_97","2009218336",-0.609560861756836,-1.69941401503526,"2012214499",-1.44980947126789,-1.20336459298054
"panel_13","2X A550T - Mean: 1.599","95_97","2009218336",-0.609560861756836,-1.69941401503526,"2012215791",-1.44980947126726,-1.20336459297999
"panel_13","2X A550T - Mean: 1.599","95_97","2009218336",-0.609560861756836,-1.69941401503526,"2012216037",-1.44980947126842,-1.20336459298087
"panel_13","2X A550T - Mean: 1.599","95_97","2009218336",-0.609560861756836,-1.69941401503526,"2012216040",-1.44980947126997,-1.20336459298159
"panel_13","2X A550T - Mean: 1.599","95_97","2009218336",-0.609560861756836,-1.69941401503526,"2012218011",-1.44980947126736,-1.20336459298016
"panel_13","2X A550T - Mean: 1.599","95_97","2009218336",-0.609560861756836,-1.69941401503526,"2012218130",-1.44980947126855,-1.20336459298077
"panel_13","2X A550T - Mean: 1.599","95_97","2009218336",-0.609560861756836,-1.69941401503526,"2012218190",-1.44980947126729,-1.20336459298011
"panel_13","2X A550T - Mean: 1.599","95_97","2009218336",-0.609560861756836,-1.69941401503526,"2012218222",-1.4498094712688,-1.20336459298098
"panel_13","2X A550T - Mean: 1.599","95_97","2009218336",-0.609560861756836,-1.69941401503526,"2012220570",-1.44980947127013,-1.20336459298176
"panel_13","2X A550T - Mean: 1.599","95_97","2009218336",-0.609560861756836,-1.69941401503526,"2012222455",-1.44980947126826,-1.20336459298078
"panel_13","2X A550T - Mean: 1.599","95_97","2009218336",-0.609560861756836,-1.69941401503526,"2012222457",-1.44980947127059,-1.20336459298211
"panel_13","2X A550T - Mean: 1.599","95_97","2009218336",-0.609560861756836,-1.69941401503526,"2012224843",-1.44980947126727,-1.20336459297999
"panel_13","2X A550T - Mean: 1.599","95_97","2009218336",-0.609560861756836,-1.69941401503526,"2012224867",-1.44980947126742,-1.20336459298012
"panel_13","2X A550T - Mean: 1.599","95_97","2009218336",-0.609560861756836,-1.69941401503526,"2012225708",-1.44980947126826,-1.20336459298066
"panel_13","2X A550T - Mean: 1.599","95_97","2009218336",-0.609560861756836,-1.69941401503526,"2013023421",-1.44980947126987,-1.20336459298169
"panel_13","2X A550T - Mean: 1.599","95_97","2009218336",-0.609560861756836,-1.69941401503526,"2013200976",-1.44980947126953,-1.20336459298146
"panel_13","2X A550T - Mean: 1.599","95_97","2009218336",-0.609560861756836,-1.69941401503526,"2013201713",-1.44980947126884,-1.2033645929809
"panel_13","2X A550T - Mean: 1.599","95_97","2009218336",-0.609560861756836,-1.69941401503526,"2013202610",-1.44980947126752,-1.20336459298006
"panel_13","2X A550T - Mean: 1.599","95_97","2009218336",-0.609560861756836,-1.69941401503526,"2013202641",-1.44980947126746,-1.20336459298021
"panel_13","2X A550T - Mean: 1.599","95_97","2009218336",-0.609560861756836,-1.69941401503526,"2013206197",-1.44980947126805,-1.20336459298057
"panel_13","2X A550T - Mean: 1.599","95_97","2009218336",-0.609560861756836,-1.69941401503526,"2013208536",-1.44980947126951,-1.20336459298137
"panel_13","2X A550T - Mean: 1.599","95_97","2009218336",-0.609560861756836,-1.69941401503526,"2013209049",-1.44980947126862,-1.20336459298076
"panel_13","2X A550T - Mean: 1.599","95_97","2009218336",-0.609560861756836,-1.69941401503526,"2013209129",-1.44980947126745,-1.20336459298016
"panel_13","2X A550T - Mean: 1.599","95_97","2009218336",-0.609560861756836,-1.69941401503526,"2013210858",-1.44980947126783,-1.20336459298045
"panel_13","2X A550T - Mean: 1.599","95_97","2009218336",-0.609560861756836,-1.69941401503526,"2013210876",-1.44980947126806,-1.20336459298062
"panel_13","2X A550T - Mean: 1.599","95_97","2009218336",-0.609560861756836,-1.69941401503526,"2013211433",-1.44980947126725,-1.2033645929801
"panel_13","2X A550T - Mean: 1.599","95_97","2009218336",-0.609560861756836,-1.69941401503526,"2013211438",-1.44980947126968,-1.2033645929814
"panel_13","2X A550T - Mean: 1.599","95_97","2009218336",-0.609560861756836,-1.69941401503526,"2013211724",-1.44980947126762,-1.20336459298033
"panel_13","2X A550T - Mean: 1.599","95_97","2009218336",-0.609560861756836,-1.69941401503526,"2013212827",-1.4498094712692,-1.20336459298126
"panel_13","2X A550T - Mean: 1.599","95_97","2009218336",-0.609560861756836,-1.69941401503526,"2013212957",-1.44980947126819,-1.20336459298074
"panel_13","2X A550T - Mean: 1.599","95_97","2009218336",-0.609560861756836,-1.69941401503526,"2013214076",-1.44980947126789,-1.20336459298026
"panel_13","2X A550T - Mean: 1.599","95_97","2009218336",-0.609560861756836,-1.69941401503526,"2013214876",-1.44980947126798,-1.2033645929806
"panel_13","2X A550T - Mean: 1.599","95_97","2009218336",-0.609560861756836,-1.69941401503526,"2013215796",-1.44980947126743,-1.20336459298006
"panel_13","2X A550T - Mean: 1.599","95_97","2009218336",-0.609560861756836,-1.69941401503526,"2013217515",-1.44980947126916,-1.20336459298126
"panel_13","2X A550T - Mean: 1.599","95_97","2009218336",-0.609560861756836,-1.69941401503526,"2013218100",-1.44980947126753,-1.20336459298027
"panel_13","2X A550T - Mean: 1.599","95_97","2009218336",-0.609560861756836,-1.69941401503526,"2013219866",-1.44980947126773,-1.20336459298028
"panel_13","2X A550T - Mean: 1.599","95_97","2009218336",-0.609560861756836,-1.69941401503526,"2013220191",-1.44980947126852,-1.20336459298089
"panel_13","2X A550T - Mean: 1.599","95_97","2009218336",-0.609560861756836,-1.69941401503526,"2013221591",-1.44980947126911,-1.20336459298111
"panel_13","2X A550T - Mean: 1.599","95_97","2009218336",-0.609560861756836,-1.69941401503526,"2013221808",-1.44980947126849,-1.20336459298072
"panel_13","2X A550T - Mean: 1.599","95_97","2009218336",-0.609560861756836,-1.69941401503526,"2013221993",-1.44980947126909,-1.20336459298118
"panel_13","2X A550T - Mean: 1.599","95_97","2009218336",-0.609560861756836,-1.69941401503526,"2014200767",-1.44980947126751,-1.20336459298023
"panel_13","2X A550T - Mean: 1.599","95_97","2009218336",-0.609560861756836,-1.69941401503526,"2014201418",-1.44980947126801,-1.20336459298051
"panel_13","2X A550T - Mean: 1.599","95_97","2009218336",-0.609560861756836,-1.69941401503526,"2014201462",-1.44980947126796,-1.20336459298059
"panel_13","2X A550T - Mean: 1.599","95_97","2009218336",-0.609560861756836,-1.69941401503526,"2014201481",-1.44980947126912,-1.2033645929811
"panel_13","2X A550T - Mean: 1.599","95_97","2009218336",-0.609560861756836,-1.69941401503526,"2014202195",-1.44980947126744,-1.20336459298021
"panel_13","2X A550T - Mean: 1.599","95_97","2009218336",-0.609560861756836,-1.69941401503526,"2014203844",-1.44980947126794,-1.20336459298056
"panel_13","2X A550T - Mean: 1.599","95_97","2009218336",-0.609560861756836,-1.69941401503526,"20151621",-1.44980947126775,-1.20336459298038
"panel_13","2X A550T - Mean: 1.599","95_97","2009218336",-0.609560861756836,-1.69941401503526,"20151631",-1.44980947126804,-1.20336459298053
"panel_13","2X A550T - Mean: 1.599","95_97","2009218336",-0.609560861756836,-1.69941401503526,"20152222",-1.44980947126731,-1.20336459298007
"panel_13","2X A550T - Mean: 1.599","95_97","2009218336",-0.609560861756836,-1.69941401503526,"20152260",-1.4498094712691,-1.20336459298125
"panel_13","2X A550T - Mean: 1.599","95_97","2009218336",-0.609560861756836,-1.69941401503526,"20152274",-1.4498094712678,-1.20336459298051
"panel_13","2X A550T - Mean: 1.599","95_97","2009218336",-0.609560861756836,-1.69941401503526,"20152423",-1.44980947127029,-1.2033645929818
"panel_13","2X A550T - Mean: 1.599","95_97","2009218336",-0.609560861756836,-1.69941401503526,"20152430",-1.44980947126888,-1.20336459298107
"panel_13","2X A550T - Mean: 1.599","95_97","2009218336",-0.609560861756836,-1.69941401503526,"20152627",-1.44980947126765,-1.20336459298028
"panel_13","2X A550T - Mean: 1.599","95_97","2009218336",-0.609560861756836,-1.69941401503526,"20152633",-1.44980947126761,-1.2033645929803
"panel_13","2X A550T - Mean: 1.599","95_97","2009218336",-0.609560861756836,-1.69941401503526,"20152641",-1.44980947126929,-1.20336459298113
"panel_13","2X A550T - Mean: 1.599","95_97","2009218336",-0.609560861756836,-1.69941401503526,"20152645",-1.44980947126985,-1.20336459298145
"panel_13","2X A550T - Mean: 1.599","95_97","2009218336",-0.609560861756836,-1.69941401503526,"20152654",-1.44980947126873,-1.20336459298105
"panel_13","2X A550T - Mean: 1.599","95_97","2009218336",-0.609560861756836,-1.69941401503526,"20152692",-1.44980947126745,-1.20336459298011
"panel_13","2X A550T - Mean: 1.599","95_97","2009218336",-0.609560861756836,-1.69941401503526,"20152811",-1.44980947126835,-1.20336459298074
"panel_13","2X A550T - Mean: 1.599","95_97","2009218336",-0.609560861756836,-1.69941401503526,"20152813",-1.44980947126763,-1.20336459298028
"panel_13","2X A550T - Mean: 1.599","95_97","2009218336",-0.609560861756836,-1.69941401503526,"20152887",-1.44980947126878,-1.20336459298099
"panel_13","2X A550T - Mean: 1.599","95_97","2009218336",-0.609560861756836,-1.69941401503526,"20152912",-1.44980947126911,-1.2033645929811
"panel_13","2X A550T - Mean: 1.599","95_97","2009218336",-0.609560861756836,-1.69941401503526,"20152958",-1.44980947126796,-1.20336459298055
"panel_13","2X A550T - Mean: 1.599","95_97","2009218336",-0.609560861756836,-1.69941401503526,"20152962",-1.44980947126877,-1.20336459298105
"panel_13","2X A550T - Mean: 1.599","95_97","2009218336",-0.609560861756836,-1.69941401503526,"20153007",-1.44980947126959,-1.2033645929813
"panel_13","2X A550T - Mean: 1.599","95_97","2009218336",-0.609560861756836,-1.69941401503526,"20153018",-1.44980947126708,-1.20336459297989
"panel_13","2X A550T - Mean: 1.599","95_97","2009218336",-0.609560861756836,-1.69941401503526,"20153019",-1.44980947126791,-1.2033645929804
"panel_13","2X A550T - Mean: 1.599","95_97","2009218336",-0.609560861756836,-1.69941401503526,"20153031",-1.44980947126726,-1.20336459297995
"panel_13","2X A550T - Mean: 1.599","95_97","2009218336",-0.609560861756836,-1.69941401503526,"20153033",-1.4498094712703,-1.20336459298198
"panel_13","2X A550T - Mean: 1.599","95_97","2009218336",-0.609560861756836,-1.69941401503526,"20153038",-1.44980947126851,-1.20336459298094
"panel_13","2X A550T - Mean: 1.599","95_97","2009218336",-0.609560861756836,-1.69941401503526,"20153039",-1.44980947126749,-1.20336459298019
"panel_13","2X A550T - Mean: 1.599","95_97","2009218336",-0.609560861756836,-1.69941401503526,"20153126",-1.44980947126805,-1.20336459298039
"panel_13","2X A550T - Mean: 1.599","95_97","2009218336",-0.609560861756836,-1.69941401503526,"20153130",-1.44980947126823,-1.20336459298076
"panel_13","2X A550T - Mean: 1.599","95_97","2009218336",-0.609560861756836,-1.69941401503526,"20153131",-1.44980947126789,-1.20336459298038
"panel_13","2X A550T - Mean: 1.599","95_97","2009218336",-0.609560861756836,-1.69941401503526,"20153176",-1.44980947126845,-1.20336459298084
"panel_13","2X A550T - Mean: 1.599","95_97","2009218336",-0.609560861756836,-1.69941401503526,"20153182",-1.44980947126766,-1.20336459298037
"panel_13","2X A550T - Mean: 1.599","95_97","2009218336",-0.609560861756836,-1.69941401503526,"20153194",-1.4498094712686,-1.20336459298099
"panel_13","2X A550T - Mean: 1.599","95_97","2009218336",-0.609560861756836,-1.69941401503526,"20153211",-1.44980947126796,-1.20336459298036
"panel_13","2X A550T - Mean: 1.599","95_97","2009218336",-0.609560861756836,-1.69941401503526,"20153213",-1.44980947126762,-1.2033645929803
"panel_13","2X A550T - Mean: 1.599","95_97","2009218336",-0.609560861756836,-1.69941401503526,"20153219",-1.44980947126738,-1.20336459298009
"panel_13","2X A550T - Mean: 1.599","95_97","2009218336",-0.609560861756836,-1.69941401503526,"20153239",-1.44980947126799,-1.20336459298043
"panel_13","2X A550T - Mean: 1.599","95_97","2009218336",-0.609560861756836,-1.69941401503526,"20153244",-1.44980947126951,-1.20336459298137
"panel_13","2X A550T - Mean: 1.599","95_97","2009218336",-0.609560861756836,-1.69941401503526,"20153248",-1.44980947126798,-1.20336459298059
"panel_13","2X A550T - Mean: 1.599","95_97","2009218336",-0.609560861756836,-1.69941401503526,"20153250",-1.44980947126762,-1.20336459298034
"panel_13","2X A550T - Mean: 1.599","95_97","2009218336",-0.609560861756836,-1.69941401503526,"20153254",-1.44980947126874,-1.20336459298099
"panel_13","2X A550T - Mean: 1.599","95_97","2009218336",-0.609560861756836,-1.69941401503526,"20153273",-1.44980947126744,-1.2033645929802
"panel_13","2X A550T - Mean: 1.599","95_97","2009218336",-0.609560861756836,-1.69941401503526,"20153282",-1.44980947126828,-1.20336459298061
"panel_13","2X A550T - Mean: 1.599","95_97","2009218336",-0.609560861756836,-1.69941401503526,"20153449",-1.44980947126899,-1.20336459298095
"panel_13","2X A550T - Mean: 1.599","95_97","2009218336",-0.609560861756836,-1.69941401503526,"20153529",-1.44980947126756,-1.20336459298032
"panel_13","2X A550T - Mean: 1.599","95_97","2009218336",-0.609560861756836,-1.69941401503526,"20153911",-1.44980947126971,-1.20336459298167
"panel_13","2X A550T - Mean: 1.599","95_97","2009218336",-0.609560861756836,-1.69941401503526,"20153917",-1.44980947126778,-1.20336459298029
"panel_13","2X A550T - Mean: 1.599","95_97","2009218336",-0.609560861756836,-1.69941401503526,"20153965",-1.44980947126772,-1.20336459298042
"panel_13","2X A550T - Mean: 1.599","95_97","2009218336",-0.609560861756836,-1.69941401503526,"20153966",-1.44980947126929,-1.20336459298094
"panel_13","2X A550T - Mean: 1.599","95_97","2009218336",-0.609560861756836,-1.69941401503526,"20153984",-1.44980947126775,-1.20336459298031
"panel_13","2X A550T - Mean: 1.599","95_97","2009218336",-0.609560861756836,-1.69941401503526,"20153990",-1.44980947126806,-1.20336459298066
"panel_13","2X A550T - Mean: 1.599","95_97","2009218336",-0.609560861756836,-1.69941401503526,"20153994",-1.44980947126891,-1.20336459298111
"panel_13","2X A550T - Mean: 1.599","95_97","2009218336",-0.609560861756836,-1.69941401503526,"20154247",-1.44980947127043,-1.20336459298193
"panel_13","2X A550T - Mean: 1.599","95_97","2009218336",-0.609560861756836,-1.69941401503526,"20154265",-1.44980947126767,-1.2033645929803
"panel_13","2X A550T - Mean: 1.599","95_97","2009218336",-0.609560861756836,-1.69941401503526,"20154267",-1.44980947126831,-1.2033645929807
"panel_13","2X A550T - Mean: 1.599","95_97","2009218336",-0.609560861756836,-1.69941401503526,"20154273",-1.44980947126799,-1.20336459298051
"panel_13","2X A550T - Mean: 1.599","95_97","2009218336",-0.609560861756836,-1.69941401503526,"20154327",-1.44980947126978,-1.2033645929813
"panel_13","2X A550T - Mean: 1.599","95_97","2009218336",-0.609560861756836,-1.69941401503526,"20154342",-1.44980947126814,-1.2033645929806
"panel_13","2X A550T - Mean: 1.599","95_97","2009218336",-0.609560861756836,-1.69941401503526,"20154356",-1.44980947126833,-1.20336459298077
"panel_13","2X A550T - Mean: 1.599","95_97","2009218336",-0.609560861756836,-1.69941401503526,"20154358",-1.44980947126841,-1.20336459298091
"panel_13","2X A550T - Mean: 1.599","95_97","2009218336",-0.609560861756836,-1.69941401503526,"20154437",-1.44980947126803,-1.20336459298058
"panel_13","2X A550T - Mean: 1.599","95_97","2009218336",-0.609560861756836,-1.69941401503526,"20154459",-1.44980947126766,-1.20336459298035
"panel_13","2X A550T - Mean: 1.599","95_97","2009218336",-0.609560861756836,-1.69941401503526,"20154462",-1.44980947126737,-1.20336459298005
"panel_13","2X A550T - Mean: 1.599","95_97","2009218336",-0.609560861756836,-1.69941401503526,"20154463",-1.44980947126736,-1.20336459298013
"panel_13","2X A550T - Mean: 1.599","95_97","2009218336",-0.609560861756836,-1.69941401503526,"20154467",-1.44980947126875,-1.20336459298109
"panel_13","2X A550T - Mean: 1.599","95_97","2009218336",-0.609560861756836,-1.69941401503526,"20154470",-1.44980947126909,-1.20336459298125
"panel_13","2X A550T - Mean: 1.599","95_97","2009218336",-0.609560861756836,-1.69941401503526,"20154484",-1.4498094712686,-1.20336459298099
"panel_13","2X A550T - Mean: 1.599","95_97","2009218336",-0.609560861756836,-1.69941401503526,"20154496",-1.44980947126872,-1.2033645929808
"panel_13","2X A550T - Mean: 1.599","95_97","2009218336",-0.609560861756836,-1.69941401503526,"20154498",-1.44980947126878,-1.20336459298093
"panel_13","2X A550T - Mean: 1.599","95_97","2009218336",-0.609560861756836,-1.69941401503526,"20154501",-1.44980947127038,-1.20336459298184
"panel_13","2X A550T - Mean: 1.599","95_97","2009218336",-0.609560861756836,-1.69941401503526,"20154517",-1.44980947126758,-1.20336459298026
"panel_13","2X A550T - Mean: 1.599","95_97","2009218336",-0.609560861756836,-1.69941401503526,"20154518",-1.44980947126703,-1.20336459297989
"panel_13","2X A550T - Mean: 1.599","95_97","2009218336",-0.609560861756836,-1.69941401503526,"20154522",-1.44980947126824,-1.20336459298058
"panel_13","2X A550T - Mean: 1.599","95_97","2009218336",-0.609560861756836,-1.69941401503526,"20154572",-1.4498094712684,-1.20336459298065
"panel_13","2X A550T - Mean: 1.599","95_97","2009218336",-0.609560861756836,-1.69941401503526,"20154573",-1.44980947126763,-1.20336459298023
"panel_13","2X A550T - Mean: 1.599","95_97","2009218336",-0.609560861756836,-1.69941401503526,"20154579",-1.44980947127098,-1.20336459298228
"panel_13","2X A550T - Mean: 1.599","95_97","2009218336",-0.609560861756836,-1.69941401503526,"20154587",-1.44980947126854,-1.20336459298094
"panel_13","2X A550T - Mean: 1.599","95_97","2009218336",-0.609560861756836,-1.69941401503526,"20154673",-1.44980947126789,-1.20336459298052
"panel_13","2X A550T - Mean: 1.599","95_97","2009218336",-0.609560861756836,-1.69941401503526,"20154703",-1.44980947126914,-1.20336459298127
"panel_13","2X A550T - Mean: 1.599","95_97","2009218336",-0.609560861756836,-1.69941401503526,"20154708",-1.44980947126939,-1.20336459298106
"panel_13","2X A550T - Mean: 1.599","95_97","2009218336",-0.609560861756836,-1.69941401503526,"20154712",-1.44980947126995,-1.20336459298175
"panel_13","2X A550T - Mean: 1.599","95_97","2009218336",-0.609560861756836,-1.69941401503526,"20154716",-1.44980947126781,-1.20336459298048
"panel_13","2X A550T - Mean: 1.599","95_97","2009218336",-0.609560861756836,-1.69941401503526,"20154717",-1.44980947126852,-1.20336459298086
"panel_13","2X A550T - Mean: 1.599","95_97","2009218336",-0.609560861756836,-1.69941401503526,"20154719",-1.44980947126889,-1.20336459298108
"panel_13","2X A550T - Mean: 1.599","95_97","2009218336",-0.609560861756836,-1.69941401503526,"20154721",-1.44980947126854,-1.20336459298082
"panel_13","2X A550T - Mean: 1.599","95_97","2009218336",-0.609560861756836,-1.69941401503526,"20154723",-0.486945071313155,-1.21771180143727
"panel_13","2X A550T - Mean: 1.599","95_97","2009218336",-0.609560861756836,-1.69941401503526,"20154729",-1.44980947126896,-1.20336459298111
"panel_13","2X A550T - Mean: 1.599","95_97","2009218336",-0.609560861756836,-1.69941401503526,"20154739",-1.44980947126781,-1.2033645929805
"panel_13","2X A550T - Mean: 1.599","95_97","2009218336",-0.609560861756836,-1.69941401503526,"20154757",-1.44980947126805,-1.20336459298056
"panel_13","2X A550T - Mean: 1.599","95_97","2009218336",-0.609560861756836,-1.69941401503526,"20154763",-1.44980947126861,-1.20336459298093
"panel_13","2X A550T - Mean: 1.599","95_97","2009218336",-0.609560861756836,-1.69941401503526,"20154769",-1.44980947126858,-1.20336459298099
"panel_13","2X A550T - Mean: 1.599","95_97","2009218336",-0.609560861756836,-1.69941401503526,"20154864",-1.44980947126823,-1.20336459298043
"panel_13","2X A550T - Mean: 1.599","95_97","2009218336",-0.609560861756836,-1.69941401503526,"20154869",-1.44980947126845,-1.20336459298081
"panel_13","2X A550T - Mean: 1.599","95_97","2009218336",-0.609560861756836,-1.69941401503526,"20154872",-1.4498094712676,-1.2033645929802
"panel_13","2X A550T - Mean: 1.599","95_97","2009218336",-0.609560861756836,-1.69941401503526,"20154882",-1.4498094712689,-1.20336459298113
"panel_13","2X A550T - Mean: 1.599","95_97","2009218336",-0.609560861756836,-1.69941401503526,"20154885",-1.44980947126714,-1.20336459298
"panel_13","2X A550T - Mean: 1.599","95_97","2009218336",-0.609560861756836,-1.69941401503526,"20154887",-1.44980947126756,-1.20336459298023
"panel_13","2X A550T - Mean: 1.599","95_97","2009218336",-0.609560861756836,-1.69941401503526,"20154892",-1.44980947126782,-1.20336459298042
"panel_13","2X A550T - Mean: 1.599","95_97","2009218336",-0.609560861756836,-1.69941401503526,"20154920",-1.44980947126868,-1.2033645929809
"panel_13","2X A550T - Mean: 1.599","95_97","2009218336",-0.609560861756836,-1.69941401503526,"20154927",-1.44980947126804,-1.20336459298045
"panel_13","2X A550T - Mean: 1.599","95_97","2009218336",-0.609560861756836,-1.69941401503526,"20154928",-1.4498094712699,-1.20336459298177
"panel_13","2X A550T - Mean: 1.599","95_97","2009218336",-0.609560861756836,-1.69941401503526,"20154987",-1.44980947127076,-1.20336459298196
"panel_13","2X A550T - Mean: 1.599","95_97","2009218336",-0.609560861756836,-1.69941401503526,"20154995",-1.44980947126768,-1.20336459298031
"panel_13","2X A550T - Mean: 1.599","95_97","2009218336",-0.609560861756836,-1.69941401503526,"20154998",-1.44980947126773,-1.20336459298033
"panel_13","2X A550T - Mean: 1.599","95_97","2009218336",-0.609560861756836,-1.69941401503526,"20155173",-1.4498094712675,-1.20336459298023
"panel_13","2X A550T - Mean: 1.599","95_97","2009218336",-0.609560861756836,-1.69941401503526,"20155181",-1.44980947126966,-1.20336459298158
"panel_13","2X A550T - Mean: 1.599","95_97","2009218336",-0.609560861756836,-1.69941401503526,"20155192",-1.44980947126726,-1.20336459298001
"panel_13","2X A550T - Mean: 1.599","95_97","2009218336",-0.609560861756836,-1.69941401503526,"20155251",-1.44980947126828,-1.20336459298069
"panel_13","2X A550T - Mean: 1.599","95_97","2009218336",-0.609560861756836,-1.69941401503526,"20155253",-1.44980947126783,-1.20336459298042
"panel_13","2X A550T - Mean: 1.599","95_97","2009218336",-0.609560861756836,-1.69941401503526,"20155295",-1.44980947126771,-1.20336459298032
"panel_13","2X A550T - Mean: 1.599","95_97","2009218336",-0.609560861756836,-1.69941401503526,"20155308",-1.44980947126884,-1.20336459298108
"panel_13","2X A550T - Mean: 1.599","95_97","2009218336",-0.609560861756836,-1.69941401503526,"20155320",-1.4498094712682,-1.2033645929807
"panel_13","2X A550T - Mean: 1.599","95_97","2009218336",-0.609560861756836,-1.69941401503526,"20155332",-1.449809471268,-1.20336459298055
"panel_13","2X A550T - Mean: 1.599","95_97","2009218336",-0.609560861756836,-1.69941401503526,"20155433",-1.44980947126743,-1.20336459298021
"panel_13","2X A550T - Mean: 1.599","95_97","2009218336",-0.609560861756836,-1.69941401503526,"20155434",-1.44980947126784,-1.20336459298041
"panel_13","2X A550T - Mean: 1.599","95_97","2009218336",-0.609560861756836,-1.69941401503526,"20155442",-1.44980947126816,-1.20336459298067
"panel_13","2X A550T - Mean: 1.599","95_97","2009218336",-0.609560861756836,-1.69941401503526,"20155448",-1.44980947126741,-1.20336459298013
"panel_13","2X A550T - Mean: 1.599","95_97","2009218336",-0.609560861756836,-1.69941401503526,"20155457",-1.44980947126756,-1.20336459298029
"panel_13","2X A550T - Mean: 1.599","95_97","2009218336",-0.609560861756836,-1.69941401503526,"20155465",-1.44980947126848,-1.20336459298052
"panel_13","2X A550T - Mean: 1.599","95_97","2009218336",-0.609560861756836,-1.69941401503526,"20155466",-1.4498094712709,-1.20336459298211
"panel_13","2X A550T - Mean: 1.599","95_97","2009218336",-0.609560861756836,-1.69941401503526,"20155475",-1.44980947126963,-1.20336459298155
"panel_13","2X A550T - Mean: 1.599","95_97","2009218336",-0.609560861756836,-1.69941401503526,"20155494",-1.44980947126741,-1.2033645929802
"panel_13","2X A550T - Mean: 1.599","95_97","2009218336",-0.609560861756836,-1.69941401503526,"20155497",-1.44980947126895,-1.2033645929811
"panel_13","2X A550T - Mean: 1.599","95_97","2009218336",-0.609560861756836,-1.69941401503526,"20155503",-1.4498094712678,-1.20336459298047
"panel_13","2X A550T - Mean: 1.599","95_97","2009218336",-0.609560861756836,-1.69941401503526,"20155505",-0.692081349377347,-1.81530001255138
"panel_13","2X A550T - Mean: 1.599","95_97","2009218336",-0.609560861756836,-1.69941401503526,"20155538",-1.4498094712685,-1.20336459298088
"panel_13","2X A550T - Mean: 1.599","95_97","2009218336",-0.609560861756836,-1.69941401503526,"20155540",-1.44980947126778,-1.20336459298039
"panel_13","2X A550T - Mean: 1.599","95_97","2009218336",-0.609560861756836,-1.69941401503526,"20155551",-1.44980947126834,-1.20336459298065
"panel_13","2X A550T - Mean: 1.599","95_97","2009218336",-0.609560861756836,-1.69941401503526,"20155553",-1.44980947126889,-1.20336459298108
"panel_13","2X A550T - Mean: 1.599","95_97","2009218336",-0.609560861756836,-1.69941401503526,"20155563",-1.44980947126805,-1.20336459298042
"panel_13","2X A550T - Mean: 1.599","95_97","2009218336",-0.609560861756836,-1.69941401503526,"20155907",-1.44980947127038,-1.20336459298184
"panel_13","2X A550T - Mean: 1.599","95_97","2009218336",-0.609560861756836,-1.69941401503526,"20155910",1.13498812915979,2.26358242012642
"panel_13","2X A550T - Mean: 1.599","95_97","2009218336",-0.609560861756836,-1.69941401503526,"20155920",-1.449809471268,-1.20336459298058
"panel_13","2X A550T - Mean: 1.599","95_97","2009218336",-0.609560861756836,-1.69941401503526,"20155923",-1.44980947126897,-1.20336459298114
"panel_13","2X A550T - Mean: 1.599","95_97","2009218336",-0.609560861756836,-1.69941401503526,"20155924",-1.44980947126801,-1.20336459298048
"panel_13","2X A550T - Mean: 1.599","95_97","2009218336",-0.609560861756836,-1.69941401503526,"20155930",-1.44980947126991,-1.20336459298147
"panel_13","2X A550T - Mean: 1.599","95_97","2009218336",-0.609560861756836,-1.69941401503526,"20155943",-1.44980947126946,-1.20336459298149
"panel_13","2X A550T - Mean: 1.599","95_97","2009218336",-0.609560861756836,-1.69941401503526,"20155948",-1.44980947126774,-1.20336459298034
"panel_13","2X A550T - Mean: 1.599","95_97","2009218336",-0.609560861756836,-1.69941401503526,"20155953",-1.44980947126762,-1.20336459298028
"panel_13","2X A550T - Mean: 1.599","95_97","2009218336",-0.609560861756836,-1.69941401503526,"20155957",-1.4498094712674,-1.20336459298017
"panel_13","2X A550T - Mean: 1.599","95_97","2009218336",-0.609560861756836,-1.69941401503526,"20155967",-0.486945071314037,-1.21771180144081
"panel_13","2X A550T - Mean: 1.599","95_97","2009218336",-0.609560861756836,-1.69941401503526,"20155971",-1.44980947126827,-1.20336459298046
"panel_13","2X A550T - Mean: 1.599","95_97","2009218336",-0.609560861756836,-1.69941401503526,"20155977",-1.44980947126785,-1.20336459298039
"panel_13","2X A550T - Mean: 1.599","95_97","2009218336",-0.609560861756836,-1.69941401503526,"20155982",-1.44980947126783,-1.20336459298043
"panel_13","2X A550T - Mean: 1.599","95_97","2009218336",-0.609560861756836,-1.69941401503526,"20155996",-1.44980947127112,-1.20336459298247
"panel_13","2X A550T - Mean: 1.599","95_97","2009218336",-0.609560861756836,-1.69941401503526,"20155999",-1.44980947126886,-1.20336459298093
"panel_13","2X A550T - Mean: 1.599","95_97","2009218336",-0.609560861756836,-1.69941401503526,"20156001",-1.44980947126825,-1.20336459298081
"panel_13","2X A550T - Mean: 1.599","95_97","2009218336",-0.609560861756836,-1.69941401503526,"20156081",-1.44980947126754,-1.20336459298028
"panel_13","2X A550T - Mean: 1.599","95_97","2009218336",-0.609560861756836,-1.69941401503526,"20156095",-1.44980947126837,-1.20336459298064
"panel_13","2X A550T - Mean: 1.599","95_97","2009218336",-0.609560861756836,-1.69941401503526,"20156153",-1.44980947126815,-1.20336459298059
"panel_13","2X A550T - Mean: 1.599","95_97","2009218336",-0.609560861756836,-1.69941401503526,"20156287",-1.44980947126918,-1.20336459298126
"panel_13","2X A550T - Mean: 1.599","95_97","2009218336",-0.609560861756836,-1.69941401503526,"20156288",-1.44980947126824,-1.20336459298074
"panel_13","2X A550T - Mean: 1.599","95_97","2009218336",-0.609560861756836,-1.69941401503526,"20156314",-1.44980947126763,-1.20336459298029
"panel_13","2X A550T - Mean: 1.599","95_97","2009218336",-0.609560861756836,-1.69941401503526,"20156543",-1.44980947126798,-1.20336459298048
"panel_13","2X A550T - Mean: 1.599","95_97","2009218336",-0.609560861756836,-1.69941401503526,"20156546",-1.44980947127014,-1.20336459298165
"panel_13","2X A550T - Mean: 1.599","95_97","2009218336",-0.609560861756836,-1.69941401503526,"20156571",-1.44980947127009,-1.20336459298191
"panel_13","2X A550T - Mean: 1.599","95_97","2009218336",-0.609560861756836,-1.69941401503526,"20156588",-1.44980947126985,-1.20336459298172
"panel_13","2X A550T - Mean: 1.599","95_97","2009218336",-0.609560861756836,-1.69941401503526,"20156647",-1.44980947126854,-1.20336459298096
"panel_13","2X A550T - Mean: 1.599","95_97","2009218336",-0.609560861756836,-1.69941401503526,"20156746",-1.44980947126776,-1.20336459298041
"panel_13","2X A550T - Mean: 1.599","95_97","2009218336",-0.609560861756836,-1.69941401503526,"20156767",-1.44980947126936,-1.20336459298108
"panel_13","2X A550T - Mean: 1.599","95_97","2009218336",-0.609560861756836,-1.69941401503526,"20156941",-1.44980947126989,-1.20336459298146
"panel_13","2X A550T - Mean: 1.599","95_97","2009218336",-0.609560861756836,-1.69941401503526,"20156942",-1.44980947126777,-1.20336459298032
"panel_13","2X A550T - Mean: 1.599","95_97","2009218336",-0.609560861756836,-1.69941401503526,"20160097",-1.4498094712679,-1.20336459298042
"panel_13","2X A550T - Mean: 1.599","95_97","2009218336",-0.609560861756836,-1.69941401503526,"20160127",-1.4498094712696,-1.20336459298144
"panel_13","2X A550T - Mean: 1.599","95_97","2009218336",-0.609560861756836,-1.69941401503526,"20160280",-1.44980947126877,-1.20336459298089
"panel_13","2X A550T - Mean: 1.599","95_97","2009218336",-0.609560861756836,-1.69941401503526,"20160282",-1.44980947126793,-1.20336459298058
"panel_13","2X A550T - Mean: 1.599","95_97","2009218336",-0.609560861756836,-1.69941401503526,"20160285",-1.44980947127005,-1.20336459298183
"panel_13","2X A550T - Mean: 1.599","95_97","2009218336",-0.609560861756836,-1.69941401503526,"20160299",-1.4498094712678,-1.20336459298042
"panel_13","2X A550T - Mean: 1.599","95_97","2009218336",-0.609560861756836,-1.69941401503526,"20160446",-1.44980947126752,-1.2033645929802
"panel_13","2X A550T - Mean: 1.599","95_97","2009218336",-0.609560861756836,-1.69941401503526,"20160524",-1.44980947126969,-1.2033645929814
"panel_13","2X A550T - Mean: 1.599","95_97","2009218336",-0.609560861756836,-1.69941401503526,"20160526",-1.44980947126822,-1.20336459298064
"panel_13","2X A550T - Mean: 1.599","95_97","2009218336",-0.609560861756836,-1.69941401503526,"20160530",-1.44980947126861,-1.20336459298093
"panel_13","2X A550T - Mean: 1.599","95_97","2009218336",-0.609560861756836,-1.69941401503526,"20160535",-1.44980947126971,-1.20336459298136
"panel_13","2X A550T - Mean: 1.599","95_97","2009218336",-0.609560861756836,-1.69941401503526,"20160540",-1.44980947126837,-1.20336459298072
"panel_13","2X A550T - Mean: 1.599","95_97","2009218336",-0.609560861756836,-1.69941401503526,"20160548",-1.44980947126802,-1.20336459298054
"panel_13","2X A550T - Mean: 1.599","95_97","2009218336",-0.609560861756836,-1.69941401503526,"20160550",-1.44980947126919,-1.20336459298127
"panel_13","2X A550T - Mean: 1.599","95_97","2009218336",-0.609560861756836,-1.69941401503526,"20160581",-1.44980947126981,-1.20336459298171
"panel_13","2X A550T - Mean: 1.599","95_97","2009218336",-0.609560861756836,-1.69941401503526,"20160591",-1.44980947126748,-1.2033645929802
"panel_13","2X A550T - Mean: 1.599","95_97","2009218336",-0.609560861756836,-1.69941401503526,"20160901",-1.44980947126784,-1.20336459298043
"panel_13","2X A550T - Mean: 1.599","95_97","2009218336",-0.609560861756836,-1.69941401503526,"20160904",-1.44980947126737,-1.20336459298015
"panel_13","2X A550T - Mean: 1.599","95_97","2009218336",-0.609560861756836,-1.69941401503526,"20161041",-1.44980947126796,-1.20336459298031
"panel_13","2X A550T - Mean: 1.599","95_97","2009218336",-0.609560861756836,-1.69941401503526,"20161050",-1.44980947126808,-1.20336459298062
"panel_13","2X A550T - Mean: 1.599","95_97","2009218336",-0.609560861756836,-1.69941401503526,"20161143",-1.4498094712674,-1.20336459298012
"panel_13","2X A550T - Mean: 1.599","95_97","2009218336",-0.609560861756836,-1.69941401503526,"20161144",-1.44980947126785,-1.20336459298047
"panel_13","2X A550T - Mean: 1.599","95_97","2009218336",-0.609560861756836,-1.69941401503526,"20161147",-1.44980947126933,-1.20336459298134
"panel_13","2X A550T - Mean: 1.599","95_97","2009218336",-0.609560861756836,-1.69941401503526,"20161152",-1.44980947126849,-1.20336459298081
"panel_13","2X A550T - Mean: 1.599","95_97","2009218336",-0.609560861756836,-1.69941401503526,"20161167",-1.44980947126858,-1.20336459298084
"panel_13","2X A550T - Mean: 1.599","95_97","2009218336",-0.609560861756836,-1.69941401503526,"20161175",-1.44980947126806,-1.2033645929805
"panel_13","2X A550T - Mean: 1.599","95_97","2009218336",-0.609560861756836,-1.69941401503526,"20161177",-1.44980947126739,-1.20336459298013
"panel_13","2X A550T - Mean: 1.599","95_97","2009218336",-0.609560861756836,-1.69941401503526,"20161190",-1.44980947126791,-1.20336459298052
"panel_13","2X A550T - Mean: 1.599","95_97","2009218336",-0.609560861756836,-1.69941401503526,"20161246",-1.44980947126769,-1.20336459298027
"panel_13","2X A550T - Mean: 1.599","95_97","2009218336",-0.609560861756836,-1.69941401503526,"20161247",-1.4498094712688,-1.20336459298099
"panel_13","2X A550T - Mean: 1.599","95_97","2009218336",-0.609560861756836,-1.69941401503526,"20161258",-1.44980947126917,-1.20336459298113
"panel_13","2X A550T - Mean: 1.599","95_97","2009218336",-0.609560861756836,-1.69941401503526,"20161262",-1.4498094712678,-1.2033645929804
"panel_13","2X A550T - Mean: 1.599","95_97","2009218336",-0.609560861756836,-1.69941401503526,"20161270",-1.44980947126789,-1.20336459298047
"panel_13","2X A550T - Mean: 1.599","95_97","2009218336",-0.609560861756836,-1.69941401503526,"20161274",-1.4498094712676,-1.20336459298023
"panel_13","2X A550T - Mean: 1.599","95_97","2009218336",-0.609560861756836,-1.69941401503526,"20161282",-1.44980947126836,-1.20336459298075
"panel_13","2X A550T - Mean: 1.599","95_97","2009218336",-0.609560861756836,-1.69941401503526,"20161301",-1.44980947126847,-1.20336459298082
"panel_13","2X A550T - Mean: 1.599","95_97","2009218336",-0.609560861756836,-1.69941401503526,"20161310",-1.44980947126779,-1.20336459298016
"panel_13","2X A550T - Mean: 1.599","95_97","2009218336",-0.609560861756836,-1.69941401503526,"20161315",-1.44980947126832,-1.20336459298061
"panel_13","2X A550T - Mean: 1.599","95_97","2009218336",-0.609560861756836,-1.69941401503526,"20161319",-0.486945071314533,-1.21771180144201
"panel_13","2X A550T - Mean: 1.599","95_97","2009218336",-0.609560861756836,-1.69941401503526,"20161320",-1.44980947126767,-1.20336459298035
"panel_13","2X A550T - Mean: 1.599","95_97","2009218336",-0.609560861756836,-1.69941401503526,"20161367",-1.44980947126776,-1.20336459298036
"panel_13","2X A550T - Mean: 1.599","95_97","2009218336",-0.609560861756836,-1.69941401503526,"20161384",-1.44980947126774,-1.20336459298037
"panel_13","2X A550T - Mean: 1.599","95_97","2009218336",-0.609560861756836,-1.69941401503526,"20161397",-1.44980947126873,-1.20336459298084
"panel_13","2X A550T - Mean: 1.599","95_97","2009218336",-0.609560861756836,-1.69941401503526,"20161400",-1.44980947126832,-1.20336459298076
"panel_13","2X A550T - Mean: 1.599","95_97","2009218336",-0.609560861756836,-1.69941401503526,"20161403",-1.44980947126812,-1.20336459298049
"panel_13","2X A550T - Mean: 1.599","95_97","2009218336",-0.609560861756836,-1.69941401503526,"20161410",-1.44980947126771,-1.20336459298037
"panel_13","2X A550T - Mean: 1.599","95_97","2009218336",-0.609560861756836,-1.69941401503526,"20161411",-1.44980947126887,-1.20336459298104
"panel_13","2X A550T - Mean: 1.599","95_97","2009218336",-0.609560861756836,-1.69941401503526,"20161415",-1.44980947126815,-1.20336459298066
"panel_13","2X A550T - Mean: 1.599","95_97","2009218336",-0.609560861756836,-1.69941401503526,"20161592",-1.44980947126842,-1.2033645929808
"panel_13","2X A550T - Mean: 1.599","95_97","2009218336",-0.609560861756836,-1.69941401503526,"20161594",-1.44980947126773,-1.20336459298032
"panel_13","2X A550T - Mean: 1.599","95_97","2009218336",-0.609560861756836,-1.69941401503526,"20161610",-1.44980947126881,-1.2033645929807
"panel_13","2X A550T - Mean: 1.599","95_97","2009218336",-0.609560861756836,-1.69941401503526,"20161623",-1.44980947126857,-1.20336459298066
"panel_13","2X A550T - Mean: 1.599","95_97","2009218336",-0.609560861756836,-1.69941401503526,"20161624",-1.44980947126849,-1.20336459298071
"panel_13","2X A550T - Mean: 1.599","95_97","2009218336",-0.609560861756836,-1.69941401503526,"20161643",-1.4498094712679,-1.20336459298037
"panel_13","2X A550T - Mean: 1.599","95_97","2009218336",-0.609560861756836,-1.69941401503526,"20161652",-1.44980947126784,-1.20336459298045
"panel_13","2X A550T - Mean: 1.599","95_97","2009218336",-0.609560861756836,-1.69941401503526,"20161658",-1.44980947126787,-1.20336459298042
"panel_13","2X A550T - Mean: 1.599","95_97","2009218336",-0.609560861756836,-1.69941401503526,"20161660",-1.44980947126767,-1.20336459298022
"panel_13","2X A550T - Mean: 1.599","95_97","2009218336",-0.609560861756836,-1.69941401503526,"20161664",-1.44980947126793,-1.20336459298048
"panel_13","2X A550T - Mean: 1.599","95_97","2009218336",-0.609560861756836,-1.69941401503526,"20161668",-1.44980947126806,-1.2033645929806
"panel_13","2X A550T - Mean: 1.599","95_97","2009218336",-0.609560861756836,-1.69941401503526,"20161682",-1.44980947126963,-1.2033645929814
"panel_13","2X A550T - Mean: 1.599","95_97","2009218336",-0.609560861756836,-1.69941401503526,"20161713",-1.44980947126821,-1.20336459298064
"panel_13","2X A550T - Mean: 1.599","95_97","2009218336",-0.609560861756836,-1.69941401503526,"20161787",-1.44980947126931,-1.20336459298114
"panel_13","2X A550T - Mean: 1.599","95_97","2009218336",-0.609560861756836,-1.69941401503526,"20161797",-1.44980947126964,-1.20336459298141
"panel_13","2X A550T - Mean: 1.599","95_97","2009218336",-0.609560861756836,-1.69941401503526,"20161818",-1.44980947126937,-1.20336459298135
"panel_13","2X A550T - Mean: 1.599","95_97","2009218336",-0.609560861756836,-1.69941401503526,"20161824",-1.4498094712691,-1.20336459298093
"panel_13","2X A550T - Mean: 1.599","95_97","2009218336",-0.609560861756836,-1.69941401503526,"20161981",-1.44980947126827,-1.20336459298076
"panel_13","2X A550T - Mean: 1.599","95_97","2009218336",-0.609560861756836,-1.69941401503526,"20162027",-1.44980947126875,-1.20336459298079
"panel_13","2X A550T - Mean: 1.599","95_97","2009218336",-0.609560861756836,-1.69941401503526,"20162265",-1.44980947126931,-1.20336459298115
"panel_13","2X A550T - Mean: 1.599","95_97","2009218336",-0.609560861756836,-1.69941401503526,"20162340",-1.44980947126885,-1.20336459298108
"panel_13","2X A550T - Mean: 1.599","95_97","2009218336",-0.609560861756836,-1.69941401503526,"20162578",-1.44980947126847,-1.2033645929808
"panel_13","2X A550T - Mean: 1.599","95_97","2009218336",-0.609560861756836,-1.69941401503526,"20162579",-1.44980947126786,-1.20336459298051
"panel_13","2X A550T - Mean: 1.599","95_97","2009218336",-0.609560861756836,-1.69941401503526,"20162781",-0.609560861752336,-1.6994140150301
"panel_13","2X A550T - Mean: 1.599","95_97","2009218336",-0.609560861756836,-1.69941401503526,"20162804",-1.4498094712681,-1.20336459298067
"panel_13","2X A550T - Mean: 1.599","95_97","2009218336",-0.609560861756836,-1.69941401503526,"20162806",-1.4498094712682,-1.20336459298046
"panel_13","2X A550T - Mean: 1.599","95_97","2009218336",-0.609560861756836,-1.69941401503526,"20162853",-1.44980947126735,-1.20336459298012
"panel_13","2X A550T - Mean: 1.599","95_97","2009218336",-0.609560861756836,-1.69941401503526,"20163087",-1.44980947126885,-1.20336459298101
"panel_13","2X A550T - Mean: 1.599","95_97","2009218336",-0.609560861756836,-1.69941401503526,"20163099",-1.4498094712684,-1.20336459298065
"panel_13","2X A550T - Mean: 1.599","95_97","2009218336",-0.609560861756836,-1.69941401503526,"20163102",-1.4498094712679,-1.20336459298055
"panel_13","2X A550T - Mean: 1.599","95_97","2009218336",-0.609560861756836,-1.69941401503526,"20163110",-1.44980947126782,-1.20336459298048
"panel_13","2X A550T - Mean: 1.599","95_97","2009218336",-0.609560861756836,-1.69941401503526,"20163116",-1.44980947126826,-1.2033645929806
"panel_13","2X A550T - Mean: 1.599","95_97","2009218336",-0.609560861756836,-1.69941401503526,"3850-07",-1.44980947126802,-1.20336459298053
"panel_13","2X A550T - Mean: 1.599","95_97","2009218336",-0.609560861756836,-1.69941401503526,"5309-05",-1.44980947126823,-1.20336459298061
"panel_13","2X A550T - Mean: 1.599","95_97","2009218336",-0.609560861756836,-1.69941401503526,"5567-04",-1.44980947126807,-1.20336459298065
"panel_13","2X A550T - Mean: 1.599","95_97","2009218336",-0.609560861756836,-1.69941401503526,"6779-05",-1.44980947126745,-1.20336459298017
"panel_13","2X A550T - Mean: 1.599","95_97","2009218336",-0.609560861756836,-1.69941401503526,"9173-04",-1.44980947126716,-1.20336459297995
"panel_13","2X A550T - Mean: 1.599","95_97","20153258",0.55993916703655,-2.15035021369792,"2008008731",-1.44980947126784,-1.20336459298039
"panel_13","2X A550T - Mean: 1.599","95_97","20153258",0.55993916703655,-2.15035021369792,"2009209970",-1.44980947126877,-1.20336459298084
"panel_13","2X A550T - Mean: 1.599","95_97","20153258",0.55993916703655,-2.15035021369792,"2009210878",-1.44980947126897,-1.20336459298101
"panel_13","2X A550T - Mean: 1.599","95_97","20153258",0.55993916703655,-2.15035021369792,"2009210924",-1.44980947126754,-1.20336459298026
"panel_13","2X A550T - Mean: 1.599","95_97","20153258",0.55993916703655,-2.15035021369792,"2009210939",-1.44980947126929,-1.20336459298117
"panel_13","2X A550T - Mean: 1.599","95_97","20153258",0.55993916703655,-2.15035021369792,"2009211267",-1.44980947126992,-1.20336459298165
"panel_13","2X A550T - Mean: 1.599","95_97","20153258",0.55993916703655,-2.15035021369792,"2009212732",-1.44980947126831,-1.20336459298064
"panel_13","2X A550T - Mean: 1.599","95_97","20153258",0.55993916703655,-2.15035021369792,"2009212842",-1.44980947126787,-1.20336459298049
"panel_13","2X A550T - Mean: 1.599","95_97","20153258",0.55993916703655,-2.15035021369792,"2009212848",-1.44980947126846,-1.20336459298079
"panel_13","2X A550T - Mean: 1.599","95_97","20153258",0.55993916703655,-2.15035021369792,"2009214002",-1.44980947126774,-1.20336459298041
"panel_13","2X A550T - Mean: 1.599","95_97","20153258",0.55993916703655,-2.15035021369792,"2009214077",-1.4498094712691,-1.20336459298111
"panel_13","2X A550T - Mean: 1.599","95_97","20153258",0.55993916703655,-2.15035021369792,"2009215718",-1.44980947126827,-1.20336459298072
"panel_13","2X A550T - Mean: 1.599","95_97","20153258",0.55993916703655,-2.15035021369792,"2009216752",-1.44980947126871,-1.20336459298088
"panel_13","2X A550T - Mean: 1.599","95_97","20153258",0.55993916703655,-2.15035021369792,"2009217716",-1.44980947126852,-1.20336459298089
"panel_13","2X A550T - Mean: 1.599","95_97","20153258",0.55993916703655,-2.15035021369792,"2009218231",-1.44980947126741,-1.20336459298007
"panel_13","2X A550T - Mean: 1.599","95_97","20153258",0.55993916703655,-2.15035021369792,"2009219217",-1.44980947126803,-1.20336459298054
"panel_13","2X A550T - Mean: 1.599","95_97","20153258",0.55993916703655,-2.15035021369792,"2009219983",-1.44980947126742,-1.20336459298022
"panel_13","2X A550T - Mean: 1.599","95_97","20153258",0.55993916703655,-2.15035021369792,"2010200663",-1.44980947126814,-1.20336459298063
"panel_13","2X A550T - Mean: 1.599","95_97","20153258",0.55993916703655,-2.15035021369792,"2010200669",-1.44980947126869,-1.20336459298098
"panel_13","2X A550T - Mean: 1.599","95_97","20153258",0.55993916703655,-2.15035021369792,"2010200701",-1.44980947126777,-1.20336459298032
"panel_13","2X A550T - Mean: 1.599","95_97","20153258",0.55993916703655,-2.15035021369792,"2010200703",-1.44980947126804,-1.20336459298056
"panel_13","2X A550T - Mean: 1.599","95_97","20153258",0.55993916703655,-2.15035021369792,"2010200823",-1.44980947126767,-1.2033645929803
"panel_13","2X A550T - Mean: 1.599","95_97","20153258",0.55993916703655,-2.15035021369792,"2010205286",-1.44980947126889,-1.20336459298106
"panel_13","2X A550T - Mean: 1.599","95_97","20153258",0.55993916703655,-2.15035021369792,"2010208449",-1.44980947126865,-1.20336459298106
"panel_13","2X A550T - Mean: 1.599","95_97","20153258",0.55993916703655,-2.15035021369792,"2010216243",-1.44980947126752,-1.20336459298029
"panel_13","2X A550T - Mean: 1.599","95_97","20153258",0.55993916703655,-2.15035021369792,"2010216272",-1.44980947127054,-1.20336459298179
"panel_13","2X A550T - Mean: 1.599","95_97","20153258",0.55993916703655,-2.15035021369792,"2010216317",-1.44980947126937,-1.20336459298124
"panel_13","2X A550T - Mean: 1.599","95_97","20153258",0.55993916703655,-2.15035021369792,"2010220284",-1.44980947126771,-1.20336459298036
"panel_13","2X A550T - Mean: 1.599","95_97","20153258",0.55993916703655,-2.15035021369792,"2010223249",-1.44980947126818,-1.20336459298066
"panel_13","2X A550T - Mean: 1.599","95_97","20153258",0.55993916703655,-2.15035021369792,"2012209214",-1.44980947126803,-1.20336459298064
"panel_13","2X A550T - Mean: 1.599","95_97","20153258",0.55993916703655,-2.15035021369792,"2012211509",-1.44980947126923,-1.20336459298129
"panel_13","2X A550T - Mean: 1.599","95_97","20153258",0.55993916703655,-2.15035021369792,"2012211517",-1.44980947126741,-1.20336459298014
"panel_13","2X A550T - Mean: 1.599","95_97","20153258",0.55993916703655,-2.15035021369792,"2012211937",-1.44980947126808,-1.20336459298055
"panel_13","2X A550T - Mean: 1.599","95_97","20153258",0.55993916703655,-2.15035021369792,"2012213285",-1.44980947126928,-1.20336459298112
"panel_13","2X A550T - Mean: 1.599","95_97","20153258",0.55993916703655,-2.15035021369792,"2012214276",-1.44980947126834,-1.20336459298069
"panel_13","2X A550T - Mean: 1.599","95_97","20153258",0.55993916703655,-2.15035021369792,"2012214499",-1.44980947126789,-1.20336459298054
"panel_13","2X A550T - Mean: 1.599","95_97","20153258",0.55993916703655,-2.15035021369792,"2012215791",-1.44980947126726,-1.20336459297999
"panel_13","2X A550T - Mean: 1.599","95_97","20153258",0.55993916703655,-2.15035021369792,"2012216037",-1.44980947126842,-1.20336459298087
"panel_13","2X A550T - Mean: 1.599","95_97","20153258",0.55993916703655,-2.15035021369792,"2012216040",-1.44980947126997,-1.20336459298159
"panel_13","2X A550T - Mean: 1.599","95_97","20153258",0.55993916703655,-2.15035021369792,"2012218011",-1.44980947126736,-1.20336459298016
"panel_13","2X A550T - Mean: 1.599","95_97","20153258",0.55993916703655,-2.15035021369792,"2012218130",-1.44980947126855,-1.20336459298077
"panel_13","2X A550T - Mean: 1.599","95_97","20153258",0.55993916703655,-2.15035021369792,"2012218190",-1.44980947126729,-1.20336459298011
"panel_13","2X A550T - Mean: 1.599","95_97","20153258",0.55993916703655,-2.15035021369792,"2012218222",-1.4498094712688,-1.20336459298098
"panel_13","2X A550T - Mean: 1.599","95_97","20153258",0.55993916703655,-2.15035021369792,"2012220570",-1.44980947127013,-1.20336459298176
"panel_13","2X A550T - Mean: 1.599","95_97","20153258",0.55993916703655,-2.15035021369792,"2012222455",-1.44980947126826,-1.20336459298078
"panel_13","2X A550T - Mean: 1.599","95_97","20153258",0.55993916703655,-2.15035021369792,"2012222457",-1.44980947127059,-1.20336459298211
"panel_13","2X A550T - Mean: 1.599","95_97","20153258",0.55993916703655,-2.15035021369792,"2012224843",-1.44980947126727,-1.20336459297999
"panel_13","2X A550T - Mean: 1.599","95_97","20153258",0.55993916703655,-2.15035021369792,"2012224867",-1.44980947126742,-1.20336459298012
"panel_13","2X A550T - Mean: 1.599","95_97","20153258",0.55993916703655,-2.15035021369792,"2012225708",-1.44980947126826,-1.20336459298066
"panel_13","2X A550T - Mean: 1.599","95_97","20153258",0.55993916703655,-2.15035021369792,"2013023421",-1.44980947126987,-1.20336459298169
"panel_13","2X A550T - Mean: 1.599","95_97","20153258",0.55993916703655,-2.15035021369792,"2013200976",-1.44980947126953,-1.20336459298146
"panel_13","2X A550T - Mean: 1.599","95_97","20153258",0.55993916703655,-2.15035021369792,"2013201713",-1.44980947126884,-1.2033645929809
"panel_13","2X A550T - Mean: 1.599","95_97","20153258",0.55993916703655,-2.15035021369792,"2013202610",-1.44980947126752,-1.20336459298006
"panel_13","2X A550T - Mean: 1.599","95_97","20153258",0.55993916703655,-2.15035021369792,"2013202641",-1.44980947126746,-1.20336459298021
"panel_13","2X A550T - Mean: 1.599","95_97","20153258",0.55993916703655,-2.15035021369792,"2013206197",-1.44980947126805,-1.20336459298057
"panel_13","2X A550T - Mean: 1.599","95_97","20153258",0.55993916703655,-2.15035021369792,"2013208536",-1.44980947126951,-1.20336459298137
"panel_13","2X A550T - Mean: 1.599","95_97","20153258",0.55993916703655,-2.15035021369792,"2013209049",-1.44980947126862,-1.20336459298076
"panel_13","2X A550T - Mean: 1.599","95_97","20153258",0.55993916703655,-2.15035021369792,"2013209129",-1.44980947126745,-1.20336459298016
"panel_13","2X A550T - Mean: 1.599","95_97","20153258",0.55993916703655,-2.15035021369792,"2013210858",-1.44980947126783,-1.20336459298045
"panel_13","2X A550T - Mean: 1.599","95_97","20153258",0.55993916703655,-2.15035021369792,"2013210876",-1.44980947126806,-1.20336459298062
"panel_13","2X A550T - Mean: 1.599","95_97","20153258",0.55993916703655,-2.15035021369792,"2013211433",-1.44980947126725,-1.2033645929801
"panel_13","2X A550T - Mean: 1.599","95_97","20153258",0.55993916703655,-2.15035021369792,"2013211438",-1.44980947126968,-1.2033645929814
"panel_13","2X A550T - Mean: 1.599","95_97","20153258",0.55993916703655,-2.15035021369792,"2013211724",-1.44980947126762,-1.20336459298033
"panel_13","2X A550T - Mean: 1.599","95_97","20153258",0.55993916703655,-2.15035021369792,"2013212827",-1.4498094712692,-1.20336459298126
"panel_13","2X A550T - Mean: 1.599","95_97","20153258",0.55993916703655,-2.15035021369792,"2013212957",-1.44980947126819,-1.20336459298074
"panel_13","2X A550T - Mean: 1.599","95_97","20153258",0.55993916703655,-2.15035021369792,"2013214076",-1.44980947126789,-1.20336459298026
"panel_13","2X A550T - Mean: 1.599","95_97","20153258",0.55993916703655,-2.15035021369792,"2013214876",-1.44980947126798,-1.2033645929806
"panel_13","2X A550T - Mean: 1.599","95_97","20153258",0.55993916703655,-2.15035021369792,"2013215796",-1.44980947126743,-1.20336459298006
"panel_13","2X A550T - Mean: 1.599","95_97","20153258",0.55993916703655,-2.15035021369792,"2013217515",-1.44980947126916,-1.20336459298126
"panel_13","2X A550T - Mean: 1.599","95_97","20153258",0.55993916703655,-2.15035021369792,"2013218100",-1.44980947126753,-1.20336459298027
"panel_13","2X A550T - Mean: 1.599","95_97","20153258",0.55993916703655,-2.15035021369792,"2013219866",-1.44980947126773,-1.20336459298028
"panel_13","2X A550T - Mean: 1.599","95_97","20153258",0.55993916703655,-2.15035021369792,"2013220191",-1.44980947126852,-1.20336459298089
"panel_13","2X A550T - Mean: 1.599","95_97","20153258",0.55993916703655,-2.15035021369792,"2013221591",-1.44980947126911,-1.20336459298111
"panel_13","2X A550T - Mean: 1.599","95_97","20153258",0.55993916703655,-2.15035021369792,"2013221808",-1.44980947126849,-1.20336459298072
"panel_13","2X A550T - Mean: 1.599","95_97","20153258",0.55993916703655,-2.15035021369792,"2013221993",-1.44980947126909,-1.20336459298118
"panel_13","2X A550T - Mean: 1.599","95_97","20153258",0.55993916703655,-2.15035021369792,"2014200767",-1.44980947126751,-1.20336459298023
"panel_13","2X A550T - Mean: 1.599","95_97","20153258",0.55993916703655,-2.15035021369792,"2014201418",-1.44980947126801,-1.20336459298051
"panel_13","2X A550T - Mean: 1.599","95_97","20153258",0.55993916703655,-2.15035021369792,"2014201462",-1.44980947126796,-1.20336459298059
"panel_13","2X A550T - Mean: 1.599","95_97","20153258",0.55993916703655,-2.15035021369792,"2014201481",-1.44980947126912,-1.2033645929811
"panel_13","2X A550T - Mean: 1.599","95_97","20153258",0.55993916703655,-2.15035021369792,"2014202195",-1.44980947126744,-1.20336459298021
"panel_13","2X A550T - Mean: 1.599","95_97","20153258",0.55993916703655,-2.15035021369792,"2014203844",-1.44980947126794,-1.20336459298056
"panel_13","2X A550T - Mean: 1.599","95_97","20153258",0.55993916703655,-2.15035021369792,"20151621",-1.44980947126775,-1.20336459298038
"panel_13","2X A550T - Mean: 1.599","95_97","20153258",0.55993916703655,-2.15035021369792,"20151631",-1.44980947126804,-1.20336459298053
"panel_13","2X A550T - Mean: 1.599","95_97","20153258",0.55993916703655,-2.15035021369792,"20152222",-1.44980947126731,-1.20336459298007
"panel_13","2X A550T - Mean: 1.599","95_97","20153258",0.55993916703655,-2.15035021369792,"20152260",-1.4498094712691,-1.20336459298125
"panel_13","2X A550T - Mean: 1.599","95_97","20153258",0.55993916703655,-2.15035021369792,"20152274",-1.4498094712678,-1.20336459298051
"panel_13","2X A550T - Mean: 1.599","95_97","20153258",0.55993916703655,-2.15035021369792,"20152423",-1.44980947127029,-1.2033645929818
"panel_13","2X A550T - Mean: 1.599","95_97","20153258",0.55993916703655,-2.15035021369792,"20152430",-1.44980947126888,-1.20336459298107
"panel_13","2X A550T - Mean: 1.599","95_97","20153258",0.55993916703655,-2.15035021369792,"20152627",-1.44980947126765,-1.20336459298028
"panel_13","2X A550T - Mean: 1.599","95_97","20153258",0.55993916703655,-2.15035021369792,"20152633",-1.44980947126761,-1.2033645929803
"panel_13","2X A550T - Mean: 1.599","95_97","20153258",0.55993916703655,-2.15035021369792,"20152641",-1.44980947126929,-1.20336459298113
"panel_13","2X A550T - Mean: 1.599","95_97","20153258",0.55993916703655,-2.15035021369792,"20152645",-1.44980947126985,-1.20336459298145
"panel_13","2X A550T - Mean: 1.599","95_97","20153258",0.55993916703655,-2.15035021369792,"20152654",-1.44980947126873,-1.20336459298105
"panel_13","2X A550T - Mean: 1.599","95_97","20153258",0.55993916703655,-2.15035021369792,"20152692",-1.44980947126745,-1.20336459298011
"panel_13","2X A550T - Mean: 1.599","95_97","20153258",0.55993916703655,-2.15035021369792,"20152811",-1.44980947126835,-1.20336459298074
"panel_13","2X A550T - Mean: 1.599","95_97","20153258",0.55993916703655,-2.15035021369792,"20152813",-1.44980947126763,-1.20336459298028
"panel_13","2X A550T - Mean: 1.599","95_97","20153258",0.55993916703655,-2.15035021369792,"20152887",-1.44980947126878,-1.20336459298099
"panel_13","2X A550T - Mean: 1.599","95_97","20153258",0.55993916703655,-2.15035021369792,"20152912",-1.44980947126911,-1.2033645929811
"panel_13","2X A550T - Mean: 1.599","95_97","20153258",0.55993916703655,-2.15035021369792,"20152958",-1.44980947126796,-1.20336459298055
"panel_13","2X A550T - Mean: 1.599","95_97","20153258",0.55993916703655,-2.15035021369792,"20152962",-1.44980947126877,-1.20336459298105
"panel_13","2X A550T - Mean: 1.599","95_97","20153258",0.55993916703655,-2.15035021369792,"20153007",-1.44980947126959,-1.2033645929813
"panel_13","2X A550T - Mean: 1.599","95_97","20153258",0.55993916703655,-2.15035021369792,"20153018",-1.44980947126708,-1.20336459297989
"panel_13","2X A550T - Mean: 1.599","95_97","20153258",0.55993916703655,-2.15035021369792,"20153019",-1.44980947126791,-1.2033645929804
"panel_13","2X A550T - Mean: 1.599","95_97","20153258",0.55993916703655,-2.15035021369792,"20153031",-1.44980947126726,-1.20336459297995
"panel_13","2X A550T - Mean: 1.599","95_97","20153258",0.55993916703655,-2.15035021369792,"20153033",-1.4498094712703,-1.20336459298198
"panel_13","2X A550T - Mean: 1.599","95_97","20153258",0.55993916703655,-2.15035021369792,"20153038",-1.44980947126851,-1.20336459298094
"panel_13","2X A550T - Mean: 1.599","95_97","20153258",0.55993916703655,-2.15035021369792,"20153039",-1.44980947126749,-1.20336459298019
"panel_13","2X A550T - Mean: 1.599","95_97","20153258",0.55993916703655,-2.15035021369792,"20153126",-1.44980947126805,-1.20336459298039
"panel_13","2X A550T - Mean: 1.599","95_97","20153258",0.55993916703655,-2.15035021369792,"20153130",-1.44980947126823,-1.20336459298076
"panel_13","2X A550T - Mean: 1.599","95_97","20153258",0.55993916703655,-2.15035021369792,"20153131",-1.44980947126789,-1.20336459298038
"panel_13","2X A550T - Mean: 1.599","95_97","20153258",0.55993916703655,-2.15035021369792,"20153176",-1.44980947126845,-1.20336459298084
"panel_13","2X A550T - Mean: 1.599","95_97","20153258",0.55993916703655,-2.15035021369792,"20153182",-1.44980947126766,-1.20336459298037
"panel_13","2X A550T - Mean: 1.599","95_97","20153258",0.55993916703655,-2.15035021369792,"20153194",-1.4498094712686,-1.20336459298099
"panel_13","2X A550T - Mean: 1.599","95_97","20153258",0.55993916703655,-2.15035021369792,"20153211",-1.44980947126796,-1.20336459298036
"panel_13","2X A550T - Mean: 1.599","95_97","20153258",0.55993916703655,-2.15035021369792,"20153213",-1.44980947126762,-1.2033645929803
"panel_13","2X A550T - Mean: 1.599","95_97","20153258",0.55993916703655,-2.15035021369792,"20153219",-1.44980947126738,-1.20336459298009
"panel_13","2X A550T - Mean: 1.599","95_97","20153258",0.55993916703655,-2.15035021369792,"20153239",-1.44980947126799,-1.20336459298043
"panel_13","2X A550T - Mean: 1.599","95_97","20153258",0.55993916703655,-2.15035021369792,"20153244",-1.44980947126951,-1.20336459298137
"panel_13","2X A550T - Mean: 1.599","95_97","20153258",0.55993916703655,-2.15035021369792,"20153248",-1.44980947126798,-1.20336459298059
"panel_13","2X A550T - Mean: 1.599","95_97","20153258",0.55993916703655,-2.15035021369792,"20153250",-1.44980947126762,-1.20336459298034
"panel_13","2X A550T - Mean: 1.599","95_97","20153258",0.55993916703655,-2.15035021369792,"20153254",-1.44980947126874,-1.20336459298099
"panel_13","2X A550T - Mean: 1.599","95_97","20153258",0.55993916703655,-2.15035021369792,"20153273",-1.44980947126744,-1.2033645929802
"panel_13","2X A550T - Mean: 1.599","95_97","20153258",0.55993916703655,-2.15035021369792,"20153282",-1.44980947126828,-1.20336459298061
"panel_13","2X A550T - Mean: 1.599","95_97","20153258",0.55993916703655,-2.15035021369792,"20153449",-1.44980947126899,-1.20336459298095
"panel_13","2X A550T - Mean: 1.599","95_97","20153258",0.55993916703655,-2.15035021369792,"20153529",-1.44980947126756,-1.20336459298032
"panel_13","2X A550T - Mean: 1.599","95_97","20153258",0.55993916703655,-2.15035021369792,"20153911",-1.44980947126971,-1.20336459298167
"panel_13","2X A550T - Mean: 1.599","95_97","20153258",0.55993916703655,-2.15035021369792,"20153917",-1.44980947126778,-1.20336459298029
"panel_13","2X A550T - Mean: 1.599","95_97","20153258",0.55993916703655,-2.15035021369792,"20153965",-1.44980947126772,-1.20336459298042
"panel_13","2X A550T - Mean: 1.599","95_97","20153258",0.55993916703655,-2.15035021369792,"20153966",-1.44980947126929,-1.20336459298094
"panel_13","2X A550T - Mean: 1.599","95_97","20153258",0.55993916703655,-2.15035021369792,"20153984",-1.44980947126775,-1.20336459298031
"panel_13","2X A550T - Mean: 1.599","95_97","20153258",0.55993916703655,-2.15035021369792,"20153990",-1.44980947126806,-1.20336459298066
"panel_13","2X A550T - Mean: 1.599","95_97","20153258",0.55993916703655,-2.15035021369792,"20153994",-1.44980947126891,-1.20336459298111
"panel_13","2X A550T - Mean: 1.599","95_97","20153258",0.55993916703655,-2.15035021369792,"20154247",-1.44980947127043,-1.20336459298193
"panel_13","2X A550T - Mean: 1.599","95_97","20153258",0.55993916703655,-2.15035021369792,"20154265",-1.44980947126767,-1.2033645929803
"panel_13","2X A550T - Mean: 1.599","95_97","20153258",0.55993916703655,-2.15035021369792,"20154267",-1.44980947126831,-1.2033645929807
"panel_13","2X A550T - Mean: 1.599","95_97","20153258",0.55993916703655,-2.15035021369792,"20154273",-1.44980947126799,-1.20336459298051
"panel_13","2X A550T - Mean: 1.599","95_97","20153258",0.55993916703655,-2.15035021369792,"20154327",-1.44980947126978,-1.2033645929813
"panel_13","2X A550T - Mean: 1.599","95_97","20153258",0.55993916703655,-2.15035021369792,"20154342",-1.44980947126814,-1.2033645929806
"panel_13","2X A550T - Mean: 1.599","95_97","20153258",0.55993916703655,-2.15035021369792,"20154356",-1.44980947126833,-1.20336459298077
"panel_13","2X A550T - Mean: 1.599","95_97","20153258",0.55993916703655,-2.15035021369792,"20154358",-1.44980947126841,-1.20336459298091
"panel_13","2X A550T - Mean: 1.599","95_97","20153258",0.55993916703655,-2.15035021369792,"20154437",-1.44980947126803,-1.20336459298058
"panel_13","2X A550T - Mean: 1.599","95_97","20153258",0.55993916703655,-2.15035021369792,"20154459",-1.44980947126766,-1.20336459298035
"panel_13","2X A550T - Mean: 1.599","95_97","20153258",0.55993916703655,-2.15035021369792,"20154462",-1.44980947126737,-1.20336459298005
"panel_13","2X A550T - Mean: 1.599","95_97","20153258",0.55993916703655,-2.15035021369792,"20154463",-1.44980947126736,-1.20336459298013
"panel_13","2X A550T - Mean: 1.599","95_97","20153258",0.55993916703655,-2.15035021369792,"20154467",-1.44980947126875,-1.20336459298109
"panel_13","2X A550T - Mean: 1.599","95_97","20153258",0.55993916703655,-2.15035021369792,"20154470",-1.44980947126909,-1.20336459298125
"panel_13","2X A550T - Mean: 1.599","95_97","20153258",0.55993916703655,-2.15035021369792,"20154484",-1.4498094712686,-1.20336459298099
"panel_13","2X A550T - Mean: 1.599","95_97","20153258",0.55993916703655,-2.15035021369792,"20154496",-1.44980947126872,-1.2033645929808
"panel_13","2X A550T - Mean: 1.599","95_97","20153258",0.55993916703655,-2.15035021369792,"20154498",-1.44980947126878,-1.20336459298093
"panel_13","2X A550T - Mean: 1.599","95_97","20153258",0.55993916703655,-2.15035021369792,"20154501",-1.44980947127038,-1.20336459298184
"panel_13","2X A550T - Mean: 1.599","95_97","20153258",0.55993916703655,-2.15035021369792,"20154517",-1.44980947126758,-1.20336459298026
"panel_13","2X A550T - Mean: 1.599","95_97","20153258",0.55993916703655,-2.15035021369792,"20154518",-1.44980947126703,-1.20336459297989
"panel_13","2X A550T - Mean: 1.599","95_97","20153258",0.55993916703655,-2.15035021369792,"20154522",-1.44980947126824,-1.20336459298058
"panel_13","2X A550T - Mean: 1.599","95_97","20153258",0.55993916703655,-2.15035021369792,"20154572",-1.4498094712684,-1.20336459298065
"panel_13","2X A550T - Mean: 1.599","95_97","20153258",0.55993916703655,-2.15035021369792,"20154573",-1.44980947126763,-1.20336459298023
"panel_13","2X A550T - Mean: 1.599","95_97","20153258",0.55993916703655,-2.15035021369792,"20154579",-1.44980947127098,-1.20336459298228
"panel_13","2X A550T - Mean: 1.599","95_97","20153258",0.55993916703655,-2.15035021369792,"20154587",-1.44980947126854,-1.20336459298094
"panel_13","2X A550T - Mean: 1.599","95_97","20153258",0.55993916703655,-2.15035021369792,"20154673",-1.44980947126789,-1.20336459298052
"panel_13","2X A550T - Mean: 1.599","95_97","20153258",0.55993916703655,-2.15035021369792,"20154703",-1.44980947126914,-1.20336459298127
"panel_13","2X A550T - Mean: 1.599","95_97","20153258",0.55993916703655,-2.15035021369792,"20154708",-1.44980947126939,-1.20336459298106
"panel_13","2X A550T - Mean: 1.599","95_97","20153258",0.55993916703655,-2.15035021369792,"20154712",-1.44980947126995,-1.20336459298175
"panel_13","2X A550T - Mean: 1.599","95_97","20153258",0.55993916703655,-2.15035021369792,"20154716",-1.44980947126781,-1.20336459298048
"panel_13","2X A550T - Mean: 1.599","95_97","20153258",0.55993916703655,-2.15035021369792,"20154717",-1.44980947126852,-1.20336459298086
"panel_13","2X A550T - Mean: 1.599","95_97","20153258",0.55993916703655,-2.15035021369792,"20154719",-1.44980947126889,-1.20336459298108
"panel_13","2X A550T - Mean: 1.599","95_97","20153258",0.55993916703655,-2.15035021369792,"20154721",-1.44980947126854,-1.20336459298082
"panel_13","2X A550T - Mean: 1.599","95_97","20153258",0.55993916703655,-2.15035021369792,"20154723",-0.486945071313155,-1.21771180143727
"panel_13","2X A550T - Mean: 1.599","95_97","20153258",0.55993916703655,-2.15035021369792,"20154729",-1.44980947126896,-1.20336459298111
"panel_13","2X A550T - Mean: 1.599","95_97","20153258",0.55993916703655,-2.15035021369792,"20154739",-1.44980947126781,-1.2033645929805
"panel_13","2X A550T - Mean: 1.599","95_97","20153258",0.55993916703655,-2.15035021369792,"20154757",-1.44980947126805,-1.20336459298056
"panel_13","2X A550T - Mean: 1.599","95_97","20153258",0.55993916703655,-2.15035021369792,"20154763",-1.44980947126861,-1.20336459298093
"panel_13","2X A550T - Mean: 1.599","95_97","20153258",0.55993916703655,-2.15035021369792,"20154769",-1.44980947126858,-1.20336459298099
"panel_13","2X A550T - Mean: 1.599","95_97","20153258",0.55993916703655,-2.15035021369792,"20154864",-1.44980947126823,-1.20336459298043
"panel_13","2X A550T - Mean: 1.599","95_97","20153258",0.55993916703655,-2.15035021369792,"20154869",-1.44980947126845,-1.20336459298081
"panel_13","2X A550T - Mean: 1.599","95_97","20153258",0.55993916703655,-2.15035021369792,"20154872",-1.4498094712676,-1.2033645929802
"panel_13","2X A550T - Mean: 1.599","95_97","20153258",0.55993916703655,-2.15035021369792,"20154882",-1.4498094712689,-1.20336459298113
"panel_13","2X A550T - Mean: 1.599","95_97","20153258",0.55993916703655,-2.15035021369792,"20154885",-1.44980947126714,-1.20336459298
"panel_13","2X A550T - Mean: 1.599","95_97","20153258",0.55993916703655,-2.15035021369792,"20154887",-1.44980947126756,-1.20336459298023
"panel_13","2X A550T - Mean: 1.599","95_97","20153258",0.55993916703655,-2.15035021369792,"20154892",-1.44980947126782,-1.20336459298042
"panel_13","2X A550T - Mean: 1.599","95_97","20153258",0.55993916703655,-2.15035021369792,"20154920",-1.44980947126868,-1.2033645929809
"panel_13","2X A550T - Mean: 1.599","95_97","20153258",0.55993916703655,-2.15035021369792,"20154927",-1.44980947126804,-1.20336459298045
"panel_13","2X A550T - Mean: 1.599","95_97","20153258",0.55993916703655,-2.15035021369792,"20154928",-1.4498094712699,-1.20336459298177
"panel_13","2X A550T - Mean: 1.599","95_97","20153258",0.55993916703655,-2.15035021369792,"20154987",-1.44980947127076,-1.20336459298196
"panel_13","2X A550T - Mean: 1.599","95_97","20153258",0.55993916703655,-2.15035021369792,"20154995",-1.44980947126768,-1.20336459298031
"panel_13","2X A550T - Mean: 1.599","95_97","20153258",0.55993916703655,-2.15035021369792,"20154998",-1.44980947126773,-1.20336459298033
"panel_13","2X A550T - Mean: 1.599","95_97","20153258",0.55993916703655,-2.15035021369792,"20155173",-1.4498094712675,-1.20336459298023
"panel_13","2X A550T - Mean: 1.599","95_97","20153258",0.55993916703655,-2.15035021369792,"20155181",-1.44980947126966,-1.20336459298158
"panel_13","2X A550T - Mean: 1.599","95_97","20153258",0.55993916703655,-2.15035021369792,"20155192",-1.44980947126726,-1.20336459298001
"panel_13","2X A550T - Mean: 1.599","95_97","20153258",0.55993916703655,-2.15035021369792,"20155251",-1.44980947126828,-1.20336459298069
"panel_13","2X A550T - Mean: 1.599","95_97","20153258",0.55993916703655,-2.15035021369792,"20155253",-1.44980947126783,-1.20336459298042
"panel_13","2X A550T - Mean: 1.599","95_97","20153258",0.55993916703655,-2.15035021369792,"20155295",-1.44980947126771,-1.20336459298032
"panel_13","2X A550T - Mean: 1.599","95_97","20153258",0.55993916703655,-2.15035021369792,"20155308",-1.44980947126884,-1.20336459298108
"panel_13","2X A550T - Mean: 1.599","95_97","20153258",0.55993916703655,-2.15035021369792,"20155320",-1.4498094712682,-1.2033645929807
"panel_13","2X A550T - Mean: 1.599","95_97","20153258",0.55993916703655,-2.15035021369792,"20155332",-1.449809471268,-1.20336459298055
"panel_13","2X A550T - Mean: 1.599","95_97","20153258",0.55993916703655,-2.15035021369792,"20155433",-1.44980947126743,-1.20336459298021
"panel_13","2X A550T - Mean: 1.599","95_97","20153258",0.55993916703655,-2.15035021369792,"20155434",-1.44980947126784,-1.20336459298041
"panel_13","2X A550T - Mean: 1.599","95_97","20153258",0.55993916703655,-2.15035021369792,"20155442",-1.44980947126816,-1.20336459298067
"panel_13","2X A550T - Mean: 1.599","95_97","20153258",0.55993916703655,-2.15035021369792,"20155448",-1.44980947126741,-1.20336459298013
"panel_13","2X A550T - Mean: 1.599","95_97","20153258",0.55993916703655,-2.15035021369792,"20155457",-1.44980947126756,-1.20336459298029
"panel_13","2X A550T - Mean: 1.599","95_97","20153258",0.55993916703655,-2.15035021369792,"20155465",-1.44980947126848,-1.20336459298052
"panel_13","2X A550T - Mean: 1.599","95_97","20153258",0.55993916703655,-2.15035021369792,"20155466",-1.4498094712709,-1.20336459298211
"panel_13","2X A550T - Mean: 1.599","95_97","20153258",0.55993916703655,-2.15035021369792,"20155475",-1.44980947126963,-1.20336459298155
"panel_13","2X A550T - Mean: 1.599","95_97","20153258",0.55993916703655,-2.15035021369792,"20155494",-1.44980947126741,-1.2033645929802
"panel_13","2X A550T - Mean: 1.599","95_97","20153258",0.55993916703655,-2.15035021369792,"20155497",-1.44980947126895,-1.2033645929811
"panel_13","2X A550T - Mean: 1.599","95_97","20153258",0.55993916703655,-2.15035021369792,"20155503",-1.4498094712678,-1.20336459298047
"panel_13","2X A550T - Mean: 1.599","95_97","20153258",0.55993916703655,-2.15035021369792,"20155505",-0.692081349377347,-1.81530001255138
"panel_13","2X A550T - Mean: 1.599","95_97","20153258",0.55993916703655,-2.15035021369792,"20155538",-1.4498094712685,-1.20336459298088
"panel_13","2X A550T - Mean: 1.599","95_97","20153258",0.55993916703655,-2.15035021369792,"20155540",-1.44980947126778,-1.20336459298039
"panel_13","2X A550T - Mean: 1.599","95_97","20153258",0.55993916703655,-2.15035021369792,"20155551",-1.44980947126834,-1.20336459298065
"panel_13","2X A550T - Mean: 1.599","95_97","20153258",0.55993916703655,-2.15035021369792,"20155553",-1.44980947126889,-1.20336459298108
"panel_13","2X A550T - Mean: 1.599","95_97","20153258",0.55993916703655,-2.15035021369792,"20155563",-1.44980947126805,-1.20336459298042
"panel_13","2X A550T - Mean: 1.599","95_97","20153258",0.55993916703655,-2.15035021369792,"20155907",-1.44980947127038,-1.20336459298184
"panel_13","2X A550T - Mean: 1.599","95_97","20153258",0.55993916703655,-2.15035021369792,"20155910",1.13498812915979,2.26358242012642
"panel_13","2X A550T - Mean: 1.599","95_97","20153258",0.55993916703655,-2.15035021369792,"20155920",-1.449809471268,-1.20336459298058
"panel_13","2X A550T - Mean: 1.599","95_97","20153258",0.55993916703655,-2.15035021369792,"20155923",-1.44980947126897,-1.20336459298114
"panel_13","2X A550T - Mean: 1.599","95_97","20153258",0.55993916703655,-2.15035021369792,"20155924",-1.44980947126801,-1.20336459298048
"panel_13","2X A550T - Mean: 1.599","95_97","20153258",0.55993916703655,-2.15035021369792,"20155930",-1.44980947126991,-1.20336459298147
"panel_13","2X A550T - Mean: 1.599","95_97","20153258",0.55993916703655,-2.15035021369792,"20155943",-1.44980947126946,-1.20336459298149
"panel_13","2X A550T - Mean: 1.599","95_97","20153258",0.55993916703655,-2.15035021369792,"20155948",-1.44980947126774,-1.20336459298034
"panel_13","2X A550T - Mean: 1.599","95_97","20153258",0.55993916703655,-2.15035021369792,"20155953",-1.44980947126762,-1.20336459298028
"panel_13","2X A550T - Mean: 1.599","95_97","20153258",0.55993916703655,-2.15035021369792,"20155957",-1.4498094712674,-1.20336459298017
"panel_13","2X A550T - Mean: 1.599","95_97","20153258",0.55993916703655,-2.15035021369792,"20155967",-0.486945071314037,-1.21771180144081
"panel_13","2X A550T - Mean: 1.599","95_97","20153258",0.55993916703655,-2.15035021369792,"20155971",-1.44980947126827,-1.20336459298046
"panel_13","2X A550T - Mean: 1.599","95_97","20153258",0.55993916703655,-2.15035021369792,"20155977",-1.44980947126785,-1.20336459298039
"panel_13","2X A550T - Mean: 1.599","95_97","20153258",0.55993916703655,-2.15035021369792,"20155982",-1.44980947126783,-1.20336459298043
"panel_13","2X A550T - Mean: 1.599","95_97","20153258",0.55993916703655,-2.15035021369792,"20155996",-1.44980947127112,-1.20336459298247
"panel_13","2X A550T - Mean: 1.599","95_97","20153258",0.55993916703655,-2.15035021369792,"20155999",-1.44980947126886,-1.20336459298093
"panel_13","2X A550T - Mean: 1.599","95_97","20153258",0.55993916703655,-2.15035021369792,"20156001",-1.44980947126825,-1.20336459298081
"panel_13","2X A550T - Mean: 1.599","95_97","20153258",0.55993916703655,-2.15035021369792,"20156081",-1.44980947126754,-1.20336459298028
"panel_13","2X A550T - Mean: 1.599","95_97","20153258",0.55993916703655,-2.15035021369792,"20156095",-1.44980947126837,-1.20336459298064
"panel_13","2X A550T - Mean: 1.599","95_97","20153258",0.55993916703655,-2.15035021369792,"20156153",-1.44980947126815,-1.20336459298059
"panel_13","2X A550T - Mean: 1.599","95_97","20153258",0.55993916703655,-2.15035021369792,"20156287",-1.44980947126918,-1.20336459298126
"panel_13","2X A550T - Mean: 1.599","95_97","20153258",0.55993916703655,-2.15035021369792,"20156288",-1.44980947126824,-1.20336459298074
"panel_13","2X A550T - Mean: 1.599","95_97","20153258",0.55993916703655,-2.15035021369792,"20156314",-1.44980947126763,-1.20336459298029
"panel_13","2X A550T - Mean: 1.599","95_97","20153258",0.55993916703655,-2.15035021369792,"20156543",-1.44980947126798,-1.20336459298048
"panel_13","2X A550T - Mean: 1.599","95_97","20153258",0.55993916703655,-2.15035021369792,"20156546",-1.44980947127014,-1.20336459298165
"panel_13","2X A550T - Mean: 1.599","95_97","20153258",0.55993916703655,-2.15035021369792,"20156571",-1.44980947127009,-1.20336459298191
"panel_13","2X A550T - Mean: 1.599","95_97","20153258",0.55993916703655,-2.15035021369792,"20156588",-1.44980947126985,-1.20336459298172
"panel_13","2X A550T - Mean: 1.599","95_97","20153258",0.55993916703655,-2.15035021369792,"20156647",-1.44980947126854,-1.20336459298096
"panel_13","2X A550T - Mean: 1.599","95_97","20153258",0.55993916703655,-2.15035021369792,"20156746",-1.44980947126776,-1.20336459298041
"panel_13","2X A550T - Mean: 1.599","95_97","20153258",0.55993916703655,-2.15035021369792,"20156767",-1.44980947126936,-1.20336459298108
"panel_13","2X A550T - Mean: 1.599","95_97","20153258",0.55993916703655,-2.15035021369792,"20156941",-1.44980947126989,-1.20336459298146
"panel_13","2X A550T - Mean: 1.599","95_97","20153258",0.55993916703655,-2.15035021369792,"20156942",-1.44980947126777,-1.20336459298032
"panel_13","2X A550T - Mean: 1.599","95_97","20153258",0.55993916703655,-2.15035021369792,"20160097",-1.4498094712679,-1.20336459298042
"panel_13","2X A550T - Mean: 1.599","95_97","20153258",0.55993916703655,-2.15035021369792,"20160127",-1.4498094712696,-1.20336459298144
"panel_13","2X A550T - Mean: 1.599","95_97","20153258",0.55993916703655,-2.15035021369792,"20160280",-1.44980947126877,-1.20336459298089
"panel_13","2X A550T - Mean: 1.599","95_97","20153258",0.55993916703655,-2.15035021369792,"20160282",-1.44980947126793,-1.20336459298058
"panel_13","2X A550T - Mean: 1.599","95_97","20153258",0.55993916703655,-2.15035021369792,"20160285",-1.44980947127005,-1.20336459298183
"panel_13","2X A550T - Mean: 1.599","95_97","20153258",0.55993916703655,-2.15035021369792,"20160299",-1.4498094712678,-1.20336459298042
"panel_13","2X A550T - Mean: 1.599","95_97","20153258",0.55993916703655,-2.15035021369792,"20160446",-1.44980947126752,-1.2033645929802
"panel_13","2X A550T - Mean: 1.599","95_97","20153258",0.55993916703655,-2.15035021369792,"20160524",-1.44980947126969,-1.2033645929814
"panel_13","2X A550T - Mean: 1.599","95_97","20153258",0.55993916703655,-2.15035021369792,"20160526",-1.44980947126822,-1.20336459298064
"panel_13","2X A550T - Mean: 1.599","95_97","20153258",0.55993916703655,-2.15035021369792,"20160530",-1.44980947126861,-1.20336459298093
"panel_13","2X A550T - Mean: 1.599","95_97","20153258",0.55993916703655,-2.15035021369792,"20160535",-1.44980947126971,-1.20336459298136
"panel_13","2X A550T - Mean: 1.599","95_97","20153258",0.55993916703655,-2.15035021369792,"20160540",-1.44980947126837,-1.20336459298072
"panel_13","2X A550T - Mean: 1.599","95_97","20153258",0.55993916703655,-2.15035021369792,"20160548",-1.44980947126802,-1.20336459298054
"panel_13","2X A550T - Mean: 1.599","95_97","20153258",0.55993916703655,-2.15035021369792,"20160550",-1.44980947126919,-1.20336459298127
"panel_13","2X A550T - Mean: 1.599","95_97","20153258",0.55993916703655,-2.15035021369792,"20160581",-1.44980947126981,-1.20336459298171
"panel_13","2X A550T - Mean: 1.599","95_97","20153258",0.55993916703655,-2.15035021369792,"20160591",-1.44980947126748,-1.2033645929802
"panel_13","2X A550T - Mean: 1.599","95_97","20153258",0.55993916703655,-2.15035021369792,"20160901",-1.44980947126784,-1.20336459298043
"panel_13","2X A550T - Mean: 1.599","95_97","20153258",0.55993916703655,-2.15035021369792,"20160904",-1.44980947126737,-1.20336459298015
"panel_13","2X A550T - Mean: 1.599","95_97","20153258",0.55993916703655,-2.15035021369792,"20161041",-1.44980947126796,-1.20336459298031
"panel_13","2X A550T - Mean: 1.599","95_97","20153258",0.55993916703655,-2.15035021369792,"20161050",-1.44980947126808,-1.20336459298062
"panel_13","2X A550T - Mean: 1.599","95_97","20153258",0.55993916703655,-2.15035021369792,"20161143",-1.4498094712674,-1.20336459298012
"panel_13","2X A550T - Mean: 1.599","95_97","20153258",0.55993916703655,-2.15035021369792,"20161144",-1.44980947126785,-1.20336459298047
"panel_13","2X A550T - Mean: 1.599","95_97","20153258",0.55993916703655,-2.15035021369792,"20161147",-1.44980947126933,-1.20336459298134
"panel_13","2X A550T - Mean: 1.599","95_97","20153258",0.55993916703655,-2.15035021369792,"20161152",-1.44980947126849,-1.20336459298081
"panel_13","2X A550T - Mean: 1.599","95_97","20153258",0.55993916703655,-2.15035021369792,"20161167",-1.44980947126858,-1.20336459298084
"panel_13","2X A550T - Mean: 1.599","95_97","20153258",0.55993916703655,-2.15035021369792,"20161175",-1.44980947126806,-1.2033645929805
"panel_13","2X A550T - Mean: 1.599","95_97","20153258",0.55993916703655,-2.15035021369792,"20161177",-1.44980947126739,-1.20336459298013
"panel_13","2X A550T - Mean: 1.599","95_97","20153258",0.55993916703655,-2.15035021369792,"20161190",-1.44980947126791,-1.20336459298052
"panel_13","2X A550T - Mean: 1.599","95_97","20153258",0.55993916703655,-2.15035021369792,"20161246",-1.44980947126769,-1.20336459298027
"panel_13","2X A550T - Mean: 1.599","95_97","20153258",0.55993916703655,-2.15035021369792,"20161247",-1.4498094712688,-1.20336459298099
"panel_13","2X A550T - Mean: 1.599","95_97","20153258",0.55993916703655,-2.15035021369792,"20161258",-1.44980947126917,-1.20336459298113
"panel_13","2X A550T - Mean: 1.599","95_97","20153258",0.55993916703655,-2.15035021369792,"20161262",-1.4498094712678,-1.2033645929804
"panel_13","2X A550T - Mean: 1.599","95_97","20153258",0.55993916703655,-2.15035021369792,"20161270",-1.44980947126789,-1.20336459298047
"panel_13","2X A550T - Mean: 1.599","95_97","20153258",0.55993916703655,-2.15035021369792,"20161274",-1.4498094712676,-1.20336459298023
"panel_13","2X A550T - Mean: 1.599","95_97","20153258",0.55993916703655,-2.15035021369792,"20161282",-1.44980947126836,-1.20336459298075
"panel_13","2X A550T - Mean: 1.599","95_97","20153258",0.55993916703655,-2.15035021369792,"20161301",-1.44980947126847,-1.20336459298082
"panel_13","2X A550T - Mean: 1.599","95_97","20153258",0.55993916703655,-2.15035021369792,"20161310",-1.44980947126779,-1.20336459298016
"panel_13","2X A550T - Mean: 1.599","95_97","20153258",0.55993916703655,-2.15035021369792,"20161315",-1.44980947126832,-1.20336459298061
"panel_13","2X A550T - Mean: 1.599","95_97","20153258",0.55993916703655,-2.15035021369792,"20161319",-0.486945071314533,-1.21771180144201
"panel_13","2X A550T - Mean: 1.599","95_97","20153258",0.55993916703655,-2.15035021369792,"20161320",-1.44980947126767,-1.20336459298035
"panel_13","2X A550T - Mean: 1.599","95_97","20153258",0.55993916703655,-2.15035021369792,"20161367",-1.44980947126776,-1.20336459298036
"panel_13","2X A550T - Mean: 1.599","95_97","20153258",0.55993916703655,-2.15035021369792,"20161384",-1.44980947126774,-1.20336459298037
"panel_13","2X A550T - Mean: 1.599","95_97","20153258",0.55993916703655,-2.15035021369792,"20161397",-1.44980947126873,-1.20336459298084
"panel_13","2X A550T - Mean: 1.599","95_97","20153258",0.55993916703655,-2.15035021369792,"20161400",-1.44980947126832,-1.20336459298076
"panel_13","2X A550T - Mean: 1.599","95_97","20153258",0.55993916703655,-2.15035021369792,"20161403",-1.44980947126812,-1.20336459298049
"panel_13","2X A550T - Mean: 1.599","95_97","20153258",0.55993916703655,-2.15035021369792,"20161410",-1.44980947126771,-1.20336459298037
"panel_13","2X A550T - Mean: 1.599","95_97","20153258",0.55993916703655,-2.15035021369792,"20161411",-1.44980947126887,-1.20336459298104
"panel_13","2X A550T - Mean: 1.599","95_97","20153258",0.55993916703655,-2.15035021369792,"20161415",-1.44980947126815,-1.20336459298066
"panel_13","2X A550T - Mean: 1.599","95_97","20153258",0.55993916703655,-2.15035021369792,"20161592",-1.44980947126842,-1.2033645929808
"panel_13","2X A550T - Mean: 1.599","95_97","20153258",0.55993916703655,-2.15035021369792,"20161594",-1.44980947126773,-1.20336459298032
"panel_13","2X A550T - Mean: 1.599","95_97","20153258",0.55993916703655,-2.15035021369792,"20161610",-1.44980947126881,-1.2033645929807
"panel_13","2X A550T - Mean: 1.599","95_97","20153258",0.55993916703655,-2.15035021369792,"20161623",-1.44980947126857,-1.20336459298066
"panel_13","2X A550T - Mean: 1.599","95_97","20153258",0.55993916703655,-2.15035021369792,"20161624",-1.44980947126849,-1.20336459298071
"panel_13","2X A550T - Mean: 1.599","95_97","20153258",0.55993916703655,-2.15035021369792,"20161643",-1.4498094712679,-1.20336459298037
"panel_13","2X A550T - Mean: 1.599","95_97","20153258",0.55993916703655,-2.15035021369792,"20161652",-1.44980947126784,-1.20336459298045
"panel_13","2X A550T - Mean: 1.599","95_97","20153258",0.55993916703655,-2.15035021369792,"20161658",-1.44980947126787,-1.20336459298042
"panel_13","2X A550T - Mean: 1.599","95_97","20153258",0.55993916703655,-2.15035021369792,"20161660",-1.44980947126767,-1.20336459298022
"panel_13","2X A550T - Mean: 1.599","95_97","20153258",0.55993916703655,-2.15035021369792,"20161664",-1.44980947126793,-1.20336459298048
"panel_13","2X A550T - Mean: 1.599","95_97","20153258",0.55993916703655,-2.15035021369792,"20161668",-1.44980947126806,-1.2033645929806
"panel_13","2X A550T - Mean: 1.599","95_97","20153258",0.55993916703655,-2.15035021369792,"20161682",-1.44980947126963,-1.2033645929814
"panel_13","2X A550T - Mean: 1.599","95_97","20153258",0.55993916703655,-2.15035021369792,"20161713",-1.44980947126821,-1.20336459298064
"panel_13","2X A550T - Mean: 1.599","95_97","20153258",0.55993916703655,-2.15035021369792,"20161787",-1.44980947126931,-1.20336459298114
"panel_13","2X A550T - Mean: 1.599","95_97","20153258",0.55993916703655,-2.15035021369792,"20161797",-1.44980947126964,-1.20336459298141
"panel_13","2X A550T - Mean: 1.599","95_97","20153258",0.55993916703655,-2.15035021369792,"20161818",-1.44980947126937,-1.20336459298135
"panel_13","2X A550T - Mean: 1.599","95_97","20153258",0.55993916703655,-2.15035021369792,"20161824",-1.4498094712691,-1.20336459298093
"panel_13","2X A550T - Mean: 1.599","95_97","20153258",0.55993916703655,-2.15035021369792,"20161981",-1.44980947126827,-1.20336459298076
"panel_13","2X A550T - Mean: 1.599","95_97","20153258",0.55993916703655,-2.15035021369792,"20162027",-1.44980947126875,-1.20336459298079
"panel_13","2X A550T - Mean: 1.599","95_97","20153258",0.55993916703655,-2.15035021369792,"20162265",-1.44980947126931,-1.20336459298115
"panel_13","2X A550T - Mean: 1.599","95_97","20153258",0.55993916703655,-2.15035021369792,"20162340",-1.44980947126885,-1.20336459298108
"panel_13","2X A550T - Mean: 1.599","95_97","20153258",0.55993916703655,-2.15035021369792,"20162578",-1.44980947126847,-1.2033645929808
"panel_13","2X A550T - Mean: 1.599","95_97","20153258",0.55993916703655,-2.15035021369792,"20162579",-1.44980947126786,-1.20336459298051
"panel_13","2X A550T - Mean: 1.599","95_97","20153258",0.55993916703655,-2.15035021369792,"20162781",-0.609560861752336,-1.6994140150301
"panel_13","2X A550T - Mean: 1.599","95_97","20153258",0.55993916703655,-2.15035021369792,"20162804",-1.4498094712681,-1.20336459298067
"panel_13","2X A550T - Mean: 1.599","95_97","20153258",0.55993916703655,-2.15035021369792,"20162806",-1.4498094712682,-1.20336459298046
"panel_13","2X A550T - Mean: 1.599","95_97","20153258",0.55993916703655,-2.15035021369792,"20162853",-1.44980947126735,-1.20336459298012
"panel_13","2X A550T - Mean: 1.599","95_97","20153258",0.55993916703655,-2.15035021369792,"20163087",-1.44980947126885,-1.20336459298101
"panel_13","2X A550T - Mean: 1.599","95_97","20153258",0.55993916703655,-2.15035021369792,"20163099",-1.4498094712684,-1.20336459298065
"panel_13","2X A550T - Mean: 1.599","95_97","20153258",0.55993916703655,-2.15035021369792,"20163102",-1.4498094712679,-1.20336459298055
"panel_13","2X A550T - Mean: 1.599","95_97","20153258",0.55993916703655,-2.15035021369792,"20163110",-1.44980947126782,-1.20336459298048
"panel_13","2X A550T - Mean: 1.599","95_97","20153258",0.55993916703655,-2.15035021369792,"20163116",-1.44980947126826,-1.2033645929806
"panel_13","2X A550T - Mean: 1.599","95_97","20153258",0.55993916703655,-2.15035021369792,"3850-07",-1.44980947126802,-1.20336459298053
"panel_13","2X A550T - Mean: 1.599","95_97","20153258",0.55993916703655,-2.15035021369792,"5309-05",-1.44980947126823,-1.20336459298061
"panel_13","2X A550T - Mean: 1.599","95_97","20153258",0.55993916703655,-2.15035021369792,"5567-04",-1.44980947126807,-1.20336459298065
"panel_13","2X A550T - Mean: 1.599","95_97","20153258",0.55993916703655,-2.15035021369792,"6779-05",-1.44980947126745,-1.20336459298017
"panel_13","2X A550T - Mean: 1.599","95_97","20153258",0.55993916703655,-2.15035021369792,"9173-04",-1.44980947126716,-1.20336459297995
"panel_14","2X A551G - Mean: 1.132","201_202","2009218367",0.722846632188183,-1.34660353039769,"20156291",0.947707976510879,-1.64078088990646
"panel_14","2X A551G - Mean: 1.132","201_202","2012215821",1.78902905988835,-1.26942027248914,"20156291",0.947707976510879,-1.64078088990646
"panel_14","2X A551G - Mean: 1.132","201_202","20152262",1.11470328060499,-0.716726909094932,"20156291",0.947707976510879,-1.64078088990646
"panel_14","2X A551G - Mean: 1.132","201_202","20152907",1.11470328060504,-0.716726909094575,"20156291",0.947707976510879,-1.64078088990646
"panel_14","2X A551G - Mean: 1.132","201_202","20153142",1.1147032806041,-0.716726909094525,"20156291",0.947707976510879,-1.64078088990646
"panel_14","2X A551G - Mean: 1.132","201_202","20153298",1.11470328060554,-0.716726909093336,"20156291",0.947707976510879,-1.64078088990646
"panel_14","2X A551G - Mean: 1.132","201_202","20153313",0.861844220550418,-0.600163200631941,"20156291",0.947707976510879,-1.64078088990646
"panel_14","2X A551G - Mean: 1.132","201_202","20153458",1.11470328060529,-0.716726909093895,"20156291",0.947707976510879,-1.64078088990646
"panel_14","2X A551G - Mean: 1.132","201_202","20154455",1.11470328060563,-0.716726909091299,"20156291",0.947707976510879,-1.64078088990646
"panel_14","2X A551G - Mean: 1.132","201_202","20154477",-0.0487498312523946,-1.24879944781483,"20156291",0.947707976510879,-1.64078088990646
"panel_14","2X A551G - Mean: 1.132","201_202","20154724",1.11470328060574,-0.716726909090746,"20156291",0.947707976510879,-1.64078088990646
"panel_14","2X A551G - Mean: 1.132","201_202","20154895",-0.609560861753419,-1.69941401503174,"20156291",0.947707976510879,-1.64078088990646
"panel_14","2X A551G - Mean: 1.132","201_202","20155545",1.11470328060583,-0.716726909092331,"20156291",0.947707976510879,-1.64078088990646
"panel_14","2X A551G - Mean: 1.132","201_202","20156075",0.559939167037688,-2.15035021369764,"20156291",0.947707976510879,-1.64078088990646
"panel_14","2X A551G - Mean: 1.132","201_202","20156774",1.11470328060537,-0.716726909092478,"20156291",0.947707976510879,-1.64078088990646
"panel_14","2X A551G - Mean: 1.132","201_202","20160284",0.270666102480186,-1.38477002187394,"20156291",0.947707976510879,-1.64078088990646
"panel_14","2X A551G - Mean: 1.132","201_202","20161351",-0.0487498312531009,-1.24879944781696,"20156291",0.947707976510879,-1.64078088990646
"panel_14","2X A551G - Mean: 1.132","201_202","20161788",-1.44980947126791,-1.20336459298048,"20156291",0.947707976510879,-1.64078088990646
"panel_14","2X A551G - Mean: 1.132","201_202","20162808",1.11470328060577,-0.716726909089799,"20156291",0.947707976510879,-1.64078088990646
"panel_15","2X V572A - Mean: 1.462","51_52","2009206447",7.73962162830377,4.74900003270307,"2012221315",7.19433712497899,3.39211680303586
"panel_15","2X V572A - Mean: 1.462","51_52","2009206447",7.73962162830377,4.74900003270307,"20153268",7.194337124979,3.39211680304137
